text,intent
@sprintcare and how do you propose we do that,general_question
@sprintcare I have sent several private messages and no one is responding as usual,general_question
@sprintcare I did.,general_question
@sprintcare is the worst customer service,complaint
@sprintcare You gonna magically change your connectivity for me and my whole family ? 🤥 💯,technical_support
@sprintcare Since I signed up with you....Since day 1,general_question
"@115714 y’all lie about your “great” connection. 5 bars LTE, still won’t load something. Smh.",complaint
"@115714 whenever I contact customer support, they tell me I have shortcode enabled on my account, but I have never in the 4 years I've tried https://t.co/0G98RtNxPK",account_problem
@Ask_Spectrum Would you like me to email you a copy of one since Spectrum is not updating your training?,general_question
@Ask_Spectrum I received this from your corporate office would you like a copy?,general_question
@Ask_Spectrum The correct way to do it is via an OCS Account Takeover and email Consent Form it does not need to be done in a local office,account_problem
@Ask_Spectrum That is INCORRECT information I have the form in front of me that is faxed over-maybe you need to maintain up to date information,general_question
actually that's a broken link you sent me and incorrect information https://t.co/V4yfrHR8VI,technical_support
"Yo @Ask_Spectrum, your customer service reps are super nice— but imma start trippin if y’all don’t get my service going!",technical_support
My picture on @Ask_Spectrum pretty much every day. Why should I pay $171 per month? https://t.co/U6ptkQa5Ik,payment_issue
"@VerizonSupport I finally got someone that helped me, thanks!",positive_feedback
somebody from @VerizonSupport please help meeeeee 😩😩😩😩 I'm having the worst luck with your customer service,complaint
@VerizonSupport My friend is without internet we need to play videogames together please our skills diminish every moment without internetz,technical_support
@VerizonSupport What else can I provide? They refuse to help me because they cannot validate the account...,account_problem
"@VerizonSupport How? I have my phone number and email, that's it. How did I get equipment and service? I'm literally trying to pay and nobody can find me?",payment_issue
@115722 MD. And this was sent to the wrong address https://t.co/dMQ1WZXJOk,general_question
"@115721 Hello Duke, Do you have a copy of your bill? What state are your services located in?
^NHP",payment_issue
@115722 Nobody can find my account or number. I walked out of a store with this. I've explained that they can find my acct via my devices serial #..,account_problem
"@115721 Are you referring to wireless or residential service?
^JAY",general_question
"@115722 tried to pay a bill for 60 days. No service, rude CS, and several transfers. Look up my equipment # and give me an acct #!",payment_issue
"@VerizonSupport Don’t know, router is downstairs. But it’s just the WiFi Nothing connected to Ethernet",technical_support
@VerizonSupport Just randomly boots me offline there it goes again,general_question
@VerizonSupport Yep,general_question
@VerizonSupport Cuts out every 20 minutes this is ridiculous,complaint
@115722 is the worst ISP I’ve ever had,complaint
".@VerizonSupport @115725 @115726                                                 &gt;All of VERIZON IS DOWN&lt;
When can we expect a fix ?",general_question
@115725 fix your app it won't even open,technical_support
@ChipotleTweets @ChipotleTweets Becky is very nice,general_question
"@ChipotleTweets @28 
I don't fit in my Veggie Burrito costume #Halloween https://t.co/7tJDVpzLWn",general_question
@ChipotleTweets messed up today and didn’t give me my $3 burrito although I was dressed up 😭,general_question
hey @ChipotleTweets wanna come to Mammoth. I'll at least eat there once a week i promise,general_question
"@ChipotleTweets I had excellent service tonight too! Plenty of people on the line, went very fast, everyone was kind!",general_question
When you're the only one in costume #boorito @ChipotleTweets,general_question
@ChipotleTweets no Diet Coke and a literal bone this Boorito was extra spooky! https://t.co/C4oCCtdUct,general_question
"@ChipotleTweets If you get queso or quac on you're bowl, its extra?",general_question
"Happy Halloween! Since I'm too old to trick or treat I now look forward to $3 booritos at @ChipotleTweets 👻 I got mine earlier, did you?",complaint
@ChipotleTweets Thank you @ChipotleTweets for resolving my issue so quickly!! Y’all are the best ☺️ #fanforlife,technical_support
So frustrated with @ChipotleTweets 😡 Ordered dinner on Saturday using their app. Order was wrong AND they charged my credit card twice,complaint
"Btw @ChipotleTweets giving out $3 burritos if you dress up for Halloween 🎃 Call your Chipotle to make sure, they’re doing it @ select ones",general_question
"@ChipotleTweets Tried, didn't work. How rude :/",general_question
@ChipotleTweets can I dress up as myself and still qualify for a BOORITO?,general_question
"Every year, my trick-or-treating routine is walking to Chipotle, spending 3 dollars and walking back home. @ChipotleTweets",general_question
@ChipotleTweets this is nasty. A used napkin in someone's food https://t.co/EkWiD9vhnr,general_question
$3 burritos and I’m nowhere near a @ChipotleTweets 🤦🏾‍♂️,general_question
@ChipotleTweets Also I got the onesie at target. So cozy,general_question
@ChipotleTweets Thanks Becky! Just feeling sorry for myself because my fiancé is driving from D.C. To Mississippi tonight,positive_feedback
Considering walking to @ChipotleTweets in my llama onesie alone happy Halloween 😭,technical_support
@ChipotleTweets name a better halloween duo #speedwaybrick #UTtranscript https://t.co/5ShDRMlC1T,general_question
@AskPlayStation @115743 Can I get help already??,general_question
"@AskPlayStation So, what's the november ps plus free game?",general_question
@AskPlayStation It was when I would go to download it. I just waited a few hours till after I bought it and it downloaded now.,general_question
@AskPlayStation I bought Lego Star Wars in the PlayStation store but it won't let me download it because the data is corrupted..,general_question
@AskPlayStation can i block a community from sending me invites to something i dont want to join,general_question
We had to have a Count Colin 💛 @marksandspencer xx... https://t.co/HVWkevFsKB,general_question
"‘Ere @marksandspencer, never mind avocado 🥑 - How’s about ‘ave a word?
Is it really necessary? 

The pair of ‘em were suffocating. https://t.co/ff2bmOVido",general_question
@marksandspencer Raw meat!!!! It’s does not say unwrapped raw meat!!! Sainsbury’s don’t charge nor do Waitrose so y do you?!,technical_support
@marksandspencer I check with the Gov office and legal. They stated you are not right. But it’s funny how the other stores don’t but you do. No wonder Lidl and the rest are beating you.,general_question
"@marksandspencer ou must charge at least 5p a bag (including VAT) for carrier bags that are all of the following:

unused - it’s new and hasn’t already been used for sold goods to be taken away or delivered
plastic and 70 microns thick or less
it has handles, an opening and isn’t sealed",delivery_issue
"@marksandspencer aren’t require charge 4 a bag:
paper bags
shops in airports, or on board trains, aeroplanes or ships
bags which only contain certain items, such as unwrapped food, raw meat and fish where there is a food safety risk, prescription medicines, uncovered blades, seeds, bulbs &amp; 🌷s",technical_support
@marksandspencer y do they charge you for a meat bag at colliers woods branch. If you buy meat you r required to supply customers a free bag. Poor service.,complaint
Excellent Halloweening @marksandspencer 👌🏼 #countcolin #halloween #food https://t.co/lq1cSooHdj,general_question
"@MicrosoftHelps @XboxSupport Brilliant, thank you!",positive_feedback
"@MicrosoftHelps hi, having trouble making purchases on Xbox one store for fifa points, can you help?",general_question
@MicrosoftHelps I need assistance recovering 2 hotmail accounts. I have  filled the recovery forms but am told am not providing enough info,account_problem
@ATVIAssist @115754 umm someone is streaming WWII with 500+ viewers https://t.co/AhBT7AZZSz,general_question
@ATVIAssist @115755 I'm trying to buy the digital deluxe edition on the ps store but I keep receiving an error message,technical_support
@ATVIAssist Thanks,positive_feedback
@ATVIAssist can you still pre oder ww2 on the playstation store,general_question
@115758 @ATVIAssist Are yous going to update COD Zombies on IOS for IOS 11.,technical_support
@115758 Why was there a half gig update for world at war?,technical_support
@108162 @115761 @ATVIAssist tried that there was people so i came back,general_question
"@ATVIAssist So, when I go get the game on friday my 2xp code will be on the receipt?",general_question
"@ATVIAssist Yes, the beta code",general_question
"@ATVIAssist Yes I have, so my code is on their?",general_question
@ATVIAssist I pre ordered my game at game stop,general_question
@ATVIAssist For double xp^,general_question
@ATVIAssist i pre ordered wwii but how do i get the code?,general_question
@ATVIAssist Seth_tubbs and I am on PS4,general_question
@ATVIAssist I got all of my stats reset on MWR and I don't know why. please help!!!,general_question
"@115754 @115765 @ATVIAssist @115766 

Will non season pass holders get the bobus man Carentan at any point? Or not at all?",general_question
"@AdobeCare Didn't work. Tried it on another computer, fresh install, same thing...",general_question
@AdobeCare sure thing,general_question
@AdobeCare the ctrl+alt+shift on load method didn't work. (2/2),general_question
@AdobeCare Pretty much explained my issue in the quoted tweet... dragging an image onto a canvas no longer center snaps it...,technical_support
Any help here @AdobeCare? https://t.co/x50e57UG4E,general_question
@AdobeCare nope still down.,general_question
@AdobeCare yes ive done that multiple times. its happened on previous versions as well.,technical_support
@AdobeCare ok,general_question
@AdobeCare so..when are they available?,general_question
@AdobeCare ok. its been very frustrating. i have multiple jobs that i need finished and your application isnt helping.,technical_support
@AdobeCare no its still broken. i deleted it and will probably be getting rid of my membership and return when its working properly. thanks,positive_feedback
@AdobeCare ill just wait for the next big update. ive wasted my time and patience with adobe products,technical_support
@AdobeCare yea ive done everything you guys told me to do. i know its not my mac either as i have the retina imac which is fairly new.,general_question
@AdobeCare you guys have been saying that for weeks now. your product went from being great to now unable to work and terrible. very disappointed.,complaint
@115769 whats going on with your app. its totally stuck here for 1 hour and prior to updating froze and didnt work since updating. https://t.co/UpoCzPNqFb,technical_support
"@AmazonHelp ありがとうございます。
今、電話で主人が対応していただいてます。",general_question
"@AmazonHelp 電話で対応してもらいましたが改良されませんでした。
保証期間も過ぎてるので買い直しになるんでしょうね。",general_question
@AmazonHelp こちらこそありがとうございました。,general_question
amazonのfireTVstickが見れない😢,general_question
"@XboxSupport can I change me sons Xbox live account to his Hotmail account, currently linked to my Hotmail account",account_problem
@115769 Did u release an update today for Lightroom Classic CC?,technical_support
"Please tell me why my @115769 has expired, but I’m still being charged????",payment_issue
@115769 are there any plans to add a fast crop mode for the iPad version of LR? It takes too many taps and slows down workflow.,technical_support
"@AdobeCare @115776 It’s intermittent for me. This file fails reliably: https://t.co/6m5a1RQEV9

The “Create subfolder” option just makes an empty “svg” folder",general_question
"@AdobeCare Seems pretty widespread: https://t.co/ImomzTHO5j

Don't mean to be a jerk, but it's frustrating when an update breaks core functionality.",technical_support
So apparently the new version of @115777 @115778 has this cool feature where you can't export SVGs. Sick update guys.,technical_support
@115769 I'm worried as if I update my LR6 standalone programme I could lose it due to the new online version....is this true and if so is this fair!,technical_support
"Whoa! Come along with Lightroom’s own Ben Warde to get the lowdown: https://t.co/f1FGfdJaNk
https://t.co/6fsIV6WLRV",general_question
@115777 your online forum is always broken even when I clear my cookies. https://t.co/dDwRPWnm3t,general_question
"@AdobeCare Here is an example of an export before and after. Export settings are unchanged from default. No, only some files. https://t.co/YbCX6dmddc",general_question
@AdobeCare Solved this via phone support,general_question
"@AdobeCare InDesign 13.0 is exporting all PDFs with blurry links, but links are not missing in INDD file. JPG export is not blurry. Help!",general_question
@AirbnbHelp I've just sent you a message with details. Thanks for your help,positive_feedback
"Quand ton @115783 ne ressemble pas à celui que tu as réservé, &amp; qu'en + d'être sale et en sous-sol, tu te retrouves à 10 dans 1 #logement ! https://t.co/BcEIHe38tq",general_question
@115783 Misrepresentation by host. Asked them to cancel my reservation and refund me over AUD1700 - strict policy. No response. Please help.,refund_request
@XboxSupport They have no info either..,general_question
@XboxSupport Lol so there's no one @115786 who can say when they're going to be shipped...? That's kinda weird,general_question
@XboxSupport @115786 When someone @115786 or @15913 @115787 @115788 knows when the xbox one x ships let us know.  Lol shouldn't b a mystery..,general_question
"@XboxSupport @115786 Kinda need to make sure I have 680$ cdn in my bank, so would be nice to know.. I dun just have cash laying around ya know #RealLifeStruggles",payment_issue
@XboxSupport @115786 Already did they had me call and no one can answer the question.  I'm not trying to be a jerk but it's nuts no one has a answer..,general_question
@XboxSupport @115786 @115787 @15913 Would like to know so I can make sure I have enough money for it...,payment_issue
@XboxSupport @115786 @115787 @15913 can anyone let me know when our pre orders are going to be shipped for xbox one x??,general_question
@115790 @XboxSupport redeemed a code for fifa points this afternoon and still haven't got it. Why is this?,general_question
@XboxSupport This is what's on my screen? Not sure if it's Xbox side or my5 side that's broken? Last time it was my5 as had to call head office about it! https://t.co/jnMIVOlNbS,technical_support
"@1520 @XboxSupport  the 5 app on Xboxes not working error code 200, done a power cycle and still the same? Please fix app",technical_support
amazonプライムビデオ、再生エラーが多いです,general_question
"@115794 @115795 my colleagues @nationalrailenq for more info on how this is affecting services, thanks. 2/2 ^JP",positive_feedback
@115795 @115796 Ah maybe @115793 could help on this one,general_question
"@115794 @115796 Nothing, partner was on a train to Preston had to get a Taxi rest of way as was told no trains into Preston for a few hours",general_question
@115795 @115796 What have you seen?,general_question
Something going on at Preston train station ? @115796,general_question
@AirAsiaSupport Hi! I have DM u my booking # and passport picture thanks so much for quick action,positive_feedback
@AirAsiaSupport thank you very much..,positive_feedback
@AirAsiaSupport Hi! i would like to know on my itenerary on how the birthday can be seen. i would like to double check if i can key in our birthdays right 🙂,general_question
@AirAsiaSupport but i cant see it. i only see itenerary.. no birthday,general_question
@AirAsiaSupport Hi Airasia. i want to rebook my return flight. but when i try rebooking my inbond also is rebooking. please help me. thanks,positive_feedback
@AirAsiaSupport hi!  I have booked my ticket and when i see my itenary has been redundant i call ur customer service to assist but out of line.,general_question
@AirAsiaSupport lost my booking # chua loreen lee flight z2 129.128 12/22-01/8 taipei-manila. __email__,general_question
"Lost your booking number? No worries, just drop me the passenger's name, flight details and email. I'll trace it and email u in no time :)",general_question
"@AirAsiaSupport Hi Yana, followed!",general_question
@AirAsiaSupport Hi Yana I don’t have any DMs from you. Did you mean email?,general_question
@AirAsiaSupport CAS-19708536-CB92N2 CRM:0326600 Please check on this I haven't heard from my case officer in weeks and provided all docs.,general_question
@115801 @115802 @AirAsiaSupport You'll be even happier to know that the restrictions around the volcano area have been lifted. Enjoy staying at home pal! 😂😂😂😂 #unlucky,technical_support
@115802 @AirAsiaSupport Why are you not refunding my trip to Bali for Volcano eruption!!! Urgently refund!!,refund_request
@AirAsiaSupport my surname has been redundant where do i go to correct it?,general_question
@Morrisons My lips are sealed 😋,general_question
"@Morrisons Aahhrrgh! Keep mum, I’m still watching 😄",general_question
"@Morrisons Aww, Sophie deserved winner 👏😄",general_question
Fresh cream palmier @Morrisons bakery Bellshill gets my vote for #star baker 👨‍🍳😘😋💗just catching up on #gbbo17 don’t know who won yet 😄,general_question
"@Morrisons That's pointless as it's every day, all the time. No matter when I go in. I speak 2the management who r as fed up as I am. They've no staff.",general_question
@Morrisons so fed up of this very familiar sight at Houghton Regis. Get more staff &amp; stock the place properly. This is just a small example https://t.co/CummsXx7jc,general_question
"@Morrisons 3 for £6, unless one is reduced (hidden label on the side!) then it’s 3 for £6.14. Don’t care about the 14p but feel ripped off! https://t.co/jG0fTncMDr",general_question
@NikeSupport Thank you nike,positive_feedback
"@NikeSupport I'm new to nike+ run club app,  should i start with guided runs or my couch?",technical_support
@AskAmex I’ve asked your sales rep about the payments and she wasn’t ready to listen to any issues that I had.,technical_support
@AskAmex Sure. Please drop me a message now.,general_question
@AskAmex Amex Platinum and Amex everyday card.,general_question
@AskAmex Nope. They weren’t ready to listen what I wanted to say and if I had any questions about anything else and hung up on me.,general_question
@AskAmex Thought Amex values their customers. But boy you got really bad reps on the customer service.,complaint
@McDonalds Treat!,general_question
@McDonalds Treat me!,general_question
@McDonalds Can I get uhhhhhhhhhh... treat?,general_question
"@115812 I cant Connect my Interactive Broker ( Canada) with yahoo finance App in ios 11, Any suggestions.. ??",technical_support
@AskLyft I have to be at work at 2pm tomorrow. My new phone is being overnighted but it may not be there until then. I have no other ride.,general_question
whats wrong w/ amazon leavin shit outside like ups...🤔,complaint
@115816 that small biz tyrant a dime yo. nice @115817,general_question
"Worth the squeeze: when you’ve got us helping you along the way, owning your own #smallbiz can be quite fruitful! https://t.co/AgBM1TRAcD",general_question
@Delta DM sent,general_question
@DELTA i booked my flight using delta amex card. Checking in now &amp; was being charged for baggage,payment_issue
@McDonalds My granny will be attending @ the McD’s in Heaven!  Would give anything to be able to bring her myself!,general_question
My grandma's laying #Poolside thanks to @McDonalds delicious New #ButtermilkCrispyTenders https://t.co/4sy9hatKTi,positive_feedback
"@AmazonHelp 3 different people have given 3 different answers and I still don't have my order. Says delivered Saturday, was not, I was home all day",delivery_issue
"@AmazonHelp I frankly don't have the patience for another chat with your ""customer service"" people today.",general_question
Way to drop the ball on customer service @115821 so pissed right now!,general_question
@115823 I want my amazon payments account CLOSED.  dm me please.,payment_issue
"@AmazonHelp Okay, danke für die Info",general_question
"@115825 also, beim Addams Family-Film in Prime sind Bild und Ton nicht wirklich synchron. Wie kommt's?",technical_support
@AmazonHelp @115826 Yeah this is crazy we’re less than a week away and still no Shipping Information on something that we Pre-ordered back in August,delivery_issue
@115828 How about you guys figure out my Xbox One X project Scorpio edition first. No expected delivery or shipping date and it’s only a week away,delivery_issue
PLAYERUNKNOWN'S BATTLEGROUNDS is now available for preorder on Xbox One consoles - https://t.co/bqLHcBDqAb https://t.co/muLIqeHq0o,general_question
"@115830 my package was ‘accidentally’ opened.. 4 items missing worth £97.
You need better delivery drivers!! https://t.co/f6SaVBSMqM",delivery_issue
@115821 @AmazonHelp why is my order at my local courier for the last 6 days and still hasn’t been delivered to me?? Over 1 week late 😡,delivery_issue
"Thanks for the style advice, @115833 look ...I think? #Halloween2017 #flamingo https://t.co/XvI54La043",positive_feedback
@AmazonHelp Hi ready for some help,general_question
@AmazonHelp Is the Echo Show no longer supported?,general_question
@AmazonHelp Nothing there helped me with the Echo Show,positive_feedback
"Bought an @115821 Echo Show and it won’t recognize a single @AmazonHelp account in our household. WTF, guys?",complaint
@AmazonHelp That page is useless - doesn’t allow me to state it hasn’t been delivered; only tells me it has! How can you sort this out?,complaint
.@AmazonHelp Item has not been delivered but tracking says it was handed to me over an hour ago... 2nd time this has happened. Sort it out https://t.co/42W82GcARk,delivery_issue
"In response to your @115830 packing video, this packaging was for a 2ft washing line pole @115837 https://t.co/X21SQHgC0K",general_question
"@AmazonHelp I don't want a form to fill out that logs a response no one reads. I want to prevent AMZL from touching my stuff. Possible, or no?",general_question
@AmazonHelp Already started the return. UPS gets it from my doorstep tomorrow. Order 111-5014070-4118645,general_question
@AmazonHelp Is it possible to prevent AMZL from delivering my packages moving forward? Stuff is either lost/stolen/broken EVERY time.,delivery_issue
"@AmazonHelp Already handled, just venting. It was a pretty big bummer.",general_question
"@115821, it’d be nice if the book I waited 4 months for wasn’t damaged inside of an undented box. #twinpeaks #twin… https://t.co/Lac4K7iQzJ https://t.co/JroqJKrH9Q",general_question
@115841 @115821 Feliz #Halloween2017 https://t.co/edHbRDnM8x,general_question
CONCURSO 👻🎃:Tarjetas regalo en @115821 por tu foto en la cama disfrazado y #ColchonMorfeoHalloween en los post promo:https://t.co/xAsY6KwLZa https://t.co/7yOZvlwBwN,general_question
"@AmazonHelp delivery I paid for today,didn’t arrive.why not?i paid enough for it.where is it??I’m unhappy.refund the delivery charge",refund_request
@AmazonHelp Aww your reply made her night!,general_question
"Anna Inspired in idea lab at school to be @115821 package being shipped to Narnia! ""Amazon can go anywhere"" according to Anna. https://t.co/TyvKhuu7su",delivery_issue
@AmazonHelp I just said it's been sorted! I've been refunded! I'm just not impressed with the service any more.,refund_request
@115845 They sent the feckin' order to Germany! Some dozy driver is looking for an address in the wrong country! I'm so done with Amazon!,delivery_issue
@115844 WHAT IN THE WORLD?!,general_question
"I'm NEVER using Amazon again! After waiting in all day as item is ""out for delivery"", they've only gone and sent it to the WRONG COUNTRY!",delivery_issue
@115847 @115821 Yeah idk the shipping company and it says “mike Ziemer” signed for it in the mail room at our building lol,delivery_issue
@115846 @115821 Remember my head phones and they brought them within minutes,general_question
My package from @115821 with my Halloween costume was “delivered” Friday but I don’t have I so searching everywhere for a last minute idea.,delivery_issue
@115821  https://t.co/Gb0beuA3IN,general_question
How @115821 packages china https://t.co/fO9vbus18E,delivery_issue
@AmazonHelp Details sent. Please check.,general_question
@AmazonHelp Already contacted 3-4 times in the last month. But all I got was assurance that matter is escalated &amp; new status will be provided in 1 day!,delivery_issue
@115850 @115821 @AmazonHelp @115851 Order# 3632693-6196346. You couldn't deliver EVEN AFTER A MONTH. You should be ashamed of yourself.,complaint
@AmazonHelp since when you stop giving 20% off videogame pre-orders (amazon prime members) im confused? why?,general_question
Just pulled another #Amazon delivery out of the bushes since the #amzl people can’t walk the extra 2 ft to my door. So tired of this.,delivery_issue
@AppleSupport The newest update. I️ made sure to download it yesterday.,technical_support
@AppleSupport  https://t.co/NV0yucs0lB,technical_support
@AppleSupport why are my I️’s changing not showing up correctly on any of my social media platforms? https://t.co/GyRvpyVnkE,technical_support
@AppleSupport Tried resetting my settings .. restarting my phone .. all that,technical_support
@AppleSupport This is what it looks like https://t.co/XCQU2l4xUB,technical_support
@AppleSupport I️ have an iPhone 7 Plus and yes I️ do,technical_support
@AppleSupport I️ need answers because it’s annoying 🙃,complaint
Why are my I’s question marks ?,general_question
What is up with this “ I️ “,general_question
@AppleSupport Just sent you all my DM,technical_support
"Hey @AppleSupport and anyone else who upgraded to ios11.1, are y’all having issues with capital “I️” in the Mail app? As it puts in “A”?",technical_support
@AppleSupport This is what is happening... https://t.co/X3SZSJXfAT,technical_support
Tf is wrong with my keyboard @115858,general_question
@AppleSupport are the call centres closed for the night?,technical_support
@115858 @AppleSupport hello are all the lines closed for tonight #help,technical_support
@115861 @115862 @AppleSupport I️ upgraded. I️t didn’t work.,technical_support
@115862 @AppleSupport I will!,technical_support
@AppleSupport @115861 We’re going to need you to share the answers Angela. I️ can’t stand this!,technical_support
"Hello, internet. Can someone explain why this symbol keeps appearing on my phone and when I️ try to type the letter I️? Also @AppleSupport https://t.co/QKwvTLtiN7",technical_support
@AppleSupport I’ve got a screenshot saying my #iPhoneX is reserved for the 3rd then an email saying it’s the 18th... what happened?,technical_support
@AppleSupport I have the iPhone 6s Plus and just did the most recent update.,technical_support
Thank you @AppleSupport I updated my phone and now it is even slower and barely works. Thank you for ruining my phone.😤,technical_support
@AppleSupport iOS 11.0.3,technical_support
@AppleSupport Okey. Thank you! 🤗,technical_support
@AppleSupport iPhone 7 Plus 😊,technical_support
@AppleSupport I need the software update urgently. The battery lasts literally half a day 🙍🏼🙁@AppleSupport,technical_support
Hola @AppleSupport necesito urgente la actualización de software. La batería me dura literal medio día 🙍🏼🙇🏼‍♀️,technical_support
@AppleSupport Hi! What is going on? Has Youtube lost it? What can be done about it? Thanks for the support! https://t.co/T8ZZp4IH6t,technical_support
@AppleSupport ? hello,technical_support
"@AppleSupport my Apple TV works fine with my phone, but when playing videos on Mac air it stutters so much &amp; sound is still on Mac not tv?",technical_support
"@AppleSupport Yes it did, 11.0.3",technical_support
MY HOME BUTTON DOESN’T WORK #IOS11 @AppleSupport,technical_support
Hey @115858! Last time I downloaded an update my freaking phone gave me hell. Any recommendations?,technical_support
@AppleSupport I can not find an option to get it there. It was just always there when playing.,technical_support
@AppleSupport The app is still there. But no longer able to control it from the lockscreen.,technical_support
After update #ios1103 no spotify on my lock screen?@AppleSupport,technical_support
I just need @115858 to do something about the battery life because it sucks ass,complaint
@Uber_Support Already did that was told we requested to dropped off somewhere different which is completely false.,general_question
@115873 you need to correct false charges from a trip in Lexington KY on Saturday. I want my $13 back #lyingdriver #theft,delivery_issue
@115873 my driver just drove me to the department of air travel instead of the airport.......... rufkm,delivery_issue
@Uber_Support I’m not getting your texts. https://t.co/GhefNjQTfg,general_question
@115877 got this threw my door today went to order... sorry we don't deliver to your area! What!!! Why did I get this then! https://t.co/BGzU59vYJS,general_question
@Uber_Support @115879 wouldn't do this to me 😔,general_question
@Uber_Support Why is there no phone number ?? I'm literally stranded and now I have to wait for an automated reply this is ridiculous,complaint
Literally stranded because of @115873 and because there is no support phone number I have to wait from a message from @Uber_Support Smh 🤦🏾‍♂️,general_question
"1 hour+ inside an old Altima that smells and has ripped stain seats, with an inexperienced miami driver @115873 standards down now 4 applying!",delivery_issue
"@Tesco Tall lady 6ft, slim, was on the till about 15:10, think she had blonde hair. She served the guy after knowing he didn’t queue up like others",general_question
@Tesco 3/3 on the wrong which I really don’t appreciate. This needs to be investigate and I was simply queuing to pay and the guy pushed in😡,technical_support
@Delta I checked daily and flight 1403 was never offered as an option as I most certainly would have made the adjust on my trip.,general_question
"@Delta why wasn't earlier flight offered when I tried to rebook, not cool at all. Just happened to look at moniter after deplaning.",complaint
@Delta Via DM?,general_question
@Delta Just DM'd you with a screenshot and explanation.  😊,technical_support
@Delta It seems this technical issue still hasn't Ben fixed.   Can you look into it again?  🙆🏼‍♂️,technical_support
"@Delta The ""change flight"" search option on your website is broken once again.  😑",general_question
.@delta this has been my inflight studio experience today. Nothing works except Twitter #toobadforyouandme https://t.co/VLo4ufL73y,complaint
@Delta Is that not what I’ve done already?,general_question
@Delta Can you reply on the DM thread?,general_question
@Delta I did this some time ago now but haven’t heard from you...,general_question
"@Delta Actually, I just looked again and they disagree and say it's on you. Any idea what I should do? https://t.co/twIogKd3Kx",general_question
@Delta Hi - and thanks. Think I just figured this out. Would it be you’re not running the MEX-MID flight so I need to check in via AeroMexico?,positive_feedback
"@Delta I'm flying JFK-MEX-MID tomorrow and you say I'm booked in, but it looks like it's just the first leg. Can you check, please?",general_question
@Delta #Again #nothing #bs #no #answers,general_question
@Delta Same again! #equipment #change #no #guaranteed #seats #apologies I’ll DM you if you can give me a #real #answer and no #standard #bs #answers,general_question
"@Delta OK it was not a full flight, #equipment change had nothing to do with comfort class, no #disabilities (and a handling agent telling #customer #care would take care of us) So please non of these as an excuse! I’ll retwitter your reply! Thanks",positive_feedback
"@Delta Obviously you didn't read what already was said before, you do give exactly the same bs answers. I know there is no guarantee but I like to know why they moved us. I know, because a #Delta employee was sitting in my seat and you can't say that 😡😡😡",general_question
@Delta Is this a #computer #answering my tweets? 😂😂😂 #unbelievable!!!!! same #stupid #answers!!,complaint
@Delta Even #worse 😜,general_question
@Delta 0062395415777,general_question
@delta #delta moves you to #dm the moment you have a #complaint with no results. Just got some #bs #answers but no real reason why they changed our #seating!,general_question
@SpotifyCares doesn’t work and i even tried deleting the app,technical_support
@SpotifyCares Premium &amp; when i️ have it on shuffle it turns off when the song is done and just plays in order and the repeat lights up but doesn’t repeat,general_question
@SpotifyCares iphone 7+ and i have the most recent update for spotify,technical_support
i’m pissed my @115888 shuffle and repeat button just don’t fucking work and i’m getting frustrated,complaint
"@SpotifyCares Yes, multiple times. No changes. I am Premium User an when @115890  send us users to Spotify there should be a bugfree running App 🤨",technical_support
@SpotifyCares 2/2... and there is no way to manage Albums (recently added e.g.) in the App. It's a mess 😲 https://t.co/RlWuqllt8S,technical_support
@SpotifyCares @115890 Groove Music quits &amp; redirect to Spotify. But the W10M App is a bugfest.. Any further Updates possible?,technical_support
@SpotifyCares ok thx,general_question
is there a way to find non-explicit songs that are explicit @SpotifyCares,general_question
"@British_Airways Sure, how much would an upgrade cost, out of curiosity?",technical_support
"@British_Airways Or, more importantly, are there earlier flights than the itinerary I was rebooked on? That's my preference.",complaint
"@British_Airways This itinerary is preferred--I was unable to view other options in the ""Manage my Booking"" link included in the original cancelation email. https://t.co/kfddWeSW49",general_question
@British_Airways I assume that being Sapphire does not matter? I'll have to find a way from IAD to BWI upon landing... Because that's where my car is parked.,technical_support
"Hi @British_Airways! My flight from MAN--LHR--BWI for Nov. 3 was canceled. I was excited to try your Club 787 product. Only available flight is now to IAD which is a hassle, but rebooked anyway--my only option! Any availability in first class on BA293 for the troubles please?",general_question
"@British_Airways You have all my info.  Check with Sanket Thakur.  Supposedly, he/she is a ""customer service"" rep.  Reference number is 16934380.",general_question
"@British_Airways  will you ever address my complaint/claim?  Or, do you just ignore it until the 2 yrs are up?",general_question
"@British_Airways Booking ref MP79V2 and QMAS91 second one is my son's, have sent all info in being told I'm not entitled to anything?",general_question
@British_Airways Will you pay me my hotel and good bill for cancelling my flight home,payment_issue
@British_Airways can I just confirm the email that would send passport details to change a name on a ticket is __email__?,general_question
"@British_Airways https://t.co/NM3ZczuH2W here's the news article in case you guys need it. If you have any updates in the future, do share. Thanks.",technical_support
"@British_Airways runway is under maintenance at Delhi from 7 nov. flights have been cancelled. Wanted to know status of BA0257, lhr-del 7nov",general_question
@British_Airways It's been 24 hours now. Could you please assist? Thanks. My email address is __email__,positive_feedback
"@British_Airways Not yet, but I thought it was strange that I received a confirmation email for one of the flights, but not the other. Thanks.",positive_feedback
"@British_Airways Amsterdam to London on 28/11/17
London to Athens on 30/11/17 - have received confirmation for this

Contact: +49 1708733216",general_question
@British_Airways Full name: David Simons,general_question
"@British_Airways Any update, Sophie? Thanks.",technical_support
"@British_Airways I made two bookings, but only received a confirmation email for one of the flights. Little help?",general_question
@comcastcares ✔,general_question
.@comcastcares tired of getting charged for equipment that was returned months ago. Please stop it.,payment_issue
@comcastcares Sent and thank you,positive_feedback
@115900 hi I got some odd text alert from you I don't have your service why would I get alerts,general_question
@comcastcares Phoenix Suns are on auto record. NBA Team Channel 752 trying to record tonight. I only want regular broadcast games recorded like TiVo does.,general_question
"@comcastcares Thanks for your reply but that's why I said Update your Software. If  @115902 knows not to record on an unavailable channel, it's software.",technical_support
Why does @115900 record programs on my DVR from channels I don't subscribe to? Blank recordings. I don't have NBA LP! #UpgradeYourSoftware! https://t.co/0ir2a2rSt1,general_question
wow when you want to watch the world series and @115900  decides to have an outage!!!!,general_question
@AmericanAir Erica on the lax team is amazing give her a raise ty,general_question
@AmericanAir Could you have someone on your lax team available to guide me to my gate ASAP,general_question
@AmericanAir have a flight at 330pm (45mins) I’m almost to Lax. I’m legally blind and didn’t know where to let you know I need assistance.,general_question
Ben Tennyson and an American Airlines pilot. 🎃 #trunkortreat #halloween #2017 #diycostume #parenting @americanair … https://t.co/f1nNHQ0iLa https://t.co/lDViDkRdB1,general_question
"@AmericanAir Right, but I earned those. I also shouldn’t have to pay to pass them to my own spouse. You need to change your program.",payment_issue
"I’m sorry, what? It’s going to COST me $50 to transfer 4,000 AA Advantage points to my spouse? @AmericanAir this is ridiculous!!",complaint
Heading to London tonight will be there for 5 days doing some exciting stuff:) @AmericanAir get the drinks ready I coming aboard:) JB,general_question
Check out these tiny trick-or-treaters all dressed up in our #NICU. Hey @AmericanAir! We have your youngest #pilot in training! #Halloween https://t.co/0C3aXJhiAg,general_question
"Thank you, @AmericanAir for playing #ThisIsUs and for having great flight attendants on my flight back home!",positive_feedback
@115911 Sweet! I’m still paying on my 7plus but I have a jump. Any way to find out what to do in my situation and how much money I need to put down?,payment_issue
@115910 No sir! You can still preorder at https://t.co/E7pnnCVItW *JoanO,general_question
@115911 Are pre orders done for the X?,general_question
@115910 Go for it Trevor *ErikS,general_question
@115911 I have a question.,general_question
"Be ready for your next iPhone. Join our iPhone upgrade program for free!
 https://t.co/ELb8YQspF6",general_question
"@115913 @115911 By 'upfront' I hope you don't mean 'upfront fees""!  DM sent!",general_question
@115913 @115911 just called in to switch from AT&amp;T. They wanted $75 to switch 3 phones! I said no way! Inconsistent messaging - shame!,complaint
@TMobileHelp trying to redeem a free tuesday code and its not letting me telling me theres an error can i get help with this?,technical_support
T-Mobile So Bs My Internet Stop Working For 3 Hours https://t.co/YISXwAHace,technical_support
No. That opportunity has passed. Bad customer experience @115911 &amp; @343   Not going back ever again. #FAIL https://t.co/05pINkDFGd,complaint
@TMobileHelp  https://t.co/tznFggbx3Y,general_question
@TMobileHelp @115918 OK maybe my problem too let me try that resizing.,technical_support
@TMobileHelp Got it. One of them resized to 4x4. So instead of alerting me it just wouldn't take the coupon code. I resized it and it worked. Thanks.,positive_feedback
@TMobileHelp @1247 The @10568 code is not working when applied at checkout. Can you please look into this? https://t.co/SJvM7AW24t,complaint
@VirginTrains so i wait almost 3 hours and then they are rude and arrogant &amp; unhelpful after which she is raising a technical case https://t.co/yi9oxFMatO,technical_support
@VirginTrains thanks!,positive_feedback
"@VirginTrains hi! i need some help with a booking i need to change, and made a mistake on. who can i contact?",general_question
"Gotta luv @VirginTrains finally get 2 call cntr, they tried to charge me £176 for a ticket which can b purchased for £88 online https://t.co/I7rkohYqaI",general_question
"@VirginTrains Thanks, see it now. Real shame about how poor the new App is though.",complaint
@VirginTrains Hi- does the new app have an option to buy an open return?,technical_support
@VirginTrains Thanks,positive_feedback
@VirginTrains My daughter is on the Euston train stuck just outside Preston. Any timeframes for arrival?,technical_support
"@VirginTrains What are your targets for next season? I see your prices go up, so I assume you've set performance targets reflective of that.",general_question
"@VirginTrains Oh, that's nice. What are you doing about it? What are you targets next year?",general_question
"@VirginTrains Always some supposedly acceptable reason, yes I get that, but when one uses the trains every week and spends a lot of money, for it to be late regularly is just not acceptable.",delivery_issue
@VirginTrains The 06:20 from Euston. Now I'm here waiting on the 19:00 from B'ham int. Also late.,delivery_issue
"@VirginTrains For at least the third time this year, I will miss the meeting I especially took the train for in the first place. So often late. No refund because it ""doesn't qualify"". Next season = car.",refund_request
"@VirginTrains Thanks, we are an hour away so fingers crossed!!",positive_feedback
@VirginTrains We are enroute to Preston Now from Euston. Will we have to wait it out?,general_question
I really hadthe WORST experience ever from start to finish with @SouthwestAir  will never fly internationally again with them,complaint
Celebrated Halloween on a @southwestair flight with my pumpkin spice @15890 and a delicious (free) @115927 O… https://t.co/GGPGaaFVq2 https://t.co/gnCxPEsaEv,general_question
Thanks to the wonderful @SouthwestAir crews of flights 1732 &amp; 560 for getting us from Sacramento to KC safe and sound! #YouRock,positive_feedback
@SouthwestAir Its working again,general_question
@SouthwestAir consider this your 1st reported error,technical_support
@SouthwestAir is down on the my account page 😑😑,account_problem
@AskeBay sure will do. Getting refunded by the sellers in the meantime.,refund_request
"Change your @115931 password and turn on two-step verification or else you, too, may receive a paypal receipt for a van reversing camera with a random delivery address in Walthamstow.",delivery_issue
Best part of my Halloween? Free drinks on all my @SouthwestAir flights for the holiday👻It’s spooktacular.,positive_feedback
"@SouthwestAir Me to! I'm super excited, get to try this entire trip all over again, and at least this time I know I'll have the best time due to y'all ☺️",positive_feedback
"@SouthwestAir You'll be seeing me at the end of this month for the concert I missed my flight for because of American Airlines, thank you again guys 💕",positive_feedback
"@SouthwestAir You guys are amazing, seriously thank you from the bottom of my heart!",positive_feedback
"@SouthwestAir You guys helped me so much trying to get me on a flight that was not even through yours, amazing company, amazing people, thank you so much💕",positive_feedback
@SouthwestAir helped me out to try to get through to my flight when my @AmericanAir didn't and my flight was with AA. Wow. Loss for words,positive_feedback
"@SouthwestAir yup all 400 errors, even turned off my ad blocker",technical_support
@SouthwestAir Why would we be receiving errors when we try to check-in? Our flight takes off at 4 but we keep getting error messages...,technical_support
"I’d fly @SouthwestAir any day of the year, but they make #Halloween really fun to travel on 🎃💀👻",general_question
EVERYTIME i sell something on @115937 @AskeBay the bid comes back as fraudulent and i have to repost.  7 days wasted.  I’m done.  Ugh.,general_question
"@AskeBay The item has been marked as delivered, and the system would not let me contact ebay customer service directly. It was not sellers fault, it was mismanaged somewhere between shipment and delivery. Still file a claim?",delivery_issue
@AskeBay Need to contact customer service directly. Please DM contact email for customer service,general_question
"@AskeBay Ok, thank you for your help, I'll do that.",positive_feedback
"@AskeBay I have further questions about my eBay transaction- I DM'ed to explain, thanks",positive_feedback
@AskeBay Thanks!!,positive_feedback
@AskeBay Need further assistance about situation- I DMed the recap and update. Thanks in advance!,technical_support
"@AskeBay need assistance. Bought item, due to be delivered Saturday. Never received item, despite being marked as delivered. No response from seller, delivery services cannot assist with lost/missing package. Please advise.",delivery_issue
@hulu_support Getting to the lists of episodes.  It’s not difficult.  Just way more annoying.  Plus you can’t see as many choices on screen at once.,complaint
@hulu_support Thanks,positive_feedback
@hulu_support   @115940 my wife and I hate the new  interface.    Enjoy the content but getting their is a horrible experience,complaint
@hulu_support Hi! Someone changed my password (hacked). Asked reset link x 3 over an hour ago - no email. Not in junk. What can I do?,account_problem
"@hulu_support @115942 I think we understand HOW it works, it's just frustrating that it USED to be much more user-friendly before this update.",technical_support
@115943 @hulu_support Yep. This,general_question
@hulu_support It’s not intuitive. Takes me too long to find the episode I want instead of the episode presented to me.,general_question
@115944 @115940 Yep. Challenging. Frustrating. Things you don’t need when you’re just trying to watch Bob’s Burgers.,general_question
@115942 @115940 It's....very challenging.,general_question
I feel it’s important to remind @115940 that its new interface has made watching what you want to watch nearly impossible. Zero stars.,general_question
@hulu_support Sounds like generic #yourenotgonnafixit replh,general_question
Love @115940 but lost home internet&amp; just learned can’t Mirror Hulu on iPad hdmi adapter. Wanted to get Hulu live. Guess I’ll have to cancel all of Hulu &amp; look at @115946 or something like that 😢 why #Hulu why???,technical_support
@115940 What if you do like @115948 and @115888 and have a student discount,general_question
@115940 i am a college student why can’t i still use my Mom’s/family account while I’m away at college,account_problem
@GWRHelp Do u expect people to travel with a compass???,general_question
@GWRHelp boarding the 22:45 from pad to swindon. Where in reading do I have to go for the bus?dont usually find staff to help!!!,general_question
@sprintcare If it was concerning I wouldn’t have to be tweeting you so much over the last few years,general_question
@sprintcare Well if you could fix your fucking potato towers out here in Albuquerque that would be a start. https://t.co/qyDs2dbgQI,general_question
@sprintcare Just fix it,general_question
@115714 fuck you fix my connection,technical_support
@sprintcare I've sent several private messages!!! and no one responds!,general_question
@sprintcare I sent it twice now to apparently noone!,technical_support
@115714 @sprintcare how can I get in touch with someone that matters at Spring Corporate,general_question
@115913 I'm a #TMobile customer getting the runaround from @115714 to unlock ported phones. Now my kids don't have phones 2nite. Help!,account_problem
"@115714 After those 12 months, if you decided to upgrade what happens to the remaining 6 months if you’re on a 18 mo Flex lease like me?",technical_support
"Save big our best-selling phones, &amp; get FREE Upgrades to any phone after 12 consecutive on-time payments https://t.co/yvX1tLnLlZ",payment_issue
@115714 you wanna actually turn on your internet towers to work or nah?,technical_support
@115955 I need you idiots to stop sending me to collections. YOU owed ME money. I owe you nothing. Get your shit together.,complaint
"@Ask_Spectrum You don’t follow me so I can’t never mind we’ll call but gotta say @11 was great, jury still out on @12",positive_feedback
@Ask_Spectrum Will be happy to discuss my problem in DM but not thru link you sent,technical_support
"@Ask_Spectrum having trouble with a cable box, can you help?",general_question
I’ll do it LIVE so there is no confusion. Paul Garrison 850.266.3576 https://t.co/5GI1Wh765p,general_question
@sainsburys what are you doing to reduce the use of single use plastic in the product lines you carry? #reducewaste,general_question
don’t forget to cop your $3 @Chipotletweets burrito today ✨ https://t.co/Yho0pkQhbI,general_question
Thanks @ChipotleTweets for the $3 burrito bowl! #halloweentreats https://t.co/wjIdjvNvti,positive_feedback
@ChipotleTweets nope just laziness.,general_question
@ChipotleTweets I didn't know my boy ordered half a bowl... #WheresTheRice? https://t.co/Qmqiy3nYIg,general_question
"@ChipotleTweets We got two burritos, chips and queso. 👍🏼",general_question
Getting that 3 buck burrito from @ChipotleTweets is becoming a tradition on Halloween #thebest,positive_feedback
Shoutout to @ChipotleTweets for doing the $3 deal. 🙏🏼,general_question
nothing but the most respect for @ChipotleTweets and this $3 BOOrito,general_question
🎃Thanks @ChipotleTweets for my $3 burrito bowl 👻 tonight! https://t.co/gHVOXof7SG,positive_feedback
"@ChipotleTweets cant order online, says ""cannot connect to chipotle supercomputer."" on the app.",technical_support
Going to @ChipotleTweets expecting a $3 boorito w/o wearing a costume is like going trick or treating w/o a costume &amp; expecting candy. #no,general_question
Halloween isn’t complete unless you get your @ChipotleTweets bowl with guacamole for $3 for wearing a costume! #buzzlightyear #halloween,general_question
Wore my @79588 hoodie to @ChipotleTweets w/whole family in costume &amp; it scored me my boo-rito bowl for $3 😄🎃 #ScientistForHalloween https://t.co/lqBOtbjAmL,general_question
"@ChipotleTweets I'm not frustrated, just sad. But thanks for the compassion.",complaint
Hey @ChipotleTweets why don't you have chorizo anymore it was the best thing on the menu,positive_feedback
Oh what a Happy Halloween it is 🙌🏼 @ChipotleTweets https://t.co/UvC4oAnUwE,technical_support
Boorito!!! One of my favorite Halloween traditions. ❤️👻✨🥑🌽🥗 @ChipotleTweets https://t.co/rLKJ3uvw7c,general_question
i just spent $3.00 even on a boorito from @ChipotleTweets 😍,general_question
"My favorite holiday... $3 booritos at Chipotyay! @chipotletweets 🎃🌯👻
#chipchiphooray #chipotyay… https://t.co/MC6QVqAt1z",general_question
I guess my soccer player costume wasn't good enough for a $3 burrito @ChipotleTweets,general_question
.@ChipotleTweets app doesn’t work anymore in the 6ix. Lame.,technical_support
@ChipotleTweets aye can i do double meat for my boorito and still only pay $3?,payment_issue
@ChipotleTweets Woohoo! I'm gonna be first in line. 😄,general_question
@ChipotleTweets Hey! Did things go to plan? Just checking if your W. Broadway location in Vancouver is open today...,general_question
Hey @ChipotleTweets! Any word on when your 532 W. Broadway location in Vancouver will open? Can't wait any more!! #YVRfood #lunchtime,general_question
"@ChipotleTweets No costume, Becky. No one wanted to be Shrek with me. Tis a sad, sad Tuesday☹️",general_question
I think this is the first time since its birth that I haven’t gone to @ChipotleTweets on Halloween for my annual boorito 😞,general_question
When you go to @ChipotleTweets dressed as a soccer player and don't get 3$ burritos,general_question
@ChipotleTweets Pray for me Becky,general_question
It's Halloween and my total at @ChipotleTweets was $6.66.....,general_question
I think my family hates me! They made me get @ChipotleTweets on Halloween! #3dollarburrito,complaint
@ChipotleTweets it was becky it was.,general_question
i just walked into @ChipotleTweets wearing my mermaid man costume to get a $3 burrito &amp; I’ve never felt more alive,general_question
If you don't pull out that old costume and get a $3 burrito from @ChipotleTweets you are crazy.,general_question
Looking to get a @ChipotleTweets burrito for $3 🌯💀 https://t.co/6xGry0hKUC,general_question
A burrito bowl from @ChipotleTweets for just $3...heck yes!! From now till close go in w/ your Halloween costume and get the deal. #12News https://t.co/3LgsDiLruM,general_question
"@ChipotleTweets Thanks, Becky! We were able to go back to Chipotle at 4pm and got our BOOritos.",positive_feedback
@ChipotleTweets Just got ghosted by Chipotle :( Went in at 3pm and was told we had to wait another hour for #BOOritos! UnBOOlievable.,complaint
"@ChipotleTweets is extra meat, guac, and queso included in the boorito?",general_question
@VerizonSupport no! it just says amount due $27.04,general_question
@VerizonSupport All outstanding dues before 20th sept has been paid off,payment_issue
Why am I still receiving a bill for oct when I disconnected by account on sept 20th? pls advise &amp; reverse the charges. @115722,payment_issue
"@VerizonSupport ever since I upgraded to Ulimited Data, my LTE speeds are TERRIBLE 😡 Is there a fix?!",complaint
@verizonsupport why tf does my internet keep going down this is bullshit,complaint
@115993 @AskPayPal “If I don’t provide the required information by 15 Feb 1970” https://t.co/zTVGb15FH6,payment_issue
THANK YOU!!! @ASKPAYPAL YOU ARE A REAL MVP!!!,payment_issue
@115996 can you please help me recovering my hard earned money i lost in a cyber crime on @115993 . PayPal case ID is PP-006-234-348-863,payment_issue
"@AskPayPal Hello, I'd like to add tracking info to my invoice but the ""Add tracking info"" link always lead to blank page. Please help.",delivery_issue
@115993 are you kidding me with this customer service! It’s terrible.,complaint
"@AskPayPal I set up a paypal account before i was 18. Fair play, my bad. Was wondering if i could shut down the account so i can restart it now im 18?",complaint
@AskPayPal I am 18,payment_issue
@AskPayPal i have a serious problem i need help with.,technical_support
@AskPayPal Been locked out of my account for 2 hrs. 2 different agents have “reset my account for me” &amp; still no dice as soon as they get off phone,payment_issue
"Good morning, a @AskPayPal customer service rep just made me cry.",payment_issue
@AskPlayStation can you dm me I have a question,general_question
@AskPlayStation It’s ok I fixed it thanks,positive_feedback
@AskPlayStation but out of the games the buttons work solutions?,general_question
@AskPlayStation My PS4 lets me load up games but then I can’t do anything in them eg Fortnite can’t press X to continue,general_question
"@AskPlayStation compre una tarjeta de 50$, la metí y no se me acreditaron los 50$, me sale que revise los términos. ¿Que hago?",general_question
Yo my PS4 has been turning on by itself recently and constantly ejecting the game disc that's in. What the heck is going on? @AskPlayStation,general_question
@AskPlayStation My account is telling me to reset my password but i dont know my date of birth but i know my password for the account. help,account_problem
"@AskPlayStation my psn id quochuy046, can you help me? Or can I email someone a try for help? live chat on web block me? wtf?",complaint
"@AskPlayStation I have followed your instructions, but not, my ps4 has set up automatic download, and find in library there is no diablo 3 nercromancer",general_question
"@AskPlayStation  i have bought dlc diablo 3 necromancer and hav phys disc D3 ROS but when i click necromaner pack on game , dont download https://t.co/JDdn50e0wo",general_question
"@AskPlayStation Less a billing issue (I updated the exp date in acct), more ps+ wasn't able to renew. How do i make sure it stays current/not lose anything?",technical_support
"@AskPlayStation not sure why my CC in my acct had an incorrect date, but my renewal for ps+ failed. How can I correct this?",general_question
@AskPlayStation please help,general_question
@AskPlayStation hi I accidentally bought a psp game on the PlayStation store thinking it was for ps3. I don’t have a psp. can I return it?,general_question
I preordered the standard edition of cod ww2. Can I change it to deluxe edition somehow @AskPlayStation,general_question
@AskPlayStation someone got to my account and changed the email,account_problem
@HPSupport [Laserjet Pro M102w will not print. Drivers install and windows finds printer but I get an error] #hpcswus #hpprnt,delivery_issue
@HPSupport Im sending my notebook in for hard drive replacement. Is it alright if I format the drive to factory defaul first? #hpcswus #hppc,general_question
@HPSupport I would like to speak to a technician #hpsa #hpprnt,general_question
"@ChaseSupport Sounds good, thanks!",positive_feedback
Hi @ChaseSupport do I have to go through the Chase Online Ultimate Rewards webpage to get the extra cash back when I shop?,general_question
"I've had some ups and downs from banking with Chase, but lately they've been really good to me. So shoutout to you @116016 👏✊",delivery_issue
Hey @116016 we're gonna need to talk about all these pending charges that keep going through my account 5 days after the transaction was made.... I'm getting real irritated.,account_problem
"@ChaseSupport Just got off the phone with them, you guys were great!",positive_feedback
@ChaseSupport Thanks guys!,positive_feedback
"@ChaseSupport I couldn't find an e-mail online. You have my apartment address but not my number, how can I update that to ensure the card gets to me?",technical_support
"@ChaseSupport I applied for a credit card and but i was never asked for my apt #, tried calling but couldn't get past your automated system.",complaint
@CoxHelp Had to push hard but finally got a team lead to reach out to on-call tech. Outage issue solved; #CSIssue not #CSFail,technical_support
Next day turnaround on an outage issue? @CoxHelp for the #CSFail when it comes to dealing with outages #CSFail #OutageProbs,technical_support
@CoxHelp It needs to be fixed. Permanently. Now.,positive_feedback
"So @116021 is back fucking me again with my BUSINESS plan internet.

Super cool company.

I don't recommend.",technical_support
I’d like at least one month to go by where I don’t have to say how crappy the service is with @116021 in #Vegas &amp; how much I despise them,complaint
@CoxHelp I just did.,general_question
@CoxHelp Been lookong forward to binge on #StrangerThingsSeason2 just hope we have internet. a lot of outages in the neighborhood lately.,delivery_issue
"@116021 Seems like my problem has been resolved, the technicians you sent to the house were very capable and surpassed expectations",technical_support
@AskeBay I have contacted seller but my question to you is when will I receive my product. Your customer service says may be the awb no.  is wrong.,general_question
@AskeBay I don't care about that I want my product. . I wish I had not opted ebay.but in future I am not going to choose eBay . Because Its the worst,complaint
@AskeBay I haven't received it as of yet. And I have a contract with you for the delivery of product not with seller.,delivery_issue
"@AskeBay So, instead of telling me to contact the seller you guys should contact the seller.",general_question
@AskeBay I haven't received anything as of yet. I'll contact seller tomorrow morning. But your service is pathetic.,general_question
@AskeBay I would appreciate that I got the refund of my previous damaged product from eBay. But where are the timelines for delivery.,refund_request
@AskeBay The email address associated with my account is __email__ .,account_problem
@AskeBay I'm not looking for the refund. Just check my account and you would yourself condemn your service and worst packing .,complaint
@AskeBay And I haven't received it yet so in layman terms you can say I'm Waiting for it from 9th of Oct. How much time can I wait.,general_question
@AskeBay and so you have provided me the refund for that. But as I was mad about this product so I ordered the same product on 21st .,refund_request
@AskeBay I am looking for the product. Let me tell you something. I bought a similar product on 9th of this month. But that was damaged  .,general_question
@AskeBay And check with your team. Or else keep my fucking money as you guys have stressed me out. ?@61113,payment_issue
@AskeBay @2598 kindly check the above message and do the needful for your worst service.,complaint
"@115937 Estimated delivery Wed, 25 Oct - Fri, 27 Oct
You have paid using PaisaPay on 21/10/17. 
but i havent received it yet on 1/11/17.",delivery_issue
@AskeBay I did that they closed my case have I lost £120 pounds now because of eBay theft and eBay does not care,general_question
@AskeBay The delivery company is saying they delivered it to my street won't give address the seller is saying she has proof but no one will show me,delivery_issue
@AskeBay what option do I have if I bought something on eBay and wasn't delivered and eBay closed my claim to get the money back?,refund_request
@AskeBay How do I setup automatic declines? Its not listed in your help centre and I’m struggling to find the settings,general_question
@AskeBay can you remove the best offer facility from buy it now items?? I am selling items that I do not wish to offer ‘best offer’,positive_feedback
@116029 How can I change my work Dropbox account back to a personal account? I tested the trial version now I want my account to be personal again.,account_problem
We’re excited to announce the University of Cambridge is using Dropbox Business to power collaboration. https://t.co/SBIyDSyCDK https://t.co/3f69m3x5gF,general_question
@116029 FYI was on your solutions/marketing of DB Business and noticed the read the eBook link is broken... https://t.co/aRWCfgYMoO,general_question
"@DropboxSupport Please do! “As a user, I would like to hide irrelevant or old contacts from suggestions, in order to make room for relevant ones.” :)",general_question
"@DropboxSupport How do I remove the suggested contacts in ""Invite people to Paper"" column? I don't have any third party contacts connected.",general_question
@VirginAtlantic can you please update my tier points on my account - thanks.,technical_support
"@VirginAtlantic 3 times over an hour on the phone, let’s just hope everything is correct now I’d hate for something to be wrong for a special occasion",complaint
"3rd call to @VirginAtlantic hoping everything is sorted, booked flights for 4 guys and 2 peoples details were incorrect should I be worried?",general_question
"@116035 refuses to provide me with a copy of my contract, even though they’re quoting it to justify stealing $800 from me",general_question
@BofA_Help Thanks,positive_feedback
@BofA_Help Anytime after 12noon today or anytime tomorrow,general_question
@BofA_Help Whenever your ready,general_question
"@BofA_Help Okay, I'm currently on the middle of something, I will return your call shortly thank you",positive_feedback
"@BofA_Help Thank you because I just was beginning to become comfortable with you all, Everything was going great",positive_feedback
"@116035 the the woman says, were regulated by the government they won't let us help you..She literally just blamed the government",delivery_issue
@116035 i have a question,general_question
@XboxSupport week 2 licence wont' validate my minecraft for windows 10 https://t.co/GbY14vW0FP,general_question
"@XboxSupport Connection via Ethernet not possible where he is, also there's no file to delete &amp; restart as said before he's done a power cycle?",technical_support
"@XboxSupport my brother can't install Forza 7 on his Xbox one, he's already tried a power cycle, what can he do please?",general_question
@XboxSupport who would I message for backwards compatible game suggestions 2 great games have sat on the fourms since 2015 https://t.co/Hv4lYsUelZ,positive_feedback
@XboxSupport @116042 Yeah have to reboot game when animals become ill and the strikes and crisis come way to quickly,general_question
"@XboxSupport @116042 Yes there are many bugs in this game, especially when you try and release animals",technical_support
"@99 Hi, Will you be fixing the bugs and crashes on Zoo Tycoon: Ultimate Animal Collection Xbox One Version?

Many Thanks",technical_support
"@XboxSupport I bought Dying Light from the xbox store and when I play it, it continuously freezes. I want my money back unless we can fix",refund_request
@XboxSupport do you need a active game pass in order to receive the mystery gift from the giveaway?,general_question
J'ai un pb quelqu'un a payer des jeux avec ma cb @XboxSupport 😓 pour acheter 210e de jeux...,payment_issue
"@XboxSupport On Skype I can hear people, but they can't hear me. I've tried different controllers/mic &amp; uninstalling. Please help?",general_question
@AirAsiaSupport what happen to your system. I could not sent my refund info to e form,refund_request
@azuresupport #azhelp: why i can't use %env-variable% syntax in my function.json? Trying to deploy Function App but that syntax not working.,technical_support
"@AzureSupport Thanks for your help:) I've actually decided to use Azure Blob Storage instead, so I don't have to set up a service principal as a non-admin",positive_feedback
@azuresupport #azTechHelp Is there an easy way to transfer files from Azure File Store to Azure Data Lake?,general_question
Thank you @AlaskaAir for listening and helping when I had an issue today. Great customer service.,technical_support
Wow--great customer service @AlaskaAir! Thank you!,positive_feedback
@ArgosHelpers Terrible delivery service even worse paying extra for a time slot #3hourslate,complaint
"Hey @116057, if I recieve the wrong order and reported it to support...should I place a new order? Or what...?",general_question
@Postmates_Help order was messed up. Got a $5 refund when I deserve my money back. Food tasted horrible.,complaint
@Morrisons why have you discontinued your tinned ravioli in bolognese sauce. It was better than any other!! 😢,general_question
"Just so @Morrisons know, orange donuts were a TERRIBLE idea.",complaint
@AskTarget Thank you for responding. I look forward to working with you.,positive_feedback
@116062 has disgustingly mismanaged the released of the Crota Pops. You should be ashamed of your distribution and retail staff.,complaint
How can I give this out?  Wtf @116062 https://t.co/OElDh05lPG,complaint
"@AskTarget Looks like Marketing Team didn't think that was a good idea. What is the motto for @116062 again? Something like ""lol Fuck Our Customers""?",general_question
@116065 @AskTarget @116062 Can you do something similar for the Crota Funko Pop? This proves that you're capable of letting us know in advance when a limited product will go up for sale. You can still redeem yourselves for that fiasco of a launch. Please don't just randomly throw it up.,general_question
SNES Classic will go up for Redcard members only at Target dot com at 7 AM PT November 1st https://t.co/5O5WXcpky2 https://t.co/hnRuz3CwmX,general_question
@GoDaddyHelp hey godday do you have a chat support?? I had an issue while im tryin to sync merchandise from printfull to my woocommerce ..,technical_support
@GoDaddyHelp Thank you!,positive_feedback
@GoDaddyHelp Shit wrong one https://t.co/Fdvwd8vT22,complaint
@GoDaddyHelp https://t.co/qbjuBeYovF,general_question
@116068 I'd appreciate it if you wouldn't sell my personal info to other companies. You had no right and i'll be reporting you to the BBB,technical_support
"@GoDaddyHelp @116069 Lies, i set mine to off myself, it was no error or mistake.",complaint
@116068 I specifically turned off auto renew. Why the hell did you feel the need to change it? This is shady as hell. https://t.co/HPICov83MV,general_question
@116072 really knows how to celebrate Halloween. I have basically no internet 😠 #centurylinksucks,complaint
I'm trying to run a speed test but all it says is Network Communication Error after briefly showing 0.02 Mbps #centurylink #centurylinksucks,complaint
@CenturyLinkHelp Change your hold music from being a 2 min loop for the love of god.,positive_feedback
@CenturyLinkHelp And give your call center people a raise for having to deal w/the nonsense created by your robot system that randomly cancels installations.,general_question
".@116072 I heard you guys were bad; after an install no-show &amp; 25+ min of being on hold, I'm thinking the rumors were true.",complaint
@116072 You are the worst! I have to wait three days to get my internet fixed...,complaint
Aye @116076 why y’all don’t deliver to Xavier University of Louisiana??? What’s beef??,general_question
@AskPapaJohns I sure can!,general_question
I get that it’s Halloween but this dude at the Canonsburg @116076 is flipping out. Literally screaming. He said he’s the general manager😳,general_question
@116076 ordered pizza for a 515 delivery.  Still waiting on it.  Having a halloween party.,delivery_issue
"Hey @81 you just gained a customer @115817 lost my package I paid for overnight first am delivery, they ""lost"" it hope you can do better",delivery_issue
"@UPSHelp Nope, I’ve got my package thanks",delivery_issue
Saved my fucking time by just checking my mailbox because sure enough I got the UPS letter saying my package was in oh my gOD,delivery_issue
"I legitimately spent an hour trying to deal with USPS cause I had 1 question and they just hung up on me or wasn’t any help, I could have",general_question
@AmazonHelp but I can’t find the options to cancel or re-order?,general_question
@AmazonHelp Thanks for quick response. Pic attached. https://t.co/yNhYE638YS,positive_feedback
@115821 my order hasn’t arrived (it was due 14th October). Can you help?,delivery_issue
@AmazonHelp Thats the thing I told customer service. I created a new email address for the Prime trial and forgot it. What can I do so I'm not charged?,payment_issue
@AmazonHelp You have to log in. I don't remember the email address I used. Can you look up the account by my bank information?,payment_issue
@AmazonHelp They sent me the email I sent you guys that said I wasn't gonna be charged. He must have been able to look up my account a different way.,payment_issue
@AmazonHelp I tried my phone number but I didnt have a mobile account. I went through this for 2 hours on the phone with someone.,account_problem
@AmazonHelp I called customer service and was told my membership wouldn't be renewed. I was just charged today. How do I get a refund? https://t.co/SeoQUsA0VA,refund_request
"@AmazonHelp I have tried. It’s not allowing me to access my account to cancel my membership, I haven’t even used prime in almost 3 months.",account_problem
"@115821 being charged for amazon prime &amp; when I go to cancel it, it’s saying I’m not a member😠😠😠",payment_issue
@AmazonHelp where can I chat with a support member for a false charge,general_question
"@AmazonHelp So essentially still two separate accounts, just sharing payment info? I don't want my family to see my Christmas shopping list 😂",payment_issue
@AmazonHelp if I add another adult to my Amazon household (with their own account) can they see my wishlists/photos/order history?,account_problem
Seriously @115821? I order 6 identical washing up bowls and they are all being dispatched as separate orders? My phone is buzzing non-stop!,general_question
"@AmazonHelp My package just got here. All good, thank you!",delivery_issue
"I ordered some parts of my costume late, but my amazon has a map of the driver and they're like, 6 houses away.",delivery_issue
@AmazonHelp Never got the beta and now I’m being told I won’t get ANY of the other stuff. Including Last Jedi content and or bonus classes. Anything! :(,general_question
@AmazonHelp Deluxe edition on September 16th. It definitely had the pre orders on the profile because that’s why I ordered. Also why I paid for Prime..,payment_issue
@AmazonHelp Star Wars Battlefront 2 Elite Trooper Deluxe Edition Playstation 4 https://t.co/6K7WdDcY2P preorder info is in description. Thanks for help,positive_feedback
@AmazonHelp But your website is offering pre order content.... so it’s just a lie?,complaint
@AmazonHelp It’s literally in the description of the item... “Players who pre-order Star Wars Battlefront...”,general_question
@AmazonHelp @116089 is this real? They’re offering preorder bonuses but don’t actually give them out?,general_question
@AmazonHelp So to get this straight. I get nothing at all for preordering?,general_question
@AmazonHelp I’ve cancelled my order and gone to Best Buy. Thank you.,positive_feedback
"@116090 Saying I preordered to early, terrible customer service. Won’t renew prime if this isn’t fixed.",complaint
@116090 I signed up for Prime so I could preorder Battlefront II and get all the bonuses and now cust service is saying I won’t get bonus,general_question
"@AmazonHelp Fulfilled by Amazon. It’s quite disturbing you’re selling counterfeit items, and can’t be trusted.",general_question
@AmazonHelp Already have and the assistance I received was absolutely useless and rude.,complaint
Two fake items in one day. Time to cancel my Amazon Prime membership. @AmazonHelp,general_question
@AmazonHelp I have. No luck.,general_question
@115821 please spend time &amp; money to fix your app. Constant issues with it.,technical_support
@AmazonHelp It’s not allowing me to update it to register my new amazon account. I read I’d have to do so manually. Thx 4 response.,technical_support
My Kindle not working properly is breaking my heart! 😩💔,technical_support
@AmazonHelp that is not my apartment!!!!!!! This is the sending time!!!! Where is my package!!!!!!!!!! https://t.co/EIY6DZUCDC,delivery_issue
@AmazonHelp Yep. I’m going to take it to the MegaAlexa at Whole Foods.,general_question
@116096 Truly. This is the strangest vampire book I’ve ever received. 😜 cc @43760 @AmazonHelp #misship https://t.co/Zad7Az14Zg,general_question
"This is the Japanese vampire book I blurbed. Different, touching, and perfectly constructed. https://t.co/lZAfyKtMpe",general_question
"Why does my I️ not work ?! 
@115858 please fix this!!!",general_question
@AppleSupport I️ just updated it and it’s still coming up https://t.co/22RZsQyTbh,technical_support
Why is “I️” keep changing to this and how do I️ stop it🤦🏽‍♀️ @115858 @AppleSupport #anybody https://t.co/urzAfSZL5z,technical_support
iOS 11 is killing my battery @115858. Fix it.,technical_support
"@AppleSupport Thanks, thing is I still have like 81 cents in credit and won't let me do that until I have zero credit",technical_support
"@AppleSupport Awesome, thanks",technical_support
"@AppleSupport Hello, I need some help regarding the region change on my Apple ID",technical_support
"@AppleSupport it has, but not for some time now. i’ve tried with two different apple ids but it’s still not showing up on my phone",technical_support
@AppleSupport why is my home sharing not working and how do i fix it,technical_support
"@AppleSupport iPhone 6, yes ios11. Checked for updates, none available. I’ve swiped up to close the app several times and I’ve restarted it 2x",technical_support
@AppleSupport @116102 Battery life just got worst.,complaint
@AppleSupport Sent twice. Don’t know if the first one went through but no reply either way.,technical_support
"@AppleSupport I just get a white screen and nothing loads. After a short time, it just closes/crashes. Thanks for the reply.",technical_support
@115858 my PHONE app doesn’t work. Thank you for updating my #iPhone to an #ipod,technical_support
@AppleSupport why can’t I change ringer volume with the buttons? Whose dumb idea was it to change that and how do they still have a job?,technical_support
@115858 if my words even mean a thing to you; I am an iPhone 7 owner and have updated to your latest software and now am having the most dropped calls in history and glitch’s such as apps randomly opening and more ... #iHelp,delivery_issue
@AppleSupport epıl bana yardımcı olur musun telefon internet konusunda çok yakıyo napcaz ?,technical_support
@AppleSupport Worked 👌🏽,technical_support
@AppleSupport No I had 11.0.3 but now it says 11.1 update so ima go ahead and do that,technical_support
why won’t my apps fuccin download or update @AppleSupport,technical_support
@Uber_Support I did. No response.,general_question
@115873 wtf is this.. every time I try to use the app it gives me this crap https://t.co/sp7kMe0ogA,complaint
@115877 your app and website still don’t work,technical_support
@Uber_Support Thanks! I appreciate it. Not sure what happened.,technical_support
@115873 hi just for a ride and it seemed to think I wanted to go to my original location. I canceled trip but want to see about being credited,general_question
"@Uber_Support I already dm y'all about 30 mins ago, check it out it is long and detailed.",general_question
@Uber_Support  https://t.co/Fc42zHkmDA,general_question
Bruh can someone at @115873 @Uber_Support get back to me on my Dms 😒😒😒😒,general_question
.@Uber_Support My driver broke down. Any tips on getting a refund?,refund_request
@Uber_Support i do not see we're the trid if is listed on the app.. i sent in a few message,technical_support
@115873 worst most unprofessional driver ever !! asked for extra fee when he showed up ! yelling at me cause uber don't pay for his 30k car??? https://t.co/i5qOULRSnc,complaint
@Tesco are complaints taken seriously? Do you take customer complaints seriously or just pay it lip service???,payment_issue
@116116 @Tesco  https://t.co/OOFePDl9eC,general_question
@116115 @Tesco 😂😂🙄,general_question
Ay @Tesco what’s your policy on bottles of lemonade? 6 bottle max is a bit of a joke am thirsty,general_question
"@Tesco Honestly, I don’t care that much. You should just know that all 6 sausages ended up in the bin",general_question
"@Tesco thought you’d like to know: these sausages I purchased from you taste awful. Ruined my sausage and mash dinner, I just had mash! https://t.co/xBRP0FxHks",complaint
@Tesco You've lost me as a customer,general_question
"@Tesco I am a regular customer and spend at least £50 a week with you, so pretty poor apology. Feel like shopping somewhere else",general_question
@Tesco id tell Paul to wash his mouth out with soap. cheers,positive_feedback
hi @Tesco an answerphone message from your delivery driver ended with him saying 'fuck you' (he obviously thought he'd put the phone down),delivery_issue
@Delta I'm On Flight DL4047 to CLE. There is a man in 3A who is moaning in pain and sweating. He's not well.,technical_support
Dear cute flight attendant @delta. I’m board...just sayin’,general_question
@Delta Yes. And isn’t diverted?!,general_question
@Delta hi. Any news why DL1262 diverted to AUS and DL1738 to SMF? Thanks,positive_feedback
@Delta I sent you guys a DM about a story! Thanks in advance for any help you can provide. 🎃,positive_feedback
@Delta Bummer! I promised them some info and in my hurry to get to my next flight forgot to leave my business card 😩,general_question
"@Delta I was on flight 2222 LAX to ATL at 645am I'm trying to forward a message to one of the FAs, are you able to assist?",general_question
"@Delta I love the sky lounge access. Thank you. Imagine if they had a ""dark or more dim room"" to relax. That's next level!!",positive_feedback
@Delta but it now looks like a mistake in @116125 and isn’t DL‘s fault,general_question
@Delta Flights are what they are already. Just frustrated. I got this Amex but no real perks. Wondering when the perks actually happen.,complaint
@Delta Can I get the 35$ refunded for the seat cost I never got?,refund_request
@Delta just don’t know what I gotta do to not be treated like crap. Apparently spending thousands on your Amex isn’t cutting it.,complaint
@Delta booked a code share Korean Air flight on https://t.co/xFTVohudJC; where can I find my confirmation # or ticket # for the KE portion?,general_question
@Uber_Support pls check dm,general_question
@Uber_Support I have submitted complain against over charging but still not response from uber support!!!!,general_question
@SpotifyCares I tried it on web browser and it worked! 😊,general_question
"@SpotifyCares Desktop app still not working, but I got to see the cool thing (Easter egg) so I’m ecstatic! 😊😊",technical_support
@SpotifyCares 1.0.65.320.gac7a8e02,general_question
"@SpotifyCares using a MacBook Pro with OS X El Capitan and the latest Spotify update, and an iPhone 6S with the latest software/Spotify updates!",delivery_issue
Why are my devices not doing the cool thing when I play the #StrangerThings albums on @115888? 😭,general_question
"@SpotifyCares Made In Germany, Du Bist Gut, Cover Me and 20 Jahre (this one mostly). Because these are missing, a few compilations have greyed out tracks",general_question
"@116130 why are Nena's releases between 2002 and 2012 all missing, yet everything else from 1982 - 2017 is there? #sadness #emptyplaylist",general_question
"@British_Airways cancels #BA228  D. C. - LHR on 3 Nov, but refuses to give a free upgrade for inconvenience caused. Sad. #LuxuryTravel",general_question
"Find this terrifying. Hard to use self check out kiosks, grateful @British_Airways &amp; @116133 let me go human recently. https://t.co/q4QBp7fvk2",technical_support
"@British_Airways She's been trying to do that, that's the point! You should be contacting her as she can't get through to you via phone or email",general_question
@British_Airways Can you please contact __email__ and can give you further details please,general_question
@British_Airways call centre has the  worst customer serivce ever. keep you on hold for endless hours without an apology. Mum is not happy!,complaint
Obvious PSA: @116136 is evil. Thanks for tuning in!,positive_feedback
@comcastcares Neither SD or HD for NBC or ABC can be seen. An error message says 03059. Rebooting didn’t help.,technical_support
Is this a trick? No NBC WPTV or ABC WPBF in PSL @115900 this afternoon! Why these 2 channels?,general_question
@116136 like lucky i’m home but what the fuck,general_question
"love that @116136 sent people to bury the new cable line....on halloween.....in the middle of trick or treat times, with no notification",positive_feedback
"@ComcastCares
 I just opened an account with xfinity and needed the modem. Will it be shipped to my house or do I have to pick it up?",account_problem
"@comcastcares I've called 5 times, no resolution, bill for a house i don't live in still remains, and you all give me the run around to cancel my account",payment_issue
@115900 It's interesting how with every natural disaster you try to find a way to screw over those who are already the worst off,complaint
"@115900 My house was destroyed by Hurricane Irma, I've called you THREE times to place temporary hold, and you STILL send me a bill",payment_issue
@comcastcares PAY ATTENTION TO ME,payment_issue
@comcastcares what's going on man where's my internet,technical_support
@AmericanAir's wifi makes Amtrak's wifi look pro. At least theirs is free.  @5804 has decent wifi @ reasonable prices. Why not AA?,technical_support
"Wonderful club! @americanair (@ American Airlines Admirals Club in San Francisco, CA) https://t.co/GWFwuGVgNA",general_question
"@AmericanAir already did...changed browsers, did all my techie tricks and still can't make a reservation after 1 hour!!",general_question
@AmericanAir been on phone and hold for past 45 mins. looking bleak,general_question
@AmericanAir ........still....on....hold.....they made the booking. I am trying to pay.....so #frustrating.,payment_issue
@AmericanAir well now i am told the ticket cost is an additional $200/person to pay....because of the wait....omg,payment_issue
@AmericanAir i don't think it changes within minutes. This is a scam,general_question
@AmericanAir finally booked and they honored lower fare....that was still available on line,general_question
"@AmericanAir Me too, but it shouldn't be this hard. Nearly 2 hours.",general_question
Trying to book a flight on @AmericanAir and an error comes up: System having trouble. Anyone else having problem?,technical_support
@AmericanAir Well how much does that help me now?,general_question
@AmericanAir I was long gone from the airport by then,general_question
@AmericanAir No I was not able to,general_question
Look what @AmericanAir did to my bag. https://t.co/QUeBqf8JJf,general_question
Big thx 2 @AmericanAir 4 guacamole and margs of thx while the @116147 lounge upgrades are underway #nomnom https://t.co/PCW4Vdxbyf,general_question
@115911    Who’s looking in your window at night https://t.co/gkUco6aO01,general_question
@115911  https://t.co/zc5zheYczx,general_question
"@116149 I mean...it does say to ""submit your costume pic"" in the original tweet... *ErikS",general_question
@115911 This is kinda lame...i created a whole acc just to get told to upload a photo of my costume. I didn't even dress up? https://t.co/B8UvzSlzhp,general_question
"Happy Halloween! Submit your costume pics with #Thankenstein + #Contest to win a spooky trip to London, plus other scary surprise goodies! https://t.co/9M7XGcE8fx",technical_support
Finally free of the @115911 chains here I come cricket,general_question
@TMobileHelp @115913 John why I am having so much trouble coming back,general_question
@TMobileHelp @115913 8 hours total  over 3 days and still working on coming back. Why @115913 ?,general_question
@116151 @TMobileHelp @115913 what is happening in this conversation,technical_support
@116152 @116151 @TMobileHelp @115913 I'm not even a T-Mobile customer. And people like this piss me off. Trolling losers.,general_question
@116152 @116151 @TMobileHelp @115913 This guy is a fool and a troll.,general_question
@TMobileHelp @115913 I am not going to a store!  I spend Sunday 6 hours trying to come back and tweeting. Today you are making me go back and front for 1 and 1/2 hours. No Worth it,general_question
@TMobileHelp @116151 @115913 Quit begging for this idiots business,complaint
@116151 @TMobileHelp @115913 Because you sound like an idiot. After reading your post you don't know your password the same password you had when you was a customer just a month ago. You sound like a troll. Your the one making this hard you idiot. Can't believe how stupid this generation has become,complaint
@TMobileHelp @115913 Thanks!,positive_feedback
@TMobileHelp @115913 I send DM over to you guys Cassy or Jason were helping me,general_question
@TMobileHelp @115913 @116154 So you @115913 know! been trying to chat but your team is asking for a pin or password I don’t have. Making me feel like you don’t want me back,account_problem
@TMobileHelp @115913 @116154 Don’t get why they are asking for my password,account_problem
@TMobileHelp @115913 John I try to come back to T-Mobile but they want me to go to the store. Maybe @116154 team can help because customer service want me to go to the stores maybe I just stay will my current service. Don’t seem like u guy want me back,general_question
@115913 @2896 I made a mistake a big dumb mistake. I ported my lines to another service. Less then month ago. I miss T-Mobile. Can I come back and have my formal plan please? Should I talk to @116154 team? Because customer service told me I can’t go to my formal plan.,general_question
Wow!! Honored to be one of @2896’s #TheBraveOnes!!  https://t.co/ORNLBSYzDp,general_question
@115911 @TMobileHelp when is the 600mhz coming online in #seattle??,general_question
@115911 once again you are being slow 😑,technical_support
@116158 @115911 Creative! Like it!!,general_question
#Thankenstein + #Contest @115911 Keeping it creepy!!!! :D https://t.co/QPmzxwIxbv,general_question
Thank you @VirginTrains for the advice to make the connection. After a long long day it is appreciated #topwork,technical_support
"@SouthwestAir great airline. No fees to check bags, free drinks and snacks on board. And complimentary Halloween sweets! Great stuff guys👍🏽",positive_feedback
"@SouthwestAir Found it!! But doesn't seem to work, can you check if funds are available?",general_question
@SouthwestAir I have two vouchers but can't seem to track down my confirmation numbers. Anyway to look them up? Thanks!,positive_feedback
@SouthwestAir You’d be my first choice! If only money fell in the same category as sky’s the limit .,payment_issue
@SouthwestAir I’ve never been on an airplane. #bucketlist,general_question
@SouthwestAir I loved how your employees embraced the day &amp; made@travel fun!  Glad you like the pic. It's my thank you to you all so enjoy!,positive_feedback
Me time in the sky... @southwestair https://t.co/ccjl2JCAfK,general_question
"@SouthwestAir Bummer, might have to watch my back on Nov. 13 too for Sadie Hawkins day on the airline of LUV. #funnyholidays",general_question
Unlucky not to be flying on @SouthwestAir today and have to wait until Nov. 8th. Would have been nice to have had a free drink on flight.,general_question
"Hey @115940 your app has had a “loading error” for the two weeks, thought I’d let you know I’ve been paying for aggravation rather than tv",technical_support
"@hulu_support Yes, @hulu_support same message: error playing this video, iPhone 7",technical_support
"@hulu_support I'm getting an error when I try to play episodes. Can you help, please?",technical_support
@hulu_support when will the other 2 major networks stream live on Hulu live?,general_question
@Uber_Support done please check,general_question
kya khassi support hai yaar @Uber_Support. i am an uber rider not driver. they are telling me to take docs to nearby uber office for verification and all i was asked was to update my cellphone number 👺👺,delivery_issue
@sprintcare Yes I do. You want me to dm you or just write it on the comments???,general_question
@115714 @177 I haven’t received no type of new besides my Oder is pending for day.,general_question
@177 Have you Pre-Ordered yours yet? 👀,general_question
"On behalf of all college students, thank you 💕@ChipotleTweets https://t.co/bcXVahRWQK",positive_feedback
"@115714 customer service 👎! 4 different people said they have no idea how to help, the two people who actually have tried did it wrong 😡",general_question
@sprintcare I called customer care when I tweeted this and they said double charge would be credited. Still no credit.,general_question
@115714 chk ur latest bill. I paid for note 8 shipping w/debit when ordered. Latest bill shows ship charge. This happened to other friends.,delivery_issue
"@sprintcare You’re a bunch of crooks, you don’t care about happy customers, y’all just want money, save me the BS",technical_support
@115714 is honestly trash,general_question
.@115955 one of your sales reps called me an asshole on the phone! Unbelievable.,complaint
"@Uber_Support  After contacting you concerning deactivation of my account, it was reactivated but after 48 hrs, ,it has been been deactivated. Please help",account_problem
"@Ask_Spectrum Very disappointing,  to say the least, and unacceptable in my own home.  I'm still shocked.",complaint
"@Ask_Spectrum No,  it's done now. Just remember to practice kindness with customers please. I don't understand why everyone has been so rude thus far.",general_question
I've never had a rude cable guy before until forced to switch to @115955 😒 the people on the phone were rude and now this dude?,general_question
"When u wait 10 mins in cold for @115879 &amp; driver goes to the wrong address, cancels &amp; ur next request goes up $15 bc if rush hr, u get @116178",delivery_issue
"Why does @115879 sucker you in with s promise that a driver is 1 minute away, then it becomes 6? Is this a Systems problem or fraud?",complaint
@ChipotleTweets We will be back Friday for lunch 👍,general_question
"The Wild Thing heard there was a $3 special at @ChipotleTweets 4 👻 Halloween &amp; couldn’t pass it up 

He hopes Chipotle will sponsor his team https://t.co/RkpOQwsVU0",general_question
@ChipotleTweets I know you guys are busy but don’t undercook brown rice 🙃🙃🙃,general_question
"@ChipotleTweets Chx burrito bowl all the works, bring on the GUAC!!!🤗💖",general_question
I'm geekin for sum @ChipotleTweets rightnow🤗😂🥙,general_question
Nothing says Halloween like $3 🌯 burritos and 🌮 tacos @ChipotleTweets https://t.co/kJI7WVXewP,general_question
5th year of getting a boorito! SpoOoOoOky 🌯👻 @ChipotleTweets,general_question
@ChipotleTweets No worries.  I got my four burrito bowls without issue. Lucky me. We beat the lines!,technical_support
No online orders today?  Really @ChipotleTweets ?  .,general_question
@Uber_Support Sent a DM... Hope you could help soon.,general_question
@Uber_Support Welp... I guess that's one bibimbap order I'm never gonna receive. Good thing I used a first time order promotion. Not a good first impression though.,general_question
@Uber_Support do you also support ubereats singapore? im reaching out here bec the support there is useless. any chance you could help?,complaint
@ChipotleTweets what is this in my food?? https://t.co/dW5E8d5DxO,general_question
Idk what @ChipotleTweets puts in their salad dressing but holy fack it's delicious #drinkitpouritgottahaveit,general_question
Shoutout to the best burritos around! Thanks @ChipotleTweets  for the $3 burrito! You the best!,positive_feedback
@ChipotleTweets NOOOOOOOOOO https://t.co/MrbjgkVuzy,general_question
@ChipotleTweets WHAT THE HECK?! https://t.co/LPAFswpIbL,general_question
I’m a undercover boss. Thank you for the $3 @ChipotleTweets. 🤓 https://t.co/Pl2Fv4XLWr,positive_feedback
I love you @ChipotleTweets,positive_feedback
@ChipotleTweets @28 My baby https://t.co/dtiXxMIJyq,general_question
"Was gonna say I’m ready for a job at @ChipotleTweets, but my rolling skills suck. https://t.co/CdzgKpYldg",complaint
@ChipotleTweets got his boorito 🎃😂 https://t.co/QB4ljLjSxx,general_question
Happy Halloween! I broke out my KO cosplay today for @116196 and @79587 and totally not because of @ChipotleTweets . Not at all. https://t.co/CkHFv3lMtB,technical_support
@ChipotleTweets Barbacoa w da guac 🤤😛🔥,general_question
Best part of today are these $3 burritos💀☠️ @ChipotleTweets https://t.co/vW35DKXm9c,positive_feedback
@ChipotleTweets but do I absolutely have to be in a costume for a $3 #boorito ?!!!,general_question
@ChipotleTweets @116199 Oh my god Becky,general_question
@ChipotleTweets https://t.co/iGQf79bF32,general_question
@ChipotleTweets Your app seems to be down,technical_support
enjoying our $3 #booritos from @ChipotleTweets #HappyHalloween #boo https://t.co/xn5MRjr8Hg,technical_support
Adult trick-or-treating for me is going to as many @ChipotleTweets as I can find for #Booritos,general_question
BOORITO TIME! @ChipotleTweets,general_question
@ChipotleTweets Yes hungry rutgers student ❤️,general_question
Bruh @ChipotleTweets u really just made me pay full price for my burrito I'm tight,payment_issue
"@ChipotleTweets U guys make it really hard to give feedback. Called the store, no answer. Can't send msg on FB. What are my options?",general_question
@ChipotleTweets gave me food poisoning and I’ve never been more heartbroken in my life,general_question
Forgot to get my receipt at @ChipotleTweets. There goes a chance at burritos for a year. Ugh.,general_question
@ChipotleTweets So worth it! Thanks for the fun deal!,positive_feedback
"Heck yes I went to @ChipotleTweets and got a $3 boo-rito bowl for wearing my minion outfit today. Well worth it (also I was far from alone, everyone wore costumes and wanted their costume chippy 😂) https://t.co/crR3iq4K1U",general_question
@VerizonSupport Banking. https://t.co/8535p04F9S,payment_issue
"@115725 @VerizonSupport trying to sign up for autopay, your site tells me my checking account # must be min 12 characters. Mine is 9. So???",payment_issue
@VerizonSupport I’m standing in front of it,general_question
@VerizonSupport Ok. Now what?,general_question
@VerizonSupport Didn’t work. Channels come up in guide (always have) by tv freezes when changing to anything under 523.,technical_support
@VerizonSupport Yes it is.,general_question
@VerizonSupport Problem has been consistently happening for about a month,technical_support
@115722 I’ve lost my network channels and other channels are glitchy. Need help!,general_question
@VerizonSupport No changes in a long time. No new hardware in a long time.,general_question
@VerizonSupport Same problem on both boxes,technical_support
@VerizonSupport I’m on the phone with your tech now looks like I’ll be another day without internet,technical_support
@VerizonSupport Nevermind I’ll be out of internet til Saturday smh,technical_support
@115722 I have been without internet for two days and y’all gonna tell me to wait til tomorrow,technical_support
@AskPlayStation Whenever i go to play my game it says im on my old psn account which i deleted of my system. Ive used that account like once before,account_problem
@AskPlayStation What do you mean by local user,general_question
@AskPlayStation why is this happening to me and only me? https://t.co/tEfiwmCVhl,technical_support
@AskPlayStation Thankx,general_question
"@AskPlayStation after playing for  a hour, my network on ps4 just drops to 67.9kbps.then I can't play any games(cod black ops3).pls help",general_question
@AskPlayStation Creí que lo había hecho. Ahora les vuelvo a escribir por privado.,general_question
@116216 he platinado Horizon Zero Dawn el 1/7/2017 y no he recibido el tema exclusivo vía mail. ¿podrían revisarlo? ID:Rezequiel.,general_question
@AskPlayStation Thanks !,positive_feedback
"@AskPlayStation Hi! Having issue with an old account, no idea what the login/email is for it but I know the ID",technical_support
"@AskPlayStation Pero un cobro con la misma información me lo tomo, un minuto después ya no. No es la info de la tarjeta, es un problema del store",technical_support
"@AskPlayStation Si, que la información de la tarjeta es incorrecta, asociada a PayPal, y una de las compras la hice sin problemas, un minuto antes.",technical_support
@116216 buenas tardes. Intento comprar por play store y me rechaza las compras,general_question
@116216 me pueden ayudar me robaronmi cuenta de psn,general_question
@AskPlayStation is it possible for me to delete my own psn or change the location and currency? Please reply,general_question
@AskPlayStation Hey is Shadow Of War remote play? Was thinking of getting a vita but i don't know if I can play my games remotely with it.,general_question
"@ATVIAssist How do I recieve the 2xp and weapon unlock though, is it in my gam ready when I load it up?",account_problem
@ATVIAssist And how come cod ww2 multiplayer servers are active for people who own illegal copies of the game?,general_question
@ATVIAssist @116222 ^^this I wanna know as well,general_question
"@ATVIAssist hey, I have pre ordered ww2 on the Xbox store, how will I receive my cod ww2 2xp and weapon unlock??",account_problem
"@ATVIAssist Hi, i preordered ww2 on Saturday and i was told i was going to get 1,100 cod points yet i didn't, do i have to wait till friday?",general_question
@116226 @ATVIAssist Can I use my 3 of a kind on WWII? 🤔😂 plz,general_question
@116226 @ATVIAssist Let us transfer over cryptokeys 😭 I have so many,general_question
^ @ATVIAssist,general_question
If I have COD Points on BO3/IW will I have those same COD Points in WW2?,general_question
@ATVIAssist When is the update for Black Ops 3?,technical_support
@115766 Help,general_question
Only three days left until #WWIIZombies arrive at your doorstep. Happy Halloween! Stay safe tonight. #CODWWII https://t.co/wHTjIiWUg1,delivery_issue
"@MicrosoftHelps Yes, none of it worked. I didn't try the reset because I don't want to reinstall everything. But when i went back to 1703 everything worked",general_question
"@116230 this thread seems to be where a lot of people are saying they're having issues. https://t.co/DF060SfN68

no one can pin-point the solution.",technical_support
@116229 Gotcha. Have you shared your experience with us on the Feedback Hub? https://t.co/N8dIK5X2nH,general_question
@116230 I've downgraded back to the 1703 build. There are threads on the Microsoft community of multiple people having same issues,technical_support
"@116229 Hell! Could you share with us more details about this issue? We'd like to help, if we can.",technical_support
I don't recommend upgrading to the Windows 10 Fall Creators update. delay it as much as possible! Start menu quit working after the update.,technical_support
@MicrosoftHelps Are you trying to help? Because helping would be trying to shut that down. I’m not looking for avoiding I’m looking for you to deal w/ it.,general_question
"@MicrosoftHelps Thanks for the outstanding assistance, I get it, it is your company that takes the heat for these people hurting your rep",positive_feedback
@MicrosoftHelps Or even worse hacking them and hurting them. Just trying to show my concern.,general_question
@MicrosoftHelps I apologize for sounding like a jerk but you know they are scamming older people and ripping money off of those who don’t know better,payment_issue
@MicrosoftHelps Please get back to me immediately this is of the upmost importance,general_question
"@MicrosoftHelps I got a phone call claiming to be you but I discovered they weren’t. The number is +1(818)930-5703
They tried to bribe me.",general_question
and somehow three artboards worth of brush work disappeared twice out of nowhere while I was working on another artboard @116233,technical_support
@115769 will Lr6 support the Sony a7r3?,general_question
"@115769 I can't find the edit filename option on either the cloud, mobile or MAC based version of the new LR CC - it was easy on Classic",general_question
@AdobeCare Sorry you misunderstood! Yes using old catalog but imported new A9 files ! Still sllllloooooow,general_question
@AdobeCare Hi apologies for the delay yes it was after migrating to old catalog?,general_question
"@AdobeCare Yes all files, Mac, El Capitan",general_question
Adobe Lightroom is terrible since updating to CC Classic ! Sony A9 file takes 15sec to load full preview .... #lightroomcc 🤬 https://t.co/gZApJ1z9zn,complaint
@115769  👋 Any update for when HDR merge and Panorama stitching are coming to Lightroom CC?,technical_support
Horrible service from @115783 not concerned for our safety and didn’t even listen to our side of the story! https://t.co/XqMrgBfO2N,complaint
@SW_Help Sorry mean 22:11:41,general_question
@SW_Help That is not what happened.  Or are the platform clocks slow.  Look at the CCTV,technical_support
@SW_Help I was at the door with fifty seconds to spare and it left at 11.41.,general_question
The 22.12 @SW_Help train from Clapham Junction to Surbiton left early.  The only train to be early in weeks. Just as annoying.,complaint
@XboxSupport hey if someone creates a second account so he/she can play worse people because they have a higher skill and don’t want to play those people is that considered cheating??,account_problem
@XboxSupport The one you guys give in box at purchase,general_question
A headset should be a simple plug in and go method right? @XboxSupport,general_question
@nationalrailenq hi why are the trains from Manchester Piccadilly to York delayed??,general_question
@AirAsiaSupport saya nak tukar flight sbb reschedule. booking #YIU8NM,general_question
@ArgosHelpers I bought it in the Arbroath store last week.,general_question
@116245 my £180 Ring doorbell is constantly down. Seems now that every Ring doorbell and camera on earth is down. Refund required.,refund_request
@ArgosHelpers @116247 So if I buy the individual characters they won’t fit?,general_question
@116247 Hi. Am I able to add different characters to this please? https://t.co/imZepbaepE,general_question
"@ArgosHelpers Fantastic! I don't have a car. Thank you so much, Tom. I hope you have a good shift",positive_feedback
"@116245 
https://t.co/WEHOSemxpf

Do you know how heavy this is? Do you need a car or can I carry it home?",general_question
@ArgosHelpers In store. I needed it urgently as I have to produce paperwork for a solicitor on Nov 1st.  So disappointed.,complaint
Bought an #HPENVY4527 printer 2day: @116245. Waste of £££. Instructions/CD Software doesn't work. Drama getting help online. REFUND! https://t.co/tM9coNavye,refund_request
@Morrisons Perth.,general_question
@Morrisons love the new look cafe in my local store. Delightful veggie cajun burger but no brioche bun! 'Twas only a morning roll! https://t.co/kbZynuJ124,positive_feedback
@Morrisons 🎃🎃 https://t.co/biINVTmajm,general_question
"@Morrisons No problem! It's my favourite time of year, and was awesome to see no pumpkin size/shape went to waste! :)",technical_support
Another day another Halloween shop.. @Morrisons really stepped up. Love the diverse range of pumpkins! #Halloween #pumpkins #mumlife 🎃💀 https://t.co/FhavEp3NyK,positive_feedback
"@askpanera Yes, after i also found a hair in my soup bowl &amp; the weong dressing on my salad (also playing it off as it they gave me the right one)",general_question
@116253 you guys call this chicken? https://t.co/DzUig4ATjc,general_question
@Walmart Any chance you could help us out with some sort of sponsorship?  We're already spending thousands of dollars with you through @116255?,general_question
Just got recognized at @Walmart as the guy who buys shopping carts full of sports equipment by an employee.  I think I'm here too often!!!,general_question
@Walmart oh my god you da best walmart,positive_feedback
we all know walmart is better in terms of a lot of things so I LOVE WALMART https://t.co/tr1DaXl3IU,positive_feedback
"@Walmart No, a fellow associate did it for me.",general_question
"@116258 @176 Better one with the ""love"" symbol. Got to dress up at work. Thank you walmart lol https://t.co/IqQic9uT4g",positive_feedback
"@116258 @176 Gaara from anime ""Naruto"" https://t.co/vDtCbxUBEb",general_question
Happy Halloween! Share a pic of your decorations or costume! Here's some pics of mine (overkill maybe?) https://t.co/X6hyMbBIo4 @176,technical_support
It isn’t every day you get 3 carts full of blankets @Walmart and you become friends with the cashier! #Kindnessmatters #litkids https://t.co/v1TWF5F2Ge,general_question
Used @Walmart #grocerypickup and it's a pretty neat service!,general_question
Everybody I’ve met at Walmart is so friendly! I love it.,positive_feedback
@Walmart The pumpkins will be enjoyed by many families this holiday season who might otherwise not have one. So thank you very much!,complaint
Happy Halloween! Look at these pumpkins that were donated to us from the @Walmart Distribution Center! https://t.co/od6OAZocLy,technical_support
"Shout to the @Walmart in Thomaston GA, for actually having gospel music on sale. Bravo, and thanks. 💪🏾👍🏾👌🏾",positive_feedback
@Uber_Support Haha nah I’m good it got here eventually lol,general_question
When I open the GPS map on UberEATS and see that my driver has turned down the wrong street: https://t.co/awQwmNwfUV,delivery_issue
"@115877 hey, I was wondering if you could give me a discount on my food I'm broke!",general_question
"@115877 dealing with a driver who is literally incompetent and just swore down the phone, i hope this isn’t what ubereats stands for?",delivery_issue
.@115873 I️t took our driver over 5 minutes to start moving for our ride. We have a flight to catch. If they can’t do the ride then they shouldn’t accept I️t. #CustomerService,delivery_issue
How did I not get a ride out of this surge!? I’m at the Four Seasons resort and there is only one car around me and it’s farther away. Thanks @115873. #scrubered. https://t.co/qdicFjZlXB,positive_feedback
Ugh! @115873 is there a reason you disabled my ability to respond to a complaint you guys asked me to resend information to?,general_question
@Uber_Support I submitted an online request and expect a cancellation credit to my account as I would of had to pay. Thank you!,payment_issue
Hey @116271 my scheduled ride canceled on me when he was 1 minute away. If I cancel I pay $5. I need a $5 credit.,payment_issue
@Uber_Support Thank you for your response. Put in a request and am waiting for reply!,positive_feedback
@115877 just made a $35 ubereats order from @116273 and did not receive my burrito. Who should I contact?,general_question
@Uber_Support Or even reply.,general_question
@Uber_Support your drivers are now officially worse than the auto walas. And you sit there and refuse to listen.,delivery_issue
@116276 any reason I’m trying to Inform ur support staff that my debit card is being charged fraudulently from another Uber account while I’m at work and no one seems to care?,payment_issue
"@Uber_Support The thing is, it’s the exact same reliability and speed as @154... so why would I pay $15 more for the same product or wait for later when I can just give them my money? Which is what I did.",delivery_issue
.@115877’s surge pricing is ridiculous. I literally just ordered the exact same food from @425 on @154 for $13 less. 🙄,complaint
"@Uber_Support Is there a way I can address a specific issue? Though i already received compensation for that ride i reported, I'd like to mention it would've been avoided if the route to my location was plotted correctly. The map told him to pass through a route that had a dead end",technical_support
Hi @Uber_Support I have a problem with a cancellation fee I was charged but the case fits none of the options. How can I report i this?,technical_support
"@115873 awful customer service, why bother trying to contact the head office?",complaint
"@Uber_Support i’m already registered as a driver, lower the age requirement or let me bypass the rule please",delivery_issue
@Uber_Support i’m 4 months away from being 21 and have driving experience including delivery. i feel i should be able to drive now instead of waiting to be 21,delivery_issue
@115873 i’m only a few months away from 21. let me drive anyway,general_question
"@Uber_Support That's a big lie otherwise my account would be up and running, stop lying, I'll make it public all the lies your guys have told me, been told it would only take 48 hours been waiting 5 DAYS",complaint
"@Uber_Support Nah, I don't want in-app support you people are lying, get my app up and running NOW, I've been waiting for 5 days, you guys are lying, and closed my app cuz I reported another driver with a gun in his vehicles, I'm not stopping, next is facebook",delivery_issue
"@116276 ANSWER ME, WHY IF I REPORT ANOTHER DRIVER WITH A GUN IN HI VEHICLE MY ACCOUNT GETS PUT ON HOLD????????",delivery_issue
"@Uber_Support I already messaged you her email address. Not sure what you mean with in-app support, but do you realize you guys deactivated her account?",technical_support
"@115873 @Uber_Support 
My wife account got charged w 2 uber eats orders we never placed.
Called help number,  and after 20 min hold, all we were told had to email uber help
Seriously?",payment_issue
An uber driver 1)let me drive 2)started petting my hair as I drive 3)hugged me goodbye and 4)proceeded to touch my ass dyring said weird ass hug @115873 get ur shit together,complaint
"@Uber_Support I booked a trip with you tonight, and after I paid for the trip the driver never came and the drive was completed in the app, what can we do to get our money back?",refund_request
@Uber_Support I definitely did this to no avail - it kept defaulting to the terminal.,general_question
"@Uber_Support; why do you make it impossible to arrange for a pick up at an FBO at an airport? I'm in the US and no matter what I do, the pick up location defaults to the terminal. I'm not at the the terminal. I'm at the FBO. You guys lost 3 rides tonight.",general_question
"For those of you who saw my insta story earlier today, I am safe. I got into a car accident while riding in my @115873 and am currently being checked out in the ER. Moments like this make me realize how quickly things in life can change and how lucky I am to be here. I thank God.",complaint
"@115873 @116288 My friend, Harsh Ranjan left his phone in uber cab while returning home. He tried calling his phone, it rang at the beginning then after few seconds it's coming as switched off. I am sharing the driver details and trip details. Kindly help. https://t.co/m1QNY1rSm2",delivery_issue
@Uber_Support Minimum fare rides lose money. Fix it.,payment_issue
@Uber_Support Already did weeks ago. Been answered to reboot/reinstall.,general_question
@Uber_Support Well paypal payment not working since the start of the week.,technical_support
@Uber_Support since the ParisGamesWeek your system dosnt work by paypal. F*** it i'm taking taxis.,payment_issue
@Uber_Support I already tried this. It failed.,general_question
When your @115873 driver accuses you of stealing his “hustle” money from his cup holder but then finds it under his seat and was rude and disrespectful &amp; denies you a refund...,refund_request
@115877 Tell me why I've called support four times and been on hold for ages every time .. If no one answers what's the point of having a support number,general_question
@USCellularCares my phone warranty had expired one day,general_question
"@115817 has ONE job...so why is my daughter's bday gift lost? Despite bar code, no one knows where it is. GREAT job. @81 ONLY from now on.",positive_feedback
"@AsurionCares just got off the phone w/ a rep, Austin, can I just say that was one of the best customer service experiences I’ve ever had!",positive_feedback
"I bought @172 #LUMIX &amp; sensor crapped w/in 6 months. It's been ""in repair"" 6 wks. At this point, I say go another brand. cc/ @116297",complaint
@GloCare 08070635658,general_question
@GloCare  a feast for glo collecting tat funds as if I don't know wat to do wit money please delete all unnecessary things I didnt subscribe,payment_issue
"@115877 AND NOW, I CAN'T EVEN REORDER BECAUSE THE RESTAURANT IS CLOSED!!!!!!!!!!!!!!!!!!!!!!!!!! UBER EATS UBER SUCKS.",complaint
Um.... @Tesco ... This is not 12 centimetres... https://t.co/yptB7ErYQx,general_question
@Tesco Well I have tried and they clearly said they can't as I opened the box,general_question
@Tesco Thanks this was an online order and I don't know why but all yh nappies were like this and I have been using this for over 9 months and never has this issue,technical_support
@Tesco hello i want to know recently I bough Ann online grocery order what some baby nappies in them as well but the nappies wouldn't even stay on the child for some reason one half box was like that and they were leaking so I called contact centre and they said they can't do nth,technical_support
@Tesco @116302 @116303 They only seem to have released 23rd?! Furious!! 😡,general_question
"@116304 @Tesco @116302 Tesco said to me when i asked, only customers in our Fulfillment Centres can get Christmas Eve slots (London mainly)",general_question
@116304 @Tesco @116302 some areas are not having a 24th delivery apparently,delivery_issue
"@Tesco @116303 I'm in and have booked, cheers.",positive_feedback
@116302 @Tesco glad your sorted!,general_question
"@116303 @Tesco Cheers, all the best.",positive_feedback
@Tesco @116302 @116303 What’s the problem Tesco’s? Why is website busy !!!!!!,technical_support
@Tesco @116302 @116303 What a joke. Queuing for Xmas slots!!!,general_question
@Tesco @116302 @116303 😡😡😡😡😡 still waiting and got the bowl of cherries,general_question
"@Tesco Thank you, yes. Gave up at midnight. Went to bed, got up at 7, and got a reasonable slot.",positive_feedback
@Tesco @116302 @116303 None on there,general_question
@Tesco @116302 @116303 No they’re not 🤔 https://t.co/7HMIQXfyMQ,general_question
@116308 @Tesco @116302 I've just booked my slot for 23rd,general_question
@Tesco If you can actually get onto the website to order ......,general_question
@116309 @Tesco Not just us then! Queue time!,general_question
@116310 @Tesco Stick with it. I’ve just got through after a 20 min wait.,general_question
@Tesco @116302 @116303 Except your website is just saying it's busy so won't load!!!!!!,general_question
@Tesco I did thank you,positive_feedback
@Tesco I did thanks 😁,positive_feedback
"@116303 @Tesco Really, OK ta.",general_question
@116302 @Tesco midnight apparently!,technical_support
"So @tesco when you say 'early hours' for the delivery saver Christmas slots, just how early please, lunch in the Ashes, or first drinks break? Cheers.",delivery_issue
"@AmazonHelp 先日教えていただいたように、fireTVstickとルーターの両方を再起動してみたら、前回のようには途切れなくなりました！ありがとうございます😊今の所大丈夫ですが、あとは72時間TV当日に接続が切れてしまわないように祈るのみです...。
お礼と報告まで。 https://t.co/hS5VmxuIfX",general_question
@AmazonHelp ご丁寧にありがとうございます！トライしてみて改善されなければCSへご連絡します。返信いただけると思っていなかったので本当に嬉しいです！,general_question
"@AmazonHelp ありがとうございます！
テレビにstickを接続しているのですが、WiFi接続がすぐに切れてしまい、数分しか見ることができません。",technical_support
@116313 fire TV stickを購入したのですが一瞬しかうつりません.°(ಗдಗ。)°.どうしたらいいのでしょうか...,general_question
「#72時間ホンネテレビ」をFire TV Stickで観よう。11/2 21時からAbemaTVで生放送。Fire TV Stickなら、大画面で楽しめます。Prime Nowにて、500円OFFキャンペーン実施中(エリア限定)。https://t.co/B8u1j1MVBu https://t.co/guqfbltFj1,general_question
"@AmazonHelp Just now, don't use Amazon much so didn't know the process if you don't receive an item",general_question
@AmazonHelp Wasn't tracked as sent via Royal Mail. I've emailed the seller.,general_question
@AmazonHelp Yeah I sent you a DM too. Had an email saying when it had been dispatched but nothing since.,general_question
"@AmazonHelp Hi, I ordered an item on 18 Oct which said it would be delivered by 20 Oct and I still haven't received it. Can you help? Thanks",delivery_issue
"@AmazonHelp I'm learning German, so I don't really mind between German/English. If I have to choose, I say German.",general_question
"@116316 Hi. How can I restrict results to German language books, while searching titles on amazon.de?",general_question
@AmazonHelp I allowed it well past 8 PM. I was never notified about any other delays,general_question
"@AmazonHelp I made a same day ship mid Monday and it said it would deliver that day. It didn’t. Today it still says out for delivery, still no show.",delivery_issue
"@AmazonHelp hello, I’m having an issue with a same day ship order.  Can you help me?",technical_support
Erm @AmazonHelp I bought this item for £5.99... why am I only getting £1.67 back?! https://t.co/lb33bFOcW0,general_question
@AmazonHelp Where is my order? https://t.co/pXnKSCo2ex,general_question
@AmazonHelp Bummer! I was hoping to get it quick. Oh well! Thanks for the response.,positive_feedback
"Hey @115821, why is your Prime 2-day delivery not arriving until Monday? Is there a holiday I don't know about?",delivery_issue
"@AmazonHelp yes i did,but amazonuk is not doing the refund process.if they do it .i will get the money",refund_request
@AmazonHelp i mailed amazonuk so many time. but i havent got any progress.customer care just saying thats in the billing section.no i havent got refund,refund_request
@AmazonHelp and redund issued on 13th https://t.co/1uydlorGCp no sing of my money and amazonuk just saying its in the billing department.no signof devlp,technical_support
@115830 amazonuk took money without any https://t.co/w25zXi7DYp they are not giving it back nor giving clear statement of my refund proces,refund_request
"@AmazonHelp legacy ""shared prime benefits"" account trying to join an amazon household of the prim. account holder to share echo and set up voice profile",account_problem
"@AmazonHelp I've been in the prime queue, kindle queue, the echo queue, and now on hold again.",general_question
the @amazonhelp queue is clueless on Amazon Household,general_question
@AmazonHelp Well ok but @116324 said it’s been dlvd so I can’t see how they will bother to deliver it now! I think they have washed their hands of it,general_question
@116324 not dlvd after 1 wk. U lied 2 @AmazonHelp saying left in safe place on Fri. Yesterday u said wld be dlvd 24-48hrs. Sort this now!,complaint
@AmazonHelp I have made many calls to Amazon CS. No resolution. Now what? Member since ‘98. Need corporate involved.,general_question
@AmazonHelp I’m not talking to customer service again. THATS part of the problem. I want someone in America @ corporate who can make decisions.,technical_support
@AmazonHelp So I see that Amazon Twitter is staffed by the same people as customer service. Each answer here spoken by s different person (or bot),general_question
@AmazonHelp No on the card. It works only half the time. Yes on USPS. They say my delivery person won’t deliver anything over 30 lbs. just sends it back,delivery_issue
@AmazonHelp Want to speak to someone at corp to address these issues.,technical_support
@AmazonHelp Multiple calls to call amazon call center with zero resolution and never a promised call back.,general_question
Rapidly losing faith in @115821 and their #esl CS ability to solve problems. No resolutions or follow ups.,technical_support
"@116327, @idea_cares @116328 @116329 ,yet in 2017 we are facing very poor network in my village and surrounding locality.",technical_support
@idea_cares I already replied via DIRECT MESSAGE,complaint
"@116331 @idea_cares Me &amp; my father have a security issue to report &amp; incompetancy of your Representative from connought place, delhi. That has costed us more than rs.1000. And till date we're suffering from the way idea has handled my dad's case. Need urgent help.",technical_support
@AppleSupport $100 billion says that solves my problem? I’m on 11.0.3 currently. Hold please.,technical_support
"Cupertino, we have a problem. .@115858 .@116333 .@AppleSupport .@190 https://t.co/ImMcJ8QsTM",technical_support
"@AppleSupport Yes, after the update. I Phone 7",technical_support
"@AppleSupport why is my battery life short? I updated to 11.1, my battery is poor. Wife didn’t she likes her battery life",technical_support
@AppleSupport But this does not show the music stored on my phone like it did in os3. I do not want to store music on my phone.,technical_support
@AppleSupport watchOs4 made my watch pointless Browsing music on my phone via the watch was 80% reason for buying it now it’s useless.,complaint
@AppleSupport Hopefully that helps...,technical_support
"It’s been a few days since @115858 made me update my phone’s operating system. Now constantly glitching, hmm 🤔 I’m shocked!",technical_support
@AppleSupport iOS 11.1 it’s been getting worse for a few months now,technical_support
Question- @249 @115858 my iPhone6 dies very quick (have to charge it 3 times a day) my iPhone5 battery was faulty. Could this be the same?,technical_support
"@AppleSupport iPhone 7+, iOS 11.1",technical_support
And why is my music NEVER in my control center?! @AppleSupport,technical_support
"@115858 Just updated iOS on iPhone7, now iCloud backup greyed out, cannot be turned on, says “Last Backup Never”",technical_support
"@AppleSupport Hi, I plugged an adapter straight into the transformer and it still didn't charger. The charger LED does not light up either.",technical_support
@AppleSupport ...cost for sending in for diagnosing a problem if it's out of warranty?,technical_support
"@AppleSupport hi, I have a problem with my macbook pro, it won't turn on, I think it might be the charger but not sure. Is there a...",technical_support
@AppleSupport still no reliable Bluetooth on my iPhone 8+.,technical_support
"@AppleSupport When you roll the month, it does not appear and hangs",technical_support
@115858 when will the bug in the calendar app be fixed? I upgraded to iOS 11.1 and it still crashes when iOS 11.03,technical_support
@AppleSupport do you have any apps for epilepsy so I can detect my seizures thanks in advance,technical_support
"@115858 really needs to fix this update. My phone has never been slower, for real.",technical_support
@AppleSupport 11.0.3,technical_support
@AppleSupport newest version of iOS and iPhone 7,technical_support
My iPhone has erased and re-added emails dating back from 2013 til now twice in the past 24 hours. Wth??? @AppleSupport,technical_support
"@AppleSupport While I️ have u,as imessaging has become so impersonal &amp; frequent, when will you implement italics/bold etc 2 give more context to message?",technical_support
Is anyone else having problems with there iPhone 7 saying no service? @115858 @115714,technical_support
So why is this happening I️ I️ I️ @AppleSupport,technical_support
@AppleSupport Yes,technical_support
I keep getting this error message saying “the item can’t be played” and idk how to fix it... @115948 @AppleSupport,technical_support
@AppleSupport I did,technical_support
@AppleSupport @AppleSupport ^^check this out,technical_support
@AppleSupport Internal problem. Any suggestions on how to help? Im not paying for a new phone because I didn’t cause the damage.,technical_support
"@AppleSupport They could nothing worked. I went into the Apple store in lynnwood, and the guy tried to charge me for a replacement phone although it’s an",technical_support
@AppleSupport See how it says searching at the top instead of giving me signal?.....I’ve been dealing with that for 2 weeks and sprint did everything https://t.co/iB0NsSeL1G,technical_support
@AppleSupport HELP ME. I have a problem with my iPhone 7😑,technical_support
"@AppleSupport Any idea why icons show up like this? I did force reset to no avail. After initial notification display, they show up. https://t.co/qBFIAlpGyD",technical_support
@AppleSupport It’s sorted. Thanks. iOS update needed a change and hard reboot,technical_support
@AppleSupport ios 11.0.3 on 6s. Cannot adjust alarm volume so waking up all in my house and neighbours despite ringer being set to minimum!,technical_support
@AppleSupport live photo keeps turning on in the camera even when it’s set to stay off. Please fix in next update.,technical_support
Do any of my friends actually know IT and problem solving since 4 @116021 people can’t figure it the fuck out?,technical_support
"@CoxHelp Both. 18 down and 17 up, wired. And 8 down and 7 up wireless",general_question
@CoxHelp You may,general_question
"@CoxHelp And here is my speed hardwired. I realize you guys say speeds UP TO a certain amount but if I’m paying for that amount, I shouldn’t be getting 8 or 9 download. This is outrageous. I pay for up to 100 I believe. Why can’t I even get half of that?! https://t.co/SVLMci7wmJ",complaint
@CoxHelp I’m trying to do it via what i have set up but I don’t have a computer. I might be able to. Hang tight,general_question
"@CoxHelp So, as you can see something is clearly up. I actually found out I’m paying for up to 300mbps download and I’ve not even hit over 100 yet. https://t.co/iGbzc18mZL",payment_issue
@CoxHelp @CoxHelp any reason why I’m not even hitting 100? What do I have to do to get this resolved? I’m obviously not even getting a third of what I pay for.,payment_issue
"@CoxHelp Unfortunately, I only have the Ethernet cable I was provided through Cox.",general_question
@CoxHelp I’ve run the test across multiple platforms. I have a technician coming out to resolve the issue as the packet loss is incredibly high,technical_support
@CoxHelp The associate I spoke with does,general_question
"@CoxHelp There’s definitely an issue. I’ve run multiple tests across Cox, Speed test, and ookla. I’m getting around 11-18 download. As for the trace routes, the associate I spoke with on the phone may be able to provide that. But I’m not getting anywhere near 300 down",technical_support
@CoxHelp Thank you. Will post results,positive_feedback
@CoxHelp This is the Ethernet cord I was given with the modem. Unfortunately that’s the only one I have. Even at 100mbps that’s 1/3 of what I could potentially get via my plan but I’m only seeing 11...,general_question
@CoxHelp Here’s WiFi even though I have the th Panoramic. Not at all close to what I’m paying for. Running the wired one now https://t.co/scJ3wrfQPc,technical_support
"@CoxHelp I continually give you guys the benefit of the doubt, but I’m paying for (yes I know, UP TO 100mbps down) and I’m getting 8! I need this fixed. Like yesterday.",payment_issue
@Uber_Support I Dm'ed you!,general_question
"@Uber_Support I need help with my Account, It gets disabled every time I try to login and it's getting really frustrating!😬😠",account_problem
@Uber_Support @115877 you haven’t “reached out”. Please refund the cost of the inedible food without delay,refund_request
@Uber_Support Just did,general_question
"Hi @115877  this is an inadequate response to me telling you I had to throw away the entire £18 order. If eat in, would’ve been sent back https://t.co/lqjrLk8BYw",general_question
@Uber_Support I ordered food through uber eats. I did not get the delivery. Please contact me.,delivery_issue
"Hey, all, this guy picked my cousin up in Pittsburgh on Friday for @115873 and tried sexually assaulting her. His name is Feruzbek. https://t.co/rfzLT3fn5Q",general_question
@115877 @Uber_Support,general_question
"My @115877 app doesn't work ever, it won't let me order food. Keeps saying I need to confirm my phone number 🤦🏽‍♂️ ///",technical_support
.@115873 how do i dispute a charge?,general_question
@Uber_Support it's fucking cold and we have to wait 15 min. I want to cancel my taxi. It doesn't work. Pls help. There are taxis inf front,technical_support
@Tesco So why put 4 in the reduced to clear at a price that is more expensive than 6? It's the same store. Misleading and incompetent.,general_question
@Tesco It was 4 loose pies in poly bag with a  label.. local staff said different ingredients was the reason!,general_question
@Tesco Haddington: 6 x Mini Melton Mowbray Pies @ £1.00; 4 x Mini Melton Mowbray Pies on reduced shelf @ £1.04! #TesCon,general_question
@Tesco One of the reasons I usually shop elsewhere is complicated special offers &amp; then being told at checkout how much money I have saved.,payment_issue
"@Tesco Then manager said they had different ingredients! Exact same description, different ingredients...I doubt that is legal.",general_question
"@Tesco This annoyed me because I already had the 6 pack. Saw reduced to clear offer, put 6 pack back on shelf &amp; found it was cheaper than 4 pack!",general_question
@Tesco To avoid misleading public standard procedure should be to ensure goods on clearance shelf are cheaper than same goods elsewhere in shop.,general_question
@Tesco Im just gonna pop back to the store when passing. It will be much easier. I dont have the receipt details but i think they were a quid.,general_question
@Tesco im gonna take u up on your satisfactory offer &amp; return these. Theres an overwhelming taste of coconut &amp; milk powder but no curry! https://t.co/TxJ6b0VBy8,general_question
@Tesco Hi - I’ll send photos if that’s okay?,general_question
@Tesco hello! Bought a lasagne earlier - husband just opened it and it’s got mould on it. Manky!,complaint
@Tesco I managed to checkout thank you luckily didn't loose me space 😂,positive_feedback
Imagine getting half way through your shopping to find this 😑 @Tesco I better not loose my slot. #1stworldproblems https://t.co/VNi3PIDo6h,technical_support
Dear @Tesco I found a hair in food I bought from you. It’s not my hair as I have a no1 cut. https://t.co/T5CXcY0GcF,general_question
@Tesco I spoke to a check-out guy who said he worked in stock and he said something about freezers being broken. But that’s not good enough.,technical_support
@Tesco I also then drove to Tesco Prestwich and they only had 2 packets of Quorn mince left.,general_question
@Tesco came specifically to buy some Quran mince and was met by this in Cheetham Hill. Not impressed! https://t.co/w7lTbOsjeP,general_question
@116369 @tesco I am a regular customer however I’m shocked to have bitten on a piece of plastic in 1 of your doughnuts today. https://t.co/SHg5jYtpaA,general_question
@Tesco Since when does tikka masala have cashew nuts in it? 😡,general_question
Nice to know that @Tesco clearly label their products what aren't suitable for people with nut allergies! 😡😤 I nearly died. https://t.co/M33mG0875W,general_question
@Delta Just giving credit where it's due.  Thank you,positive_feedback
"Dear @Delta, thank you for providing excellent service &amp; employees who truly care about the customer experience.  You stand out in the crowd",positive_feedback
Thanks to the @Delta gate agent at D7 at @116373 for being so kind. This airport is great! Get why it’s voted tops so often.,positive_feedback
@115888 In other news should probs upgrade from shitty 12GB package,complaint
😩 @115888 you take up too much storage even with zero playlists downloaded for offline listening. Need to reduce or make a compact version. Spotify Lite? You can thank me later 😉,delivery_issue
"@SpotifyCares Montreal, where the ad itself says I’m not allowed to get the deal.

We had another tweet exchange a few days ago when you emailed me the same offer.",general_question
"So @115888 @3493 @SpotifyCares: three days later you’re still advertising a sale to me for which I’m geographically  ineligible, this time on Facebook. You know you can choose where you want your ads to display on FB, don’t you? https://t.co/AHEZ1EtC57",delivery_issue
@SpotifyCares You actually are amazing 😘😘😘,general_question
@SpotifyCares https://t.co/RLvNj5Ifow - you having a party without me?,general_question
.@SpotifyCares any way to block this particular ad? Happy with ads/dont want premium. Just this ad is really hard to watch over and over and over. Please help. https://t.co/MsW8FjmKw1,technical_support
@115888 Im already a premium user can i still avail this promo?,general_question
Unli skips. Unli fun. 3 months of Premium for ₱9. https://t.co/Q2YbLhp7U6,general_question
"@SpotifyCares Thanks for the quick reply! I got it to work after un/reinstalling a few times, but I’m on MacOS High Sierra. Looks like version 1.0.68.407.g6864aaaf? I’m not sure what the initial problem was, but again, it’s working now.",technical_support
"@SpotifyCares I've been trying to select ""no"" for this option multiple times but every time after closing the settings, it goes right back to ""minimized."" I do not want this to boot up at startup. What gives? https://t.co/vX8vY4l0st",general_question
"@116381 Hey hey! Thanks for reaching out! @SpotifyCares, could you help out with Pascal's payment update?",technical_support
"@116380 Hey guys, I tried to update my payment method and add my Aussie visa credit card but it tell me that the card is for a ""non-spotify country""? I'm trying to migrate my account from France to Australia since I live here now and I can't do that unless I use an Aussie card",technical_support
"@116382 Booooourns. @SpotifyCares, could you please help out with this one?",general_question
Hey @116380 you linked the wrong LDRU on his collab with Nicole Millar xx https://t.co/cLsl3vPgtu,general_question
@115888 only credit card??,payment_issue
3 months of Premium is just RM2. Play music offline wherever you go. https://t.co/nr8m1VIWk4,general_question
@SpotifyCares I doubt it :/ but thank you for replying!,positive_feedback
"@SpotifyCares why is this album on Spotify if it's not playable? It would be super if was available, THIS IS #2NE1 playlist would be complete if it had all the songs from their first mini album https://t.co/NdN2Hbtdfl",general_question
"@SpotifyCares every single time someone sends a Spotify link, it never works the first time. I have to 
A L W A Y S press the link twice for it to work 🤦🏻‍♂️🤦🏻‍♂️ https://t.co/MZ9Ai1cFaT",general_question
@SpotifyCares I'm using my facebook account as a method to log in.,account_problem
@115888 Why?? https://t.co/YCUDOLf2za,general_question
Unli skips. Unli fun. 3 months of Premium for ₱9. https://t.co/8ZRlqNPqtf,general_question
"@SpotifyCares Over all connection, I get this notification from the phone as for loving in and out I did a fresh install, no luck!",technical_support
@SpotifyCares Spotify 8.4.24.871 Android version 7.0 device: a brand new Huawei mate 9 . I will look like an ass if it's a matter of just updates😊,technical_support
@115888 the app is killing #phone #battery  fixing this problem? How is this okay. I guess you are getting the money without any complaints,technical_support
"@115888 this layout looks nice, but really isn’t friendly to left handed users.. my thumb isn’t long enough to hit play! https://t.co/f0mPzFgVcV",general_question
@Uber_Support @116389 Beef^^,general_question
LOLLLLL our uber just got pulled ov by tu police and £100 fine,general_question
"Dear @115888 how do i get my discovery playlist to stop suggesting Dutch music to me, it's been a year",general_question
@SpotifyCares is there anyway to move songs around so they're in my order and not the order of when I added them...if that makes sense?,general_question
@SpotifyCares Thanks. Here's the link: https://t.co/Luc4FiDrIm,positive_feedback
"@SpotifyCares What keywords besides ""playlist"", ""playlists"", + ""song"" would I use?",general_question
@SpotifyCares I feel like my idea has similar keywords as the one I was told to go to – that's closed and can no longer be voted on.,general_question
"@SpotifyCares Hi. My @115888 playlists idea's status got changed + can't receive any votes. They sent me a link to a ""similar idea"", but it's closed.",general_question
@SpotifyCares Thanks!,positive_feedback
"@SpotifyCares I've dragged so many songs to the same playlists over + over. One of the aims of technology is to make everyday tasks easier, right? =]",general_question
Spotify really needs a feature to add songs to multiple playlists at once. @SpotifyCares,general_question
@SpotifyCares AC/DC....,general_question
"@SpotifyCares Well done, guys. 👍🏼 https://t.co/s9HZ9EqjEX",general_question
"Hey @SpotifyCares did you take ""You shook me all night long"" off spotify just to piss me off? Why remove the greatest song ever made?",positive_feedback
@SpotifyCares https://t.co/T85iGba29f,general_question
@SpotifyCares It’s on the mobile app,technical_support
My only Halloween song won’t play and I’m starting to get upset. @115888 help,general_question
@British_Airways Actually I asked and the customer advisor and he said that it was local rate and I may not incur any cost. I need to make people aware,general_question
@British_Airways Daily post will be tweeted,general_question
@116396 @British_Airways If you called an 0844 number this is premium rate with an additional Service Charge benefitting BA.,general_question
@116396 @British_Airways If you called an 0344 number this is inclusive in allowances otherwise charged same as 01 &amp; 02 numbers.,payment_issue
@116396 @British_Airways The call charges for 01/02/03 numbers are set entirely by the caller's phone provider.,general_question
"@British_Airways you have charged me 32.19 for a phone call to book my flights which cost £3,700",payment_issue
@British_Airways Am trying to check in online for a flight to USA however it is saying in need an esta which I have and is valid till 2019,general_question
@British_Airways Thanks. Do you know if you will be running it winter 2018? Specifically Dec 2018 - Jan 2019. Planning a hol and was hoping to use this route,positive_feedback
"@British_Airways Ok thanks for your reply.I will keep an eye on the website.My husband and I are planning for next year, hopefully you run the route. Thank u",positive_feedback
"@British_Airways do u run the direct BA flights lgw - Lima / Lima - LGW all year round? Was looking for Dec 2017, couldn't see any. Thanks",positive_feedback
"@British_Airways I want to know your office locations in Lagos &amp; Abuja-Nigeria,  and respective contact numbers for travel purpose.Thanks.",technical_support
@British_Airways Thank you! Jane👍🏼,positive_feedback
@British_Airways I am a silver avios member flying from AMS to HYD in Premium Eco- is there a lounge in Schiphol Airport that I can use?,technical_support
"Disgraceful @British_Airways, flew Club Europe got crushed knees. Flew Tui - loads of room. Not wasting money with @British_Airways again",payment_issue
"@ComcastCares
#mobile_CareXI
My Xfinity internet is not working. Can you help?",technical_support
"My DVR is fucking up and won’t let me record hocus pocus, WTF @115900.",complaint
"Just know when @116136 or @115900 promises a free it’s a lie. 

Over 10 calls a month to get the charge removed. 
#CUSTOMERSERVICEFAIL",complaint
@116407 @116136  https://t.co/NXsex7amiW,general_question
@116406 @116136  https://t.co/JgNnQsVKX6,general_question
@116407 @116136  https://t.co/1T9NYDfbuw,general_question
@116406 @116136  https://t.co/kodKqGhPRJ,general_question
@116407 @116136  https://t.co/0smhgLv0BL,general_question
@116406 @116136 Did you try unplugging it and plugging it back in though? That's the real question,general_question
"@116407 @116136 Idk how many times they have asked me that 😂 like listen here fuckers, I own a high quality router with a low quality internet provider",technical_support
@116406 @116136 Stopping,general_question
@116407 @116136 Stop. Stop right now Tucker.,general_question
@116406 @116136 It might be your router. Does it need an update?,technical_support
@116136 It is constantly connecting and disconnecting my Wi-Fi. I'm trying to do homework for school. Get with 2017 and fix your fucking internet.,technical_support
I'm fucking sick and tired of @116136 internet. I've already contacted them 5 times about how shitty their internet is. Nothing has changed,complaint
@comcastcares Already fixed! Thank you!,positive_feedback
Is there anything wrong with anyone’s @115900 service? No WiFi or cable for me😡,technical_support
@comcastcares Again,general_question
@comcastcares Already called...talked to two very nice young ladies who apologized for the problems but had no solution for repeated outages. Area outage,technical_support
"Posting from phone on 4G, even though I'm home &amp; have @115900 cable/internet...for like the 8th time this month. One guess why. #Frustrated",complaint
@comcastcares @116410 And give him full gig up and down with no caps. Even my local telephone co-op (FTC) gives me this. Don't be a corporate greed monster!,general_question
Hey @116136 if you could hurry up with gigabit internet that'd be great! I need more upload speed!,technical_support
@comcastcares is this where I report an outage?,general_question
@116136 why don’t your marketing emails have an unsubscribe link?,general_question
@comcastcares Thank you!,positive_feedback
@comcastcares We are good! Just memorizing the new channels!,general_question
@comcastcares I will try it once I wrestle it from the kid!,general_question
@comcastcares Is this in the remote itself? Under setup or help?,general_question
When will the infinity voice remote be able to find high definition channels again? All verbal searches go to low def. @comcastcares,general_question
"@AmericanAir Oh god, we’re in ascent and this baby just went full Chucky. Happy Halloween?",technical_support
"@AmericanAir Like, any?",general_question
"@AmericanAir Okay, well, I’ll start this conversation back up after I buy WiFi in the air. Cya in a little bit.",technical_support
"@AmericanAir Oh, wow. We are in ascent and this baby just went full Chucky. Happy Halloween?",technical_support
"@AmericanAir I gotta admit, this baby has some commitment. #stillgoing",general_question
@AmericanAir #stillgoing,general_question
@AmericanAir Should have brought earplugs and ambien. #stillgoing,general_question
@116415 @AmericanAir jeez!,general_question
"@116416 @AmericanAir The entire flight, dude.",general_question
@AmericanAir Bought a flight pass to tell you guys this baby is still Chucky possessed screaming. Only seats available in cabin are the ones around me.,general_question
"@AmericanAir #blessed, I guess.",general_question
"@AmericanAir Oh, my god, she’s been going for ten minutes.",general_question
"@AmericanAir Like, this is really bad.",complaint
"Yo @AmericanAir, I’m on flight 48 32C (DFW to Paris) and sitting next to THE loudest baby I’ve ever heard in my life. How about an upgrade?",general_question
@AmericanAir - I give you grief when things go poorly.  Here’s some credit: The guacamole in the Admirals Club is an outstanding addition. https://t.co/kfjAW6FMTf,general_question
"@AmericanAir I'm aware. Fits in overhead.This was a return trip. Had same luggage going. This was pre-security. Gate chck, ok, but Empty overheads on flt",general_question
"@AmericanAir Despite flying w/ same from EWR, forced @ MIA to check guitar &amp; charged $25. Not @ gate, B4 security. Flt not full. WHY?",payment_issue
Yo @AmericanAir why are there fifteen empty business class seats and only one person that got upgraded? #Weak #NoTreat? #ThenTrickItIs,general_question
@AmericanAir Yes I did! I'm sending you a DM now.,general_question
Still waiting on @AmericanAir to compensate for all the crap they put @58 and I through on our honeymoon...almost a year ago. 🤔,complaint
@VirginTrains Night Joel,general_question
@VirginTrains can u confirm how long was the delay for 2043 train from London Euston to Bham New Street on 23/11/17? Train announcer even announced it 45mins late. But I’m getting reply for my refund claim that it was 9mins. Pls &amp;Tq,refund_request
@115911 People who get the new iPhone every year pay more then everyone else because of the the down payment. I’d much rather pay more per month,payment_issue
"@116423 Since the iPhone X is a more expensive model, we’ve set a down payment to give you lower monthly payment, Brandon *ErikS",payment_issue
@115911 I’d like to get the phone but can’t afford to pay almost 400 on the spot. Other carriers don’t require it and I’m thinking of leaving TMo,payment_issue
@115911 Please let people pay higher monthly costs and eliminate the ridiculously high up from cost. It costs more per year than anyone else,complaint
@115911 Please go to my profile and help me with my latest tweet,delivery_issue
@115786 All my messages from .@115911 for support or updates are in Spanish. I have called 4 times to fix nothing! Help .@TMobileHelp,technical_support
Don't miss tomorrow’s #PUBG [T] special event. Our stream kicks off at 11:30 AM PT at https://t.co/jyGagkjseQ. https://t.co/Q1u2sQkJtE,general_question
@115911 I do will let’s be petty together  Spring ain’t shit,complaint
@116426 That's what we're here for! Check out #CarrierFreedom! https://t.co/QoxoxGa5yo *ErikS,general_question
@115714 I can’t believe you treat your customers this way unacceptable RUDE disgusting @115911 buy our contract or whatever it is,complaint
@TMobileHelp Can someone help me with a question I have please?,general_question
Hey @115911 how come none of the #TMobileTuesday deals are working??,general_question
That's so funny! Our crew was thisclose to dressing up at the Treasury team from @southwestair.  Maybe next year! 😉 https://t.co/GPaOQvnMlN,general_question
@SouthwestAir So does a Teddy Bear count as a personal item for  @116430  on his next flight?,general_question
"@SouthwestAir .Happy Halloween everyone! Have fun, be safe! #DontDrinkAndFly .. unless you’re with @SouthwestAir 🤓⚡️ https://t.co/JIFnTh1lS5",technical_support
"@116432 This is ironic and amazing. I’ll be in touch, look for my 🦉.. @SouthwestAir",general_question
@116430 https://t.co/eQqi9xisXh,general_question
@SouthwestAir @116433 What kind of reply is this? Get real SW,general_question
@SouthwestAir @116433 Or you could give him cash you cheap assholes,general_question
"@SouthwestAir I'd have to fly your airline again to do that, so no. Not after you screwed me over last time. Never flying Southwest again. #neverflywn",general_question
@SouthwestAir Here its 615787351 and just go ahead and close the account i am done with you. I will call chase and cancel out my RR Visa. adios,technical_support
It looks like @SouthwestAir is trying to make up to me. Too bad they sent drink coupons to an almost 4 year sober former alcoholic. https://t.co/RVPn7wBLSv,complaint
When’s season 3 of Rick and Morty going to be on @115940?,general_question
@Uber_Support Already spoke with you guys through the app. Wasn't helpful.,technical_support
"Uber driver drove me to wrong location, makes me get out anyway and @115873 won't provide a proper refund 🙃🙃🙃 #Delete #Fail Sup @115879 😘😘😘",refund_request
@hulu_support why is the audio not syncing with the shows on my @116439,technical_support
I can't even find it on my phone wtf #hulu @115940 why don't your apps work the same.,complaint
@hulu_support you invited me back to Hulu for a free trial but still charged me . Why?  I want my money back.,refund_request
"Hey @115940, get your act together and put the select profile option on smart TVs already. It's been months and people do share devices.",general_question
@115940 where r the rest of my hero academia ?,general_question
@hulu_support Hi i was charged for a subscription and didn't sign up for it,payment_issue
@sprintcare Just sent a DM,general_question
"@sprintcare mine and my brothers data is barely working, we have full signal but nothing is loading &amp; when it does load its very slow, help!",technical_support
@sprintcare Don’t worry about it.... I’m just going to see what other companies offer,general_question
@sprintcare Y’all lie,complaint
I want to go see to @115725 and leave @115714 they are liars,general_question
@sprintcare complete ineptness!,general_question
@sprintcare I am not surprised because nothing works when it comes to sprint!,general_question
@116447 - And the issue is still not fixed!  No one can help!  All the info I get is wrong!  I have been a customer for 12 yrs! https://t.co/MQIImu0yiR,technical_support
@Delta what are the under seat dimensions?,general_question
@Delta Would this be classified as a personal item? Your website does not have dimensions for personal items. https://t.co/EToe4qVuHb,general_question
After today I don’t want to fly with @116450 looks like I’m going back to @delta,general_question
@delta extremely disappointed in your service at SFO. Gate agents are terribly and not helpful at all. #goldmember,complaint
@Delta Didn’t use any bad language,complaint
@Delta “You don’t fly with us enough for us to care or offer you something so fingers crossed it’s too big of a hassle for you to change to another frequent flyer program and you stay with us always”?,general_question
@116453 @116454 @116455 @Delta Miles/points. But useless if the airline isn’t actually helpful and on time!!!!!!,complaint
"@116452 @116454 @116455 @Delta Wait, y'all actually stick to one airline? I just go with whatever airline has the most convenient flight times and whatnot.",complaint
@116454 @116455 @Delta I literally always fly delta for work BY CHOICE!! The one time I fly @Delta for personal travel I end up with this mediocrity.,general_question
@116455 @116452 @Delta Always used delta for years for business. Flew southwest last week for the first time was great and free checked bags. But idk still team delta but getting weak,positive_feedback
@116452 @Delta Figure it out @Delta,general_question
". @Delta on the way to Wisconsin I sat on the runway for an hour and a half and was delayed in the air for 45 mins before landing. Now my return flight is delayed 2 hours without explanation, only alternate flights are tomorrow... smh",general_question
@Delta Thanks. I’m on an international flight so I’ve got time.  🙂,positive_feedback
@Delta Thinking about it.  That’s just 1 way right?,general_question
@Delta Ok.  Let me think about it.  How long do I have to decide?,general_question
@Delta Ok thanks.,positive_feedback
"@Delta for my trip to CDG in Dec, what would it cost in miles to waitlist for Delta 1?  I’m burned out on these long flights.  😕",general_question
@Delta Thx for reply. Understand the concern for safety. Otherwise great flight appreciate getting us home safe during very busy holiday weekend.,technical_support
@Delta why would pilot land 55 mins early no gate avail? DL 088 on ground LAX we are stuck in seats plz let us use the lav 😳🚽#legscrossed,technical_support
@Delta My pleasure ❤🌷,general_question
@116459 @75659 @75660 @Delta Thanks a lot... Great start of Great event,positive_feedback
"Day 2 of #RefdConference contains a great ideas from participants to discuss 
.
#ملتقى_رفد
#هاند_باي_هاند https://t.co/y73f2l5NBD",positive_feedback
@Delta Just did,general_question
@Delta I checked in for my flight that’s  tomorrow and I was moved seats. I was originally on the aisle. I’m hoping you can help?,general_question
@Delta I was disappointed yesterday in flight 2468 when WIFI was offered but it did not work. I couldn’t get work I planned on doing done.,complaint
@Delta Thank you.,positive_feedback
Oh @Delta you were very unhelpful :/ .: never had this problem in all my traveling.,technical_support
@Delta I did cancel within 24 hours. Your computer system messed up.,general_question
@Delta Hey Delta how can I get help with this? Calling in isn't helping,general_question
"@Delta :( Spent money on a ticket, online system says I could get a full refund. I did not. Your costumer service rep wanted me to beg another department for credit and refused to help me. #MoneyStolen #SomuchForChristmas",refund_request
@Delta My pleasure.,general_question
Changing planes at MSP and treated to a glorious sunset. This is why I travel. @delta @28131 #fly #travel #luxury #msp #sunset #airport #momentofbliss https://t.co/HJKCTuNDJT,general_question
@116467 @Delta That looks really good!,general_question
".@Delta free transcon economy meal, sesame chicken noodle salad version. Not bad at all for free. Only complaint is dressing is a bit heavy handed. Otherwise just the ticket. #paxex https://t.co/S2LmU0Kmpw",complaint
"The flight attendant and pilot on @Delta flight 4985 were nothing short of amazing. Super kind, helpful, and funny. Wish they were my crew every time I fly!",positive_feedback
I’m sure delivering my bag would be a lot less than the $10k+ I’ve spend with your airline each year for the past 10+ years @delta. Just a guess though. 🤷🏼‍♀️,general_question
@Delta I went to the service center &amp; spoke to a sup. Wouldn’t refund my $75 OR deliver bags. She couldn’t show me in writing nor was I told I was ‘voluntarily’ separating from my bag. 🙄 Said it would cost Delta to deliver my bag. Apparently 60+ flights a year means nothing.,refund_request
"Hey @Delta how are you going to charge me to move to an earlier flight, not move my luggage to my flight and THEN tell me you can’t deliver my luggage b/c I ‘voluntarily separated’ from it?! I didn’t ‘voluntarily’ leave my bag. 🤷🏼‍♀️",complaint
"@Delta Hi @Delta, I heard back over the phone after our correspondence earlier. I am happy with the accommodation &amp; understand you cannot do both. Thank you and I appreciate your getting back to me.",complaint
"@Delta Hi @Delta, thanks so much for your timely &amp; sincere reply. This is part of the reason I remain a loyal #silvermedallion member. Your generous offer of 5K skymiles for both my wife &amp; I is accepted &amp; appreciated. Please reply or direct message me if you need contact details.",technical_support
@116471 @Delta Thx for the support @116471 - hopefully @delta will do the right thing for Jennifer &amp; I in this frustrating episode &amp; address DTW cust. service issues ....,technical_support
".@Delta was great to me in MBS, but NOT great in DTW. I hope they make this right for @116470 &amp; fix the attitudes w/ their DTW staff. DTW Gate agent was rude to me as well yesterday. https://t.co/rUf80TvLYp",positive_feedback
"@116473 @Delta Despite your troubles getting here, welcome to MN!!",general_question
Dear @Delta Its been a pretty good run lately and I appreciate you for that. But the service Ive received the last two days not acceptable.,delivery_issue
@Delta how about getting flight 1704 off the ground,general_question
@DELTA,general_question
"@Delta This is nuts, sitting at gate waiting for “catering” hope that means you’re feeding the whole plane of frustrated passengers. Travel vouchers??? 4+ hours delayed and still we wait... not fun indeed!",complaint
@Delta DL1704 deplaned at DTW now were sitting at the gate without any updates. Please let us know what’s next,technical_support
"@Delta Great, I also have a question regarding baggage allowance. Could I leave a DM?",positive_feedback
"@Delta Yes, GEX8LD",general_question
@Delta Hi! Trying to cancel award booking that I booked in less than 24 hours online and it says that I have to pay to cancel. could you help me with cancellation?,payment_issue
@Ask_Spectrum Thank you,positive_feedback
@Ask_Spectrum Came back on this morning,general_question
@Ask_Spectrum still no internet going on 15 hours. I already talk to someone this afternoon and they are aware. #disappointed #Frustrating,complaint
@Ask_Spectrum I won’t &amp; that makes me sad,general_question
"@Ask_Spectrum I already stated I would not go to site requested, you won’t DM so just going to call, I miss the ease of solving problems with @11",technical_support
@Ask_Spectrum My download speeds constantly screech to a halt while up works just fine. I’m getting very tired of this.,general_question
@sainsburys I did thankfully! And this evening about 9.30pm. I talked to the checkout girl about the kettle I was buying too.,general_question
"@sainsburys Ok will do, thank you!",positive_feedback
@sainsburys Nooo! I’ve just bought 2 sets of Christmas earrings from your Basildon branch &amp; I think I left them at the till! What can I do?!,general_question
"Hey Becky,let's say one doesn't have a costume,could one still get that deal? Asking for a very hungry friend @ChipotleTweets https://t.co/GrwqVkTqVX",general_question
$3 bowls and @ChipotleTweets isn’t charging for double meat?! Day is made 😎🤙🏻,general_question
What would you do for $3 @ChipotleTweets https://t.co/LeCsAuf5kl,general_question
Chipotle is honestly a blessing @ChipotleTweets,general_question
Get your food for $3 @ChipotleTweets if you come in a costume!!!,general_question
thoroughly disappointed in @ChipotleTweets queso... 1/10... can’t even power through it and finish...just bad.. (but thanks for the boorito),complaint
@ChipotleTweets It's too late. I have ascended into darkness. https://t.co/tpolABrWol,delivery_issue
BOO at #Chopotle who forgot to include my delicious vinaigrette dressing in my bag before I left… @ChipotleTweets https://t.co/NekemyUTKS,general_question
Dressed up as the chicken I'm about to get in my bowl @ChipotleTweets https://t.co/1k8Vyc7JP8,general_question
I got my boorito from @ChipotleTweets and I’m so happy 💗✨👻,technical_support
Just went to @ChipotleTweets and my bowl was only three bucks!! Happy Halloween! 👻 🎃,technical_support
"@ChipotleTweets Chicken, rice, corn ,cheese and guacamole!!!",general_question
Got my $3 #boorito  from @chipotletweets #happyhalloween🎃 https://t.co/csK92IhYn7,technical_support
Thanks @ChipotleTweets !!! https://t.co/M3N3dyvupA,positive_feedback
This $3 Steak bowl from @ChipotleTweets just made my night. 🙌🏾😋,general_question
"@ChipotleTweets I am on line to order, I am hoping its been fixed. I let you guys know. My friends were told only burritos",positive_feedback
@ChipotleTweets I just ordered by bowl and they tried to tell me it was only the burrito that was $3. I had to show them this feed. I will tell my friends,general_question
"@ChipotleTweets The Chipotle on 193 W 237th St, Bronx, NY 10463 is only offering $3 burritos, when the website includes bowls and tacos.",general_question
$3 burritos at @ChipotleTweets today if you're in costume! RT to save a life! https://t.co/GzrnNVAmwY,general_question
"hey @ChipotleTweets, it's #boorito time!  #theRF. https://t.co/fH75f1kFYR",general_question
That chipotle never fills there vinaigrette cups all the way up to the top 😤 @ChipotleTweets https://t.co/RI5E1IPXu7,general_question
@ChipotleTweets woohoo! 😍🎉,general_question
@ChipotleTweets does BOORITO apply to bowls for us GFers? 😰,technical_support
"When @ChipotleTweets offers $3 burritos if you dress up, but you don't have a costume https://t.co/rv2LeCHIZ1",general_question
@ChipotleTweets She had a temporary abortion scare... but she is back to being pregnant dont worry,general_question
My grandma dressed up as “oldest pregnant lady” to get her $3 @ChipotleTweets but couldn’t get out of the house 😂 https://t.co/qw2HexVp35,general_question
Just got my $3 bowl at @ChipotleTweets ❤️❤️❤️,general_question
Come through to chipotle and get your $3 bowl today 😜 @ChipotleTweets https://t.co/aOAeKJ2rZp,general_question
@DropboxSupport I'm using automatic camera upload. The issue seems to occur after taking even just 1 picture. I'm not using offline files on my phone. I have seen similar issues mentioned in the Google play store review comments,technical_support
"@DropboxSupport Samsung galaxy S6, android nougat 7.0  Samsung security update, see Screenshot for firmware version. Dropbox 72.2.2 https://t.co/qwaX0dkZ7v",technical_support
@DropboxSupport there seems to be an issue with the latest Android version. Battery drains. 10 to 20% of battery is being consumed by the Dropbox app. A fix would be nice https://t.co/LXr4BBXFXG,delivery_issue
"@AskTarget I’m not offended, I’m disappointed.  Burnsville store.",complaint
Come on @116062!  Where’s the diversity??  #whataboutme https://t.co/xUoNJ1t3QA,general_question
@AskTarget Do you offer paying for the iPhone X in full as opposed to the monthly payment plan?,payment_issue
"@AskPayPal I’ve sent a dm to ask regarding a charge in my bank acc, could you pls get back to me to advice?",payment_issue
@115993 I've been on hold w/ the claims dept for over an hour waiting for someone to answer. 🙄 whyyyy,general_question
"@AskPayPal hello. why you don't process my request to change my name? I sent copy of passport about a week ago, but you still remain silent.",payment_issue
"@AskPayPal hello bought airtime of LJV0Y5SFRQ Confirmed. Ksh3,298.00  instead of 30.00ksh kindly help reverse",payment_issue
"@AskPayPal I just love the start of email 😁 https://t.co/8u1Pf5rJoN",payment_issue
"@AskPlayStation Ok ya los estoy siguiendo, quedo atento a su respuesta",general_question
@116216 hola realice 2 compras fifa 18 y cod wwii en digital pero lo he recibido el código de descuento me ayudan id: roriak_,general_question
@AskPlayStation U positive?,general_question
@AskPlayStation When i pre ordered ww2 i was supposed to be able to pre download it but it just gave me a timer to release day help,general_question
@AskPlayStation hey why can't I find Steven universe save the light. Isn't supposed to be out already??,general_question
"@AskPlayStation It fixed itself 30 minutes prior to this tweet, thanks for the 8 hour late response anywho...",delivery_issue
@AskPlayStation Status page says the opposite of what my console says,general_question
Hey @AskPlayStation are the servers currently down?,general_question
@AskPlayStation I join Ps plus with the Fifa 18 points but I didn’t get the points !!?,general_question
"@AskPlayStation i have lost my sony offical wireless stereo headset 2.0 adapter,is there anyway i could get a new adapter sent to me?",general_question
@AskPlayStation Trying to  but nba 2k18 with paypal but it keeps not letting me purchase. what do i do?,payment_issue
@AskPlayStation My account gotten took can yall get it the gamer tag is TalibanKelo508,payment_issue
@askplaystation - I have an issue with marvel vs capcom dlc. I would like a refund . How do I go about it ?,refund_request
"@AskPlayStation my ps4 software is stuck on 5.00 but i can still play online, i've been trying to update it to 5.01 but everytime it says the file is corrupted i've tried deleting and retrying, safe mode, restarting my ps4 and still i get file is corrupted.",technical_support
@116216 ¿me pueden seguir para una consulta por privado?,general_question
"@116523 From tech rep: HP won't regionalize my current, working printer, wants me to buy a new one. What? Bad business. Lost this military customer",complaint
@116522 Apologies. Let me know if you are not contacted within the next day.,general_question
@116523 Congrats on worst customer support ever! Over 24 hours since 1st contact and still no solution to simple problem. The worst.,complaint
2) @116016 @ChaseSupport @116525 and yet it will log me in regardless via iOS and website. What kind of lax security are you running?,technical_support
@ChaseSupport Furthermore @116016 @ChaseSupport @116525 you tweeted this back in 2014. So don’t lie to us! https://t.co/XNy5Naulvg,complaint
@ChaseSupport In fact it’s well shared on several forums @116016 @ChaseSupport @116525 https://t.co/ZbF6Nnmoty,general_question
@ChaseSupport Just tested it’s not was alerted to this fact by a coworker. @116526 even had an article about this https://t.co/QU4mifxH9D @116525,general_question
"@AskTarget Well, I’ve already called customer service three times and they still haven’t resolved my issue but I supposed I’ll send a DM and see if there is anything you can do.",technical_support
It is painfully evident why retail places like @116062 are losing out to @115821. The customer service experience is night and day. #targetsucks,complaint
"@AskTarget you do a great job empowering your employees/managers to do the right thing for customers, oh wait, you don’t. Never coming back.",positive_feedback
"@AskTarget I’ve checked the stores near my zip 60431. I have friends in the the following states: MI, OH, KY, IA, GA, FL. Still couldn’t find anything. I really want to find this bedding for my nursery.",general_question
@116062 I’m trying to find DPCI 030-02-8711. No stores locally have it. Can you help me find it at any store in the US? Called Target CSR and no help.,general_question
@AskeBay I add it on the computer and save it. I go on the ebay app and upload a picture that way. Was just curious why it went away. :),technical_support
"@AskeBay It was a feature when you were selling an item from your computer. You clicked ""send to phone"". That feature is gone. :(",general_question
@115937 Why did you get rid of the feature to add a picture to your phone from the computer? That is extremely annoying!!!,complaint
@AskeBay No it's for the promises @115937 made and now are taking back!,general_question
@115937 unacceptable telling people they are in the affected area right after #HurricaneIrma (I had no power for 5 days) &amp; now saying I'm not!,complaint
@115937 The 'most relevant' setting on watch list is a waste of time and as a default setting adds a step. Stop it.,general_question
@AskeBay I still need weekly sales report for 10/1-10/7.  I call every day about this.  I will continue to tweet and call until it's fixed. DM'd you.,positive_feedback
@AskeBay I need my weekly sales report from 10/1-10/7.  Will continue to call the #Philippines until this issue is fixed (though I doubt this helps).,technical_support
@AskeBay #Ebay is super slow and extra glitchy today!  Making my listing process fun and productive!  Thanks!!!  (Fix the site please).,technical_support
"@sainsburys It’s a multi pack so I don’t have the barcode I’m afraid, it was Whitechapel in London",general_question
.@sainsburys what happened to the rest of the chocolate on my corn cakes?? 😭😭😭 https://t.co/VQwWOnWlFe,delivery_issue
@DropboxSupport One more question: how do I enable Smart Sync?,technical_support
"@DropboxSupport ah, yes. I had a work email on my biz acct, which was linked to my personal acct. I unlinked them, tried the link again and it worked. Thx!",general_question
"@DropboxSupport hi, when I follow the link, dropbox asks me to log in with my biz account. I want to apply it to my personal account",technical_support
@DropboxSupport having trouble redeeming dropbox plus annual subscription I bought from Dell. Help?,general_question
@BofA_Help I went into my Branch and was told it was not possible to set up monthly electronic payment into a business account at BofA. Used KeyBank.,payment_issue
Just wanted to pay my shop rent to new landlord. Amazing. Had to use my Key Bank account to set up payments to the Bank of America account.,payment_issue
Bank of America strikes out again. They cannot set up a reoccurring electronic deposit from my account to a business account at their bank!,payment_issue
@BofA_Help Name: Muyiwa Dele Olatunde; Zip:30093; Phone#: 7703743799; Account Type: Checking &amp; Savings,account_problem
"@BofA_Help Another promise!
Am waiting...",general_question
"@BofA_Help Thanks for the call, pls let me know if you need any information from me to help fast track ur research",positive_feedback
@BofA_Help Gud 2 know dat social media could help &amp; succeed where over 4mnths of patience + several hrs of weekly calls &amp; branch visitation fails...,general_question
"@BofA_Help Big thks 2 d social media team 4 ur prompt intervention &amp; resolution.
I however await d feedback on d pending issue though.
Thks once again",technical_support
@116035 is this how u treat immigrants who trusted u with their funds. I see dis as u been racially abusing imigrants. #ReleasemyFund,general_question
I see you @77931 💁🏾✨✨✨ https://t.co/vXo3WTPwWt,general_question
@116035 it's 90days by ur calculatn &amp;over 4mnths by mine.U're unjustifiably &amp; fraudulently holding my money thereby holding me2ransom,payment_issue
@116540 Read the previous tweets in this chain? @XboxSupport,general_question
@116539 What do you need help with? #XboxHelp,general_question
@XboxSupport Can you actually help or not?,general_question
@XboxSupport There is literally no way to force this to download the remaining 62%. You have basically bricked my console https://t.co/ZWSH0ZHJ0J,general_question
@XboxSupport Particularly as it's impossible to restart a game that isn't finished but has enough downloaded to load up,general_question
@XboxSupport Since the latest update everytime I turn the console on I have to manually restart all downloads. When will you fix this?,delivery_issue
@XboxSupport I need to get in contact with someone who works for Xbox as need help,general_question
@116543 Console exclusive and Xbox Play Anywhere?,general_question
You won't want to miss this - trust me! #Xbox https://t.co/9Ka8bXEhWx,general_question
@XboxSupport Hi! Im on the Xbox One S and I can 't find a button on the side of the consol.,general_question
"@XboxSupport no problem, so it's the number 4 am I correct?",technical_support
@XboxSupport Where is the bind button on the xbox one s console???,general_question
@XboxSupport My mum doesn't have twitter and you don't seem to have a number anywhere to phone...,general_question
@XboxSupport funny how I can't cancel my little brothers account or contact you about it hmm,account_problem
@XboxSupport And That's for the UK? Can I get it On the xbox store via my xbox?,general_question
"@XboxSupport Thankyou I found a link for the UK, the player preview jargon is still  very confusing, thought I had to be Signed up to order The game",general_question
"@XboxSupport I want to get @116547 on the 12 December how do I get access through game preview? What is this,do I download an app?",technical_support
"@XboxSupport Hi, Having trouble buying fifa points on Xbox one, can you help?",general_question
"@XboxSupport Ok, I'll do it when it next does it.",general_question
"@116549 hi guys, have a weird issue where the Xbox is causing issues with my TV, transitioning from apps can sometimes make the screen show a distorted image, and I have to power cycle to get it back to normal 😐",technical_support
"@AzureSupport i already have service request. Service Request __credit_card__
could you please just follow this request? Thanks",positive_feedback
@AzureSupport i’ll send you DM,general_question
"@AzureSupport Basically followed this doc - https://t.co/s8jIH5HUE9

it used to work fine before",general_question
I just registered for Alaska Airlines Bay To Breakers! https://t.co/14TmR4gW7T,general_question
"@AlaskaAir two flights in 2 days, both delayed due to maintenance issues. What is going on? Disappointed in this experience for sure.",complaint
Once again @AlaskaAir you set the bar for what an airline should be.,general_question
@246 @115911 5 ⭐️s for Jimmy!  Friendliest attendant ever! COMFORTABLE! #Relax,complaint
Hats off to @246! 🛫Great service and such a friendly crew! 🍷Thank you SLC➡️SAN DIEGO!  @115911 for the hour of free WiFi!  👍🏽👻 🎃,technical_support
@ArgosHelpers fuming right now with argos! was meant to have a delivery tonight between 7pm-10pm and didn’t even show up!?,delivery_issue
@ArgosHelpers please help my order was supposed to come today and it's not arrived! Web chat are no help at all!!!!,delivery_issue
"Great service from @116245 today! Ordered a TV and paid less than £4 for same day delivery, arrived exactly when requested. Love it!",delivery_issue
@McDonalds Treat,general_question
@McDonalds Treat #trickortreat,general_question
@McDonalds Treat,general_question
@McDonalds Treat,general_question
@McDonalds Treat here,general_question
@McDonalds Treet,general_question
@McDonalds Treat plox,general_question
@McDonalds Thanks Daddy,positive_feedback
"@McDonalds Treat me, Daddy",general_question
@AmericanAir I’d still rather have a screen though. Rather not cause neck problems looking down all flight at a tablet,technical_support
Really @AmericanAir.. 7hour international flight and no seat back entertainment screens.. c’mon,technical_support
@AmericanAir Just have to say the Flight Attenants on Flight 1361 from BDL to ORD we’re awesome! Gate agents at BDL also! They need a shout out for awesome customer service! Treated this NonRev very well!!,positive_feedback
"@AmericanAir En todos los años que tengo volando con #AA nunca había tenido una experiencia como la de ayer 24 vuelo 914 Caracas-Miami. La peor tripulación, desagradable, descortés y con poca vocación de servicio. #NOCALIDAD  #servicio",general_question
@AmericanAir Now 10:50 😩.,general_question
@AmericanAir Make that 11:15. How could it change 3 times in 10 minutes? #giveusthedeets,general_question
@AmericanAir Yes I see that. Your app says the incoming flight arrives at 10:05 so how are we going to take off at 10:10? https://t.co/vZxyxOa1xo,delivery_issue
@AmericanAir what’s going on with flight 301 DTW &gt; DFW? Delayed over 3 hours. Will it be canceled?,general_question
@AmericanAir 1st and foremost - your crew has been lying to us for over an hour. Then after being deceived by your crew for over an hour - we are being lied to again as they advised us the new plane we are transferring to is departing at 7:45pm - however they have not begun boarding yet.,complaint
"@AmericanAir Not only has my family, and several other families been inconvenienced by @AmericanAir  today - this is now 16 flights in one year with only 5 ""on time"" departures.",complaint
@AmericanAir But - that's really not the issue. The issue is @AmericanAir habitually inconveniences its customer base and displays a demeanor that its a  normal practice in the airlines industry with no above and beyond accommodations offered to its inconvenienced and unsatisfied customers !,technical_support
@AmericanAir I have flown @AmericanAir 15 times in the past 12 months and only departed on schedule 4 times.,general_question
@AmericanAir After 1 hour of being lied to by the pilot - we are now being totally inconvenienced by having to un-board this plane and board another plane - meanwhile i should be landing in Miami in 50 minutes. Completely irresponsible and utmost negligent on Pilots behalf,complaint
"@AmericanAir stuck on flight 609 in Charlotte over 55 minutes due to a computer card tech issue while pilot repeatedly advised it would only take a ""few minutes"" to fix. Why wasn't this issue reported by previous pilot that arrived minutes b4 we boarded in effort to save time?",delivery_issue
@AmericanAir I was forced to check my small suitcase. Never happened before.  There was plenty of storage space too. Fml,technical_support
"Give me and the 50,000 other people our bags @AmericanAir! #travelwoes #longestday",general_question
@AmericanAir So I assume nothing is coming from tho incident. It has been several days since we made a complaint at the desk in person after the flight and this tweet. Pretty much you blew off any concernnto a act of battery on the plane against a child. This is ridiculous!!!,complaint
@AmericanAir Shame on you and your company,complaint
"@AmericanAir I just got off one of your flights AA1792 from Portland. The gentlemen in front of my 3 year old son, decided to rip at his feet for pressing them against his seat. When I confronted the coward verbally your stewardesses did absolutely nothing...",general_question
The audacity of @AmericanAir 1416 landing early tonight. I might have to negotiate a shared ride cause there’s no taxis. #Talesfromthetaxi,general_question
@AmericanAir I had to end my trip way sooner than expected. :( Bought a new flight because it was way cheaper than changing my return. What do I need to do to cancel my return so someone can have that seat?,general_question
Thank you @AmericanAir for being responsive and helpful and more than making up for a bad flight!  #stayingloyal @Delta,complaint
"@AmericanAir if I have the platinum select aadvantage card and I purchased an int’l ticket through your site but it ended up being on British Air, will I still retain the same benefits of my aadvantage card on this flight (I.e, early boarding)?",general_question
"@AmericanAir My post has nothing to do with a gate change, merely a lack of oversight and organisation on the part of @AmericanAir and it’s employees. Perhaps you should read and comprehend your customer’s posts before responding.",general_question
"@AmericanAir Let’s see if your social media team will respond here, as they obviously overlook negative feedback on Facebook. #AmericanAirlines #NoResponse https://t.co/dzWB2HPGDQ",general_question
@AmericanAir Exactly as seen on our flight.  #GetSomeRealPoliciesAndEnforceThem https://t.co/A7nkJqqQ7S,general_question
@AmericanAir thanks for awesome flight home #Dreamliner https://t.co/ArQkp3oZh2,positive_feedback
@AmericanAir Omg seriously.. ALL https://t.co/Vt5TLQBP6m,general_question
@AmericanAir THE.. https://t.co/tD1TCzPWtZ,general_question
@AmericanAir FEELS https://t.co/C11gLTRJ4f,general_question
@AmericanAir See what they did there @59428? Awww,general_question
"#aws #reInvent stating off right, standby early on @AmericanAir and a Super80! Missed you buddy #AllTheFeelz https://t.co/beW63HtC9e",general_question
Hey @AmericanAir! Rocky here on flight AA2254. We were supposed to depart at 6:07PM but it is now 6:54PM and the crew just informed us that our captain is missing. Oh and not to mention we also had a maintenance issue. Hope to make it to NYC safe and sound. #disappointed,complaint
@AmericanAir My wide was told to move her small handbag from the floor of the bulkhead row while this 40lb dog sprawled in the aisle.,general_question
"@AmericanAir Wife, not wide.",general_question
"@AmericanAir No markings.  No paperwork.  In the bulkhead.  No policies, @AmericanAir?",general_question
"@AmericanAir You’re missing my point.  Numerous people tripped over the dog, not to mention anyone who might have been allergic.  When did you change your policy to allow any size dog into cabins for any/no reason?",general_question
@AmericanAir I love dogs but they don’t belong in #airplane #cabins.  It was bad enough when anyone could say they had a #therapypet.  I can’t keep my small bag in the #bulkhead row but the woman next to me can have her 40lb dog?,complaint
So upset with ubereats! No one will get back to ME!! @Uber_Support @115877 @115877,general_question
@AskAmex Thank you I will,positive_feedback
@AskAmex Unfortunately it said that my account was temporarily locked out of the system still,account_problem
@AskAmex No I have not but I will try that now,general_question
@AskAmex The blue cash everyday card,general_question
@AskAmex I’m trying to make changes on my account but it keeps telling me I’ve been temporary locked out I already called to confirm my card,account_problem
.@116584 I’ve submitted 6 menu updates for East Hanover Diner .  Nothing has been updated. We need help. https://t.co/6SfQrkCOJC,technical_support
Hey @116584 how the stinker does this route make any sense? Dasher literally just drove right by my house. https://t.co/rUy0PHcjRx,general_question
"just noticed I paid £4.95 delivery on Amazon simply because I did not select the FREE delivery option, after I spent enough to qualify... what a RIP OFF, why is it not free automatically when qualifying @115830",delivery_issue
@116331 @116588 @116589 @116590 Please take actions against this kind of unethical practices of not providing the services even after paying for the service,payment_issue
"@116331 Please don't dupe yr customers. Either refund my money or provide the services for which I have already paid.
@116588 @116589 https://t.co/jvWVbHoEcz",refund_request
@comcastcares I appreciate it - sorry for being snappy. Frustrated that this is the 7th outage this month. Appreciate your assistance.,complaint
@comcastcares Can I DM you?,general_question
"@comcastcares I wasn’t asking to test the connection. I was reporting the outage, but you kept asking me to test my connection. Looks like someone else was able to successfully report the outage.",technical_support
@comcastcares  https://t.co/r3Gr2SEyQf,general_question
"@comcastcares Test what, exactly? My cable modem can not establish a connection to Comcast. Keeps flashing upload light, indicating that it’s trying to connect but can’t.",technical_support
@comcastcares Zero service. Internet is down. Restarted AND unplugged my modem. No connection.,technical_support
"@comcastcares Internet down, again. 7th time this month, I believe. 95608.",complaint
Actually wasn't expecting the MB until next week. Thank you 🙏🏼 @116593,positive_feedback
@116593 @NeweggService @239 I want to order this item https://t.co/jd4XZL76Ga but am getting errors in checkout process,technical_support
I got this @240 #gaming mouse and my scroll broke in less than 2hrs of usage. Cc:@116593 https://t.co/AxHoDKfwsA,general_question
"@81 Just got off the phone with a Rep @116593, and we couldn't get a package shipped to my closest location (NJ) for pick-up",delivery_issue
"The Newegg Mobile app isn't compatible with my iPhone anymore

See, this is how this shit starts.",complaint
"A321 ""Frances "" arrives at Newark @VirginAmerica https://t.co/FggOv8XRco",delivery_issue
@comcastcares I appreciate it. :),technical_support
"@comcastcares Oh, it's OK. No problems. I just had a fun time at that holiday spectacular y'all do here in Philly. :)",technical_support
"Insisted on going to the @116136 center and taking in the show with audio description for a second time. It was as  much fun today as it was yesterday, and I still got teary-eyed, even knowing what was coming",general_question
"@comcastcares Guys, it’s been a week continuously when your app says outage reported. And my internet connection keeps breaking up. Saying “Outage reported” is not enough. For a week!!!",technical_support
"@comcastcares Ahhh, you only care about throttling my internet speed I am paying for when @116602 is involved. Interesting.",technical_support
@116602 I am supposed to get 75 mbps download speed from @115900 but I am only getting 31 mbps according to https://t.co/yPMq1ut5y5. Thought you might want to know that they are throttling me... again.,general_question
@comcastcares That's a lie. U must think we're stupid... how does licensing Malibu mislabeled a program. That's incompetence,complaint
@comcastcares What? That's ridiculous. It makes no sense that someone else is at fault for your programming error... U had wrong game labeled... twice. how is that someone else fault?,complaint
Damn... how fucked up is @115900 the #UVA #RIU game is over... but I went by they're espn setting... this game can't be just coming on LIVE... how I hate them!!! https://t.co/NXdDA3OVaa,complaint
"@ComcastCares
#mobile_Care I’m having trouble viewing my channels on my tv",general_question
@115817 leaving something in my building is not delivering that thing to me.  Honestly it’s just stupid.,complaint
@UPSHelp  https://t.co/FOBx5USiy1,general_question
"@115817 @UPSHELP You have an epic fail regarding a delivery. It’s unacceptable and poor service. No delivery attempt by driver, lying by the driver, then misinformed by phone agent and still no delivery and it will be 3days late.",complaint
Yall got 47 minutes @UPSHelp @115817,general_question
"#uber : how funny when Uber Ask you to add even 10/- incase of low balance, and then deduct 50/- for their driver cancelling the ride.😡😡😡",delivery_issue
@Uber_Support Are you going to email me or not,general_question
@Uber_Support my driver crashed and I hit my head happy Halloween,delivery_issue
@AmazonHelp Have completed form and emailed you.,general_question
@AmazonHelp There was only one costing a lot more than £20 and  FBA -stating eligibility !,general_question
@115830 Why do you say that an article is eligible for free delivery then offer nothing but standard option at £4.75?,delivery_issue
@AmazonHelp All of them,general_question
@AmazonHelp i reset my password 3 times and it still says incorrect you gotta be shitting me,complaint
@AmazonHelp I can’t log in because it’s locked.,account_problem
"@AmazonHelp um, my account was locked as soon as I tried to login on desktop. I still haven’t received an email on how to get it unlocked...",account_problem
@AmazonHelp Kann ich dann wenigstens mein Amazon-Konto aufladen um zu bezahlen. Ich habe keine Kreditkarte und möchte auch keine,general_question
@AmazonHelp Warum ist es mir (und scheinbar auch ein paar anderen) nicht möglich per Bankeinzug zu bezahlen?,payment_issue
"@AmazonHelp na ultima atualização da entrega do meu pedido, consta que não foi possível localizar o meu endereço, poderia ajudar?",general_question
Thanks @116090 for ruining #Halloween - still no sign of the costume I ordered in Sept. Guess Rosie will just have to sit this one out. https://t.co/1tVEv5DZuM,positive_feedback
@AmazonHelp infórmese... no voy a perder más mi tiempo...,general_question
"@AmazonHelp Many times, but still failing, and it happen with some show",technical_support
@AmazonHelp Sadly yes,general_question
"@AmazonHelp Mac book pro, with Chrome",general_question
"@AmazonHelp I need to change the language of my account to be able to get support, which I don't have the time to do, there's any other way to contact?",account_problem
@116618 why your videos on Germany breaks too?,general_question
@115830 you pay for prime expecting next day delivery. Then receive 2 emails half hr apart 'failed delivery' but your sitting at home 😡,delivery_issue
Listen I’m having issues with my phone so like can you @ me so we can talk @AppleSupport,technical_support
"@AppleSupport 11.1?? when did that come out lol, i talked to you guys last night and you asked if i was updated to 11.0.3 which i am lol",technical_support
not only does my phone keep freezing but when i screenshot things it turns out white... really not liking this iphone 8 plus @AppleSupport,technical_support
@AppleSupport I’m no expert in battery life  but 40% doesn’t go to 7% in 5minutes,technical_support
@AppleSupport That fixed it thanks,technical_support
@AppleSupport this is my top bar every time I open messages on my SE after updating to iOS 11.1 https://t.co/Lzge3qzc7w,technical_support
@AppleSupport iOS 11.1 - keyboard lag. 🤨 https://t.co/TdIHT9L9dt,technical_support
"@AppleSupport still happening, including on iOS 11.2 beta now. any ideas?",technical_support
"@AppleSupport I've also forced the app to close from the background and reopened, no dice 🎲",technical_support
@115817 @UPSHelp — Today a package that wasn't even scheduled for today was randomly rescheduled and dropped at my door. I live in an apt building. The package is nowhere to be found. I'm so sad and disappointed. What do I do?,complaint
@115817 @UPSHelp I went online earlier this week and signed for a package that was to be delivered today. The driver did not leave the package and rescheduled the delivery. I need direction on how to get my package today.,complaint
-me erday waiting for UPS https://t.co/bXr4Od96t1,general_question
@UPSHelp Thrilled I stayed home all day on a saturday after receiving 3 emails reassuring me my packages are out on truck for delivery. *sigh* 7Pm...nothing. 🤨,delivery_issue
"Dear @UPSHelp thanks for just leaving my package on the porch, in the rain and you didnt even ring the doorbell? So there it just sat.",delivery_issue
@115817 WHY DID YOU MAKE ME PAY TO CHANGE MY DELIVERY DATE THEN DISREGARD THE CHANGED DATE AND DELIVERED IT ANYAYS?????!!?!!?! 😡🤬,delivery_issue
@UPSHelp I dmed you guys,general_question
@UPSHelp I’m having trouble with My Choice account. Please Help!,account_problem
@UPSHelp Thank you,positive_feedback
@115817 what time do you guys stop delivering packages.,delivery_issue
@Uber_Support Thanks!!!,positive_feedback
@Uber_Support DM sent,general_question
@Uber_Support Hello??? What's going on????,general_question
@Uber_Support WTF??? Trying to book &amp; it just says Oops. Trying to get help &amp; nothing is working. HELP!!! I need to book urgently #uberdrama,complaint
"@115873 why charge higher than the rate range when I order? Ordered uberblack in Geneva for a 5-min ride. Range was Ch19 -24, charged Ch32.38.",payment_issue
Hey @115873 I’m currently in a car with the worlds dumbest driver.  Y’all need to start checking these fools,delivery_issue
@Uber_Support one of your drivers just started my ride without picking me up,delivery_issue
"@Uber_Support help! My vehicle registration expires today. I paid my license dept last week but have not received it in the mail, to upload.",payment_issue
"@115873 ordered a car, took longer than the suggested 6 mins, then you wanted to charge me a £5 cancellation fee. You’re having a bubble bath!",general_question
Wtf just happened. @115873 how do i complain abott a driver who canceled on me due to discriminatory and racist judgements.#uber,complaint
@115873 I had a horrifying experience with the driver Suresh: 9958520468. he refused to pickup and threaten me cancel the booking or else...,delivery_issue
@Uber_Support hello! I meant as a user not as an associate!!,general_question
"@Uber_Support I live in Mexico City, have not received facturas in the last 2 months and need then ASAP for tax report. please help!",general_question
@Tesco make that on hold for 20 mins - really first class service - erm not https://t.co/NPwoeX9w54,general_question
@Tesco I couldn't even eat the chorizo because it was too tough. Very dissatisfied.,general_question
Our pilot and copilot on @Delta tonight!! Love it!! https://t.co/8KLFF97si9,positive_feedback
@Delta nice to know that you bend over your paying customers and don't offer any help with important changes. Absolute JOKE,payment_issue
@Delta Good for u!  R u eliminating SLC to LHR nonstops??,general_question
"@Delta Yes, that's correct. Under the question about a specific reservation option.",general_question
@Delta Your website comment form makes return trip a required field set. That's a problem for asking questions about 1-way flights.,technical_support
@SpotifyCares Okay! I did it! Thanks,positive_feedback
@SpotifyCares What should I do in this cases? Thanks in advance! (2),positive_feedback
@SpotifyCares hi! I’ve got an issue where my account is like hijacked with an app/device that I don’t even know called Spotiamb 0.2.1..(1),technical_support
@SpotifyCares And this is why I’ll love Spotify forever and why you are my favorite music platform. Thank you! 🙏🏽💯❄️,positive_feedback
"@SpotifyCares I dunno what system you use that decides which part of the song it gonna play- I love Spotify, but maybe a custom clip option?",positive_feedback
"https://t.co/OBiOirQ3iU

Are you feeling something good?🤔
Well👏🏽
So👏🏽
Am👏🏽
I👏🏽
But I hate my voice, so oh well. 😂
Check it.
#NewMusic ✌🏽❄️",complaint
"@VerizonSupport Cool, thanks",positive_feedback
@VerizonSupport @116652 except it is causing issues. for lots of players,technical_support
"@VerizonSupport Ok, thanks for looking into it.",positive_feedback
"@VerizonSupport 1    &lt;1 ms    &lt;1 ms    &lt;1 ms  192.168.1.1 
  2     5 ms     1 ms     1 ms  https://t.co/Jq3Mbli8AZ [108.53.222.1] 
  3    10 ms     7 ms     7 ms  https://t.co/o3D5PeN7L8 [100.41.128.86] 
  4     *        *        *     Request timed out.
  5     5 ms     6 ms     6 ms",general_question
"@VerizonSupport yea I have, it appears to be routing to Washington and then to France",technical_support
@VerizonSupport Was it you or Blizzard who broke the servers?,general_question
@VerizonSupport  https://t.co/QXYZ47KIps,general_question
@VerizonSupport I have not,general_question
@116655 Heyo! I can't log into the BattleNet app nor Overwatch. I'm from northern NJ and a Fios user. It seems to be a running theme atm so if there is any other info you need let me know!,technical_support
@VerizonSupport Might want to check out https://t.co/vRbAVhEDeE for more reports of this.,general_question
@VerizonSupport DM sent.,general_question
@VerizonSupport Same reports on @116655 from other FiOS users around the north east.  Is this something Verizon is investigating or could join in on?  Been over 4 hours of outage for some. https://t.co/2Ecdop6zl1,technical_support
"@116655 Myself and friends who can't connect all seem to be Verizon FIOS, so this could be an ISP thing.",technical_support
"@116655 Logged into WoW, got dropped after a few minutes.  After a reboot I can't even reconnect in launcher.  Similar results among friends in this area, northeast US. https://t.co/bOFP56VGk3",general_question
@VerizonSupport I did,general_question
@VerizonSupport Yes,general_question
@115722 Yes. I unplugged and plugged everything back in too.,general_question
"@116658 That's not good. Were you able to change channels and then back?
^JAY",general_question
Enjoying the end of the #IronBowl with this top notch @115722 service https://t.co/K0taDAwjZA,general_question
@VerizonSupport Nope. A few states away actually. The airbnb we're in doesn't have espnews so we signed in with our Verizon account to go to espn3 and watch. Doesn't allow us. Which I don't get since I know we have espnews back home,account_problem
@VerizonSupport  https://t.co/BcPl6i84L0,general_question
It is so irritating that @115725 won't let me stream this game on espnews on https://t.co/9BVVRDqTL0 even though I have espnews back home. Makes no sense,general_question
If only I could be watching this offensive first half. *Sounds* great!,positive_feedback
17 unanswered points makes it a little better but ughhh,general_question
Finally got a radio broadcast of it but I'm still mad.,general_question
"I can't watch the Temple game because this tv in Vermont doesn't have espn news and our verizon account doesn't have it either. 

And I am not happy about this at all. This is absolute crap.",complaint
"@VerizonSupport [137.221.83.74] 
 14    70 ms    70 ms    70 ms  https://t.co/f4G1ki0AwZ [137.221.65.68] 
 15    69 ms    69 ms    69 ms  https://t.co/Kgowdj7YtG [137.221.68.67] 
 16    70 ms    71 ms    71 ms  24.105.30.129",general_question
"@VerizonSupport https://t.co/BNTKbb7ZEu [137.221.72.33] 
 10     *        *        *     Request timed out.
 11     *        *        *     Request timed out.
 12    70 ms    69 ms    69 ms  https://t.co/P9uZKrUmvF [137.221.65.67] 
 13    69 ms    76 ms    69 ms  https://t.co/ywKBaiNbc0",general_question
"@VerizonSupport https://t.co/DBGP1dQbGB [140.222.237.225] 
  6     *        3 ms     3 ms  https://t.co/EwO1Tt8mXn [4.68.74.21] 
  7     *        *        *     Request timed out.
  8    11 ms    11 ms    11 ms  https://t.co/4hjSe7G5zD [4.16.70.182] 
  9    10 ms    10 ms    10 ms",general_question
"@VerizonSupport I just tried from a wired connection. Download speed at 153 mpbs, upload speed hovered at 0.5 mbps before ultimately asking me to try again later. I tried again and download speed hovered at 5 mbps and eventually failed.",delivery_issue
"@VerizonSupport Hi Jay, I was using the my Fios app",technical_support
@VerizonSupport @115725 ... when your “gigabit” internet is so slow that the Verizon speed test fails repeatedly... https://t.co/qsg0ov6rXp,technical_support
"@VerizonSupport All tvs, its a local channel so it's part of my basic service",general_question
@VerizonSupport Yes,general_question
@VerizonSupport Done.. No changes,general_question
"@VerizonSupport Yes. Guide for 466, the programs are airing on 506. 506 guide doesn't correspond to anything https://t.co/pDEGjNS9ox",general_question
@VerizonSupport It's been like this for weeks. Can you confirm?,general_question
"@VerizonSupport No, it's not selectable on guide or directly entering #. It goes to 455 instead",general_question
@VerizonSupport Yes,general_question
"@VerizonSupport No message, can't tune to it at all",general_question
@VerizonSupport Correct,general_question
"@VerizonSupport Channel 506 is WBIN-TV, it was 466 which data is right",general_question
@VerizonSupport can you fix the guide data for channel 506 WBIN-TV. The correct info is listed on channel 466 still which is no longer available,general_question
@VerizonSupport ty,general_question
"@116655 Heyy so I am having trouble connecting from central jersey on fios, saw that others are having issues as well?",technical_support
@British_Airways The staff in the counter issued the boarding pass for me and my wife but they didnt board us on the plane,technical_support
"@British_Airways i hope you can help me, becuse the way i am treated it's totally unacceptable.",complaint
@British_Airways We have but not satisfactorily. Can you DM me please,general_question
@British_Airways Can you tell me who can.,general_question
@British_Airways I’ve spoken to 5 so far.All telling me different things.Nobody seems 2 be able 2 sort this.A holiday isn’t meant 2 cause this much stress.,general_question
@British_Airways booked us into @103574 @73772 when it’s closed wish I’d used @116665 #disappointed #noholiday,complaint
@British_Airways can you please provide me with your complaints procedure?,general_question
@British_Airways Thank you for your personal call &amp; help today. I now have my receipt &amp; confirmed tickets.,positive_feedback
@British_Airways British Air keeps losing the CIV # to charge my flights. Been going on since early October. Poor customer service.,general_question
"@British_Airways 00447900248601, anytime today",general_question
"@British_Airways I have had enough of this terrible customer service, k airw do not reply to my requests for update. I paid b airways, you delayed the flight",complaint
@British_Airways Can you send me prooft that the bag was transferred to kuwait airways at hesthrow?,general_question
"@British_Airways Please advise how yo get compensation for lost bag, ihave  spent far too long chasing this, never had this problem with other airlines",technical_support
"@British_Airways Help, Can someone actually help, have tried inputting info onto missing baggage on ie, chrome and apple. 8 days waiting for bag. A mess",technical_support
"@British_Airways Kevin drayne __email__ 00447900248601. Onthis business trip, i had to buy add’l clothes, please advise on this",general_question
"@British_Airways Have filed report with kuwait airlines, their file ref kwiku14346 hope this helps",general_question
"@British_Airways Your rep at hrow assured me it would be on Kuwait airlines, it was not. Went to  their baggage reclaim, they are waiting for you to send it",general_question
@British_Airways Kuwait airlines leaving heathrow on monday afternoon,general_question
"@British_Airways No, when i was in hrow, they took the old tickets off me which had the  ref. No Was told it would be on kuwait airlines monday anoon flight",general_question
"@British_Airways  where is my missing bag ? On br airways flight to bfast hrow kuwait, delayed flightput on K airlines mon anoon  veryupset",general_question
Hi @British_Airways I flew BA198 from Mumbai to London today and my cabin crew called Victor &amp; Sarah were the best cabin crew ever. #payrise,payment_issue
"@British_Airways That's fine, but when a budget airline such as KLM can provide complimentary food for a fraction of the price, it is laughable!",general_question
Can't believe @British_Airways don't provide free food on flights costs £300+ but @116671 are happy to do so at £45. Rip off Britain! 😂,complaint
"@AskeBay when are you going to correct the inbalance for sellers, they need to be able to mark buyers as time wasters and liars.",payment_issue
"@ComcastCares
#mobile_Care I am setting up my tv box and it has been frozen on select your languages for about 15 minuets.",general_question
@comcastcares Just did,general_question
"@ComcastCares
#mobile_Care I have all premium channels but when I go to view on demand it says I need to subscribe? But I’m subscribed",general_question
@comcastcares 🎃,general_question
@comcastcares On 11/3. Frankly you guys could do better!!,general_question
@116136 @comcastcares fails to deliver quality service. Have dealt w/ them all day &amp; still no resolution. #comcastdoesntcare #ihatecomcast,complaint
@115900 If you just want to tell me if there's internet outages in Salisbury Mass that'd be great.,technical_support
"Hey @115900 my password is saved on my laptop, my internet isn't working, and I can't check outages without signing in.. weird way to do it",technical_support
@comcastcares Don't sports have entire channels dedicated to them? Why is #jeopardy being preempted for baseball right now?,general_question
@comcastcares My upload speeds are trash. Explain.,general_question
"XFINITY decided to reset my internet again :D Had to restart stream, Live again https://t.co/vlGtF0UAit",technical_support
"@comcastcares Trying to call to set up new service... asks for phone # and zip code, says it’s transferring me then it hangs up. Twice now.",general_question
@116136 @comcastcares i guess i pay 200 a month for 12 hours of THIS right? Thats what im paying for? https://t.co/OqVrO1etdS,payment_issue
@AmericanAir It’s fine. The people on line handled fantastic. I would just hope that all are empowered to make decisions to help the customer.,general_question
When I email @AmericanAir I get the best customer service. Why the people on the phone aren't enabled to do the same just baffles me.,positive_feedback
Anyone who needs to book a flight for our wedding: DO IT NOW! Round trip only $85 with @AmericanAir 💍✈️,general_question
@AmericanAir Charging me $50 dollars to bring in a gift bag today was uncalled for. I can fly with anyone. I’m done just throwing money away.,payment_issue
@AmericanAir Here is a customer service tip! This $50 just cost you thousand of dollars moving forward. I hope your CEO learns from this!,general_question
@AmericanAir That’s ok I will fly with @48751 from now on at least I know I will be on time and they will let me bring what I want! Bye AA,general_question
Today is the day that @AmericanAir lost my business for the rest of my life as well as everyone in my family.,general_question
@115911 Y'all fucked up and acting like you can't fix it without the primary member otp but she can't use her phone because of y'all fuck up🤷🏾‍♀️,general_question
@116685 Hey now. Use your nice words first. What can we do for you? *ErikS,general_question
Bitch I'm like two seconds away from cussing @115911 tf out 🙄,general_question
@115911 how much for the iPhone x with the jump? I’m not spending $200 plus on a phone 😂 sry,general_question
@115911 @116688 The code doesn't work and I was just charged for a movie 😡,technical_support
"The movie’s on us. The screams are all yours 😱

Get a free Halloween movie rental from @116688 &amp; #TMobileTuesdays. https://t.co/KTSXk2hcnM",general_question
@115911 @116690 I need my pic to upload,general_question
"@116690 We're always here to help, and only a DM away! Just let us know what you need and we'll assist :) *JohnWard",general_question
@115911 Don't get me wrong I appreciate the effort but the app is getting too hard to use for what uselessness I get out of it,complaint
@116690 All of the prizes are located in our #TMobileTuesdays app! Hopefully next week will have you falling head over heels. *JamieK,technical_support
"@115911 Where's the prizes, this T-Mobile Tuesday things starting to suck scratch that it's been sucking!",complaint
@ATVIAssist @116691 HELP ME HELLO?,general_question
@ATVIAssist @116691 Lol,general_question
@ATVIAssist @116691  https://t.co/14BrqcOhlE,general_question
"@ATVIAssist Reported, also posted advice to help some others who are crashing no doubt due to using “Extra” settings https://t.co/WpDisp7oMb
@115765",technical_support
"@115765 @116694 Game was great on PC last night. Today’s small updates have ruined it. Not as smooth on the mouse, directx crashes. Top leaderboard player loses his points when it crashes….",technical_support
"STATUS UPDATE: As mentioned yesterday afternoon, the game update on console last night improved Gamebattles matchmaking on Dedicated Servers. Continuing testing on all platforms and generating fixes. Be on the lookout for upcoming Game Updates.",technical_support
"STATUS UPDATE: Global Dedicated Server support remains active. Continuing Gamebattles testing with an update tonight. HQ tests in progress around the world, and you may find yourself in a fully populated HQ. If not, you can still invite friends into your HQ. More intel to come.",delivery_issue
@ATVIAssist @116695 HELP ME HELLO??,general_question
"@115765 @ATVIAssist @115766 having issues with my game WWII, from missing attachments for guns, blank lobby screens. Are any of the disc defected. Bought mine from tesco £36 https://t.co/dRjAlXTgCx",technical_support
@ATVIAssist @116696 HELP ME IVE TWEETED U LIKE 10 TIMES,general_question
"@116697 @116698 @115765 I don't mean to sound out of hand but what do you mean ""If there"" it's clear to differentiate whom dedicates themselves and those who have cheated. Max level with 100 and 200 games played? @ATVIAssist",general_question
Help @116698 @115765 We are dropping places due to boosters. Please can you rectify the leaderboards. Many thanks https://t.co/AGFV0iuwCy,positive_feedback
@VirginTrains Are the passengers still stuck,technical_support
"Everyone: Flying sucks on halloween.
@SouthwestAir: we got you, fam. https://t.co/wyuYiy3buh",complaint
Hmmm. How do I add points to my RR when a reservation was not made by me? I do hope they can be tacked on! 😍😘🎃 @SouthwestAir,general_question
@SouthwestAir thanks for letting us be 10! https://t.co/77LkhO370D,positive_feedback
Thank you @SouthwestAir for making my 6 hour  flight smooth from DCA to SFO and your fall spirit 🌻 https://t.co/qVDeov0gYR,positive_feedback
Hey @SouthwestAir you have a future employee ready to bring the @116705 737 Max in. #transfarency #IFlySWA #HappyHalloween17 https://t.co/l6l2wQsx5v,technical_support
when you board a plane and they tell you to pick a whole row to yourself ❤️ @SouthwestAir,general_question
@SouthwestAir It's the only way/airline I fly!,general_question
This is how I fly on Halloween @SouthwestAir https://t.co/LSMtsh4c6J,general_question
".@SouthwestAir I didn’t get my points from my last flights, who should I contact about that?",general_question
"So, just opened my guitar case to do a cover for you guys after getting home last night and my guitar is broken... wtf. @SouthwestAir",complaint
"@116711 @SouthwestAir So true, I love flying SW!",positive_feedback
"@SouthwestAir Every time I have flown on Southwest, the employees seemed happy and friendly. You don’t get that with the other airlines.",technical_support
“We’re preparing for takeoff so tell them you love them and hang up. Or if you don’t love them just hang up.” - my @SouthwestAir attendant,positive_feedback
The @SouthwestAir social media people are A-1 😂😂😂 https://t.co/qCWS6Zg9I3,general_question
@hulu_support Ok thanks.,positive_feedback
@hulu_support It was the last episode of season one. The final scene is incorrect. It’s from another episode.,general_question
@hulu_support l’m watching episodes of Lost in Space and they are not complete. I compared them with ones on YouTube and parts are missing.,general_question
"@GWRHelp Thankyou, I just mentioned it as I've got a ticket for that one &amp; was a bit worried it had disappeared off the timetable that's all.Cheers!",technical_support
"@GWRHelp Hi,just wondering why the 2345 sleeper isn't showing when I do a search for Paddington to Penzance on December 21st? Thanks",positive_feedback
@sprintcare @116716 Lol it just gets worse 😂,general_question
Ugh @115714 stop being such a tease https://t.co/OA5gkGMduc,general_question
@115714 Sprint always going the distance for you coast to coast and beyond,general_question
Don't miss the chance to win a 2018 Jeep® Cherokee Overland! Follow and tweet #JustForYouSweepstakes https://t.co/0ln1IucU7E,general_question
Peeps my @Ask_Spectrum  is going up $50 next month. What are y'all using for over the air and cord cut?,general_question
@AirAsiaSupport Tan khai wah. __email__ https://t.co/vngoPdEpTp,general_question
@AirAsiaSupport Shown debited https://t.co/M7204q3u1m,general_question
@AirAsiaSupport Pls check because my credit card got debited RM676.90 on 24/9/2017. Please take it seriously for this allegation.,payment_issue
@AirAsiaSupport name correction my case number 494610,general_question
@Tesco No. did not receive email nor phone call yesterday. It’s completely unacceptable. I’m going to work now so this is going to be problematic.,complaint
@Tesco food delivery due between 9-10pm. Still not arrived. Customer services did not answer call. Services now closed. What should I do? https://t.co/xSuRPWAivN,delivery_issue
"@ChipotleTweets are you telling me these tortillas aren't fresh, becky?",general_question
@ChipotleTweets so where do the tortillas come from?,general_question
why can't i get chips instead of a tortilla from @ChipotleTweets for free?,general_question
Best chipotle costume ? @ChipotleTweets #chipotle https://t.co/tXbPy0L26R,positive_feedback
"$3 burritos at @ChipotleTweets  with costume??
Don't mind if I do! #stuffed",general_question
I know Halloween is supposed to be scary but a piece of bone in my chicken is a little too far @ChipotleTweets https://t.co/PZLZQ3a5p3,general_question
The only reason to spend thousands on a fursuit! $3 burritos at @ChipotleTweets !!!! https://t.co/d4wWK5BEmk,general_question
"@ChipotleTweets For the boorito offer, if you order half steak, half chicken and then extra steak, it would still be $3, right?",general_question
"@ChipotleTweets The $3 burrito is cool, but can I order online w/o being redirected to the $3 burrito page or is this a Halloween prank?",general_question
Went to @ChipotleTweets dressed up as Napoleon Dynamite and the line was out the door. So disappointed 😔,complaint
@ChipotleTweets Update https://t.co/eiEltDWkcz,technical_support
Should I wear an inflatable cow costume to @ChipotleTweets in order to get a $3 burrito?,general_question
"@ChipotleTweets Thanks for your help, Becky.",positive_feedback
@ChipotleTweets I ordered chips but they forgot to put it in my bag.... now I’m sad.. a sad cone https://t.co/6nIx4BEqHm,general_question
@ChipotleTweets I need limes!,general_question
@ATVIAssist @116733 HELP ME HELLOOOOO,general_question
@ATVIAssist @116733 I’ve done that too but I get the code 102780,general_question
@ATVIAssist Well I️ tried that yet it still doesn’t work I’ve unplugged my console reinstalled the game and everything still giving me the same thing.,general_question
@ATVIAssist It still keeps giving me the same message.,general_question
@ATVIAssist your game broke. I️ keep getting an update failure? Error code:1,technical_support
@ATVIAssist @116735 HELLO HELP ME REPLY TO DM,general_question
Who Have WW2 Code? DM Me! @115766 @517,general_question
"@ATVIAssist Thank you for the reply, appreciate it.",technical_support
@115765 fix Pointe Du Hoc please,general_question
@ATVIAssist @116737 REPLY TO DM LOL HELLO,general_question
@116692 @ATVIAssist Wym,general_question
@116737 @ATVIAssist They're the most awful support team they don't give a fuck about the players and don't actually help with anything,complaint
@115765 when u gonna fix hq for xbox,general_question
@ATVIAssist @116738 When though that’s what we all want to know,general_question
@ATVIAssist @116738 Yes wonderful just like i did then a bit later i get kicked off error code 5,delivery_issue
"@ATVIAssist hey my headquarters still aren't populated, is there a fix for this",delivery_issue
This was a good idea in theory but now I have a tummy ache :(((( https://t.co/lnIneXSE3i,general_question
@ChipotleTweets I was getting a BOOrito while your employees ordered Pizza Hut. Please tell me this is a Halloween trick to scare customers. https://t.co/cPQwzeL8uV,general_question
@ChipotleTweets Definitely threw our plans out of whack. Maybe more communication next time...,general_question
.@ChipotleTweets what's up with the app and online ordering being down?!!,technical_support
@ChipotleTweets I got a chicken Boorito with queso,general_question
Thanks for the $3 Boorito™ @ChipotleTweets https://t.co/fN5bTwgvAg,positive_feedback
@116722 @ChipotleTweets Maybe they are just charging for the extra step to turn tortillas into chips?,general_question
@116722 @ChipotleTweets You can get a tortilla on the side.,general_question
"@116745 @ChipotleTweets hope, be on my side",general_question
"@116722 @ChipotleTweets Just trying to offer a possible alternative, although I know it's not the same",general_question
@ChipotleTweets Why can’t I order online?,general_question
"@Tesco Hey no problem, yeah it was delivered just fine, just a couple minutes late I just wondered why he was sat out there for 15 minutes is all 😊",delivery_issue
@Tesco why is your grocery delivery guy just sitting outside when he only has 4 minutes left to deliver my groceries?,delivery_issue
@sainsburys I’m so glad I didn’t pay the original toy sale price of £30 like my friend really disappointed as I do this sale every year!!,complaint
@sainsburys I just wanted to say how disappointed I am at the fact your store reduced items further after the toy sale! #outofpocket,complaint
@115817 package said to be delivered. No one at office remembers or signed for. Can you confirm who received? 1zy__credit_card__,delivery_issue
@VerizonSupport I'd rather chew glass than deal with you criminals.,general_question
@115722 I've reached out to anyone who would talk to me. #pathetic #gfy,general_question
@116750 Have you reached out to Financial Service? ^NHP,general_question
@115722 Lol. 3 years ago. Sent return slip to you 3 times. I had the collections agency stop with it because you are pathetic #yousuck,complaint
"@116750 Hello Jason, when did you return your equipment to us? Do you have the return slip?
^NHP",general_question
@115722 Fear being sent to collections for returned equipment!,general_question
"Planning a scary movie marathon? With Fios, you don’t need to fear a slow internet connection. https://t.co/FdsFNiBHbp",technical_support
@TMobileHelp I DM’ed you,general_question
So tell me how @115911 can tell me in 2014 that “in a year it’ll be $0 down on any phone I upgrade to... well. 2017: “To upgrade to a iPhone 7 Plus 32gb That’ll be about $560 down today :)” what happened to what i signed up for? The jump plan isnt applied to me? Bullshit,complaint
@115911 why does it say expired for the atom tickets if we had until the 27 to redeem?,general_question
@115911 needs to ship phones in inconspicuous boxes so they don't get stolen along the way at @115817!!!! Currently have 2 empty iPhone 8+ boxes SMH,general_question
"@TMobileHelp  @116755 @115913 Do you have any discounts or other ways to help nonprofits reduce communication expenses while away from the office? Trying to budget and find ways to reduce overhead.

To get an idea of our mission check out: https://t.co/oldmje0H7v",general_question
"@115913 @115911 Just received my new B&amp;W Google 
Pixel 2 XL (ordered on Oct. 4th). Went to TMO to switch from AT&amp;T but you canceled your $325 gift card promo. Now I need to stay with AT&amp;T 😭😭😭 #youlostanewcustomer #wantedtoswitch",general_question
@TMobileHelp I'd rather do it in person.,general_question
@115911 Is the system back up?,general_question
@115911 2nd day in a row trying to buy a phone. System down again. WTF!,complaint
@115913 @TMobileHelp deny clients to pay off bill 2 take advantage of #BlackFriday #3 Strikes @115911 #,complaint
@AskPlayStation still not working,technical_support
@AskPlayStation still not working,technical_support
@AskPlayStation only tried with one game but I also can’t access netflix or my web browser.. my internet connection is working fine throughout the house,technical_support
@AskPlayStation efeab30c,general_question
@AskPlayStation is PSN down? can’t log into my account,account_problem
@AskPlayStation Shareplay not working today (yesterday np). Says game's not available in your country or region. We're in same city? (1/2),technical_support
@AskPlayStation Hi&amp;thanks for kindness and support my issue was about my ISP.,technical_support
@AskPlayStation Thank you💖you are awesome💖,positive_feedback
@AskPlayStation @116761 pleas answer my,general_question
@116762 @AskPlayStation @116761 P,general_question
@AskPlayStation Hi everyone I can't join to playstation network after 3 day😤😤,general_question
@ATVIAssist I hard restarted my system. That worked. Thank you!,positive_feedback
@ATVIAssist I purchased and down loaded the Variety Map Pack but didn't get my 10 rare supply drops from Lion Strike. Help? https://t.co/A22ReiMUIA,general_question
@115778 Any chance yall are gonna EVER fix the stuck hand tool and constant stuck drag selection? The only version I can use is 2015.,technical_support
@AdobeCare Thanks! I’m on location until Saturday will take a look when I get back !👍,positive_feedback
"@AdobeCare Thanks, they are #0C2340 &amp; #003B49",positive_feedback
Can anyone who uses @115778 explain why a gradient would get lighter in the middle of two dark colors? I really don't understand. https://t.co/ROVT85dJas,general_question
@MicrosoftHelps Which would be my next step,general_question
@MicrosoftHelps I don't have an installation USB anymore to restore my Notebook,general_question
@MicrosoftHelps Not much beyond 1) installing updates &amp; 2) uninstalling updates as instructed,technical_support
"@MicrosoftHelps hi this is happening once a week, it's stuck in a very annoying cycle &amp; I can't restore it https://t.co/2GYVvFwPs8",complaint
@115783 Hi! Some of our information is wrong in your neighborhood guide. Can you please let us know who to contact to change it?,general_question
Gotta hand it to @VirginAtlantic their staff is entirely dressed up for Halloween 🎃 &amp; I’m delighted,general_question
@VirginAtlantic The first two weeks of June 2018.,general_question
@VirginAtlantic Are they direct flight ?,general_question
@VirginAtlantic Sorry to bother you again . Are they direct flights?  X,general_question
@VirginAtlantic Thank you very much for your help. I was only able to see were via Atlanta !,positive_feedback
@VirginAtlantic Are you no longer flying direct to Cancun Mexico ?,general_question
"@XboxSupport So far no, but thanks for checking in",positive_feedback
When something on your Xbox account went wrong and it’s saying it’s having trouble downloading WWII...,technical_support
@XboxSupport If I pre order Cod WW2 on Xbox one right now will I still get the free weapon unlock and double Xp?,account_problem
@115790 @XboxSupport whats the story with broken pro clubs? @116774,general_question
@XboxSupport Maybe push them into fixing broken achievements on Xbox One?,general_question
"@XboxSupport No, it is literally unobtainable.",general_question
@310 Are you ever going to patch the BFA achievement on Darksiders 2 for Xbox one?  You already fixed PS4.,positive_feedback
@XboxSupport Que??,general_question
@15913 @116777 @311 @312 @313 @314 Congrats guys!!,general_question
"Congrats to @116777, @311, @312, @313 and @314 – they each won a code for Gears of War 4.",general_question
@116779 @115790 and we all know that its aload of bullshit due to not losing connection to Xbox live or it happening on any other game,complaint
@116778 @115790 It not eas fault its your Internet or console that is always what I get told by them,technical_support
@115790 love losing connection to ea servers when playing squad battles.. what a joke,technical_support
"@XboxSupport hi have now got the emblem in gow 4, but the multiplier in gow 2 JP still not working getting 50 xp on horde not 2500 xp still",complaint
@116780  #XboxHelp this has to be reported to Gears of war. The update and do the server fix,technical_support
"@116781 have reported it them, they said report it to xbox live, would be nice if we knew if it was going to be fixed though",positive_feedback
"@115786 could you please fix the game gears of war 2 Japan, the multiplier on the public matches does not work, and no longer complete",complaint
"True Power is just 7 days away. 
Are you ready?
Pre-order #XboxOneX: https://t.co/46eqVpFeir https://t.co/M1vBNct6bm",general_question
@Safaricom_Care I bought airtime for the line. Has it been consumed?,general_question
@Safaricom_Care the recipient is a postpay CVP line,payment_issue
@nationalrailenq That would help... Watford Junction 🙌🏻,general_question
"@nationalrailenq hi all, what’s the score with Liverpool Lime Street on Sunday, is it open or a bus ride from elsewhere. Thanks.",positive_feedback
@AirAsiaSupport activated the E-Gift voucher but I didn't receive any email as it mentioned. How long will it take to process?,general_question
@ArgosHelpers It's called Argos Home. I had an email asking if I wanted one. Had one last year too. It's not that thick just has furniture in.,general_question
@ArgosHelpers That wasn't my question. In the home catalogue there was vouchers for an extra £20 off. I was wondering if you could help me with the codes.,general_question
@ArgosHelpers This voucher was in addition to that...,general_question
@ArgosHelpers I deleted it 😕,general_question
"@ArgosHelpers I'll have to check on laptop when I get home from work, it's not in my deleted folder on phone.",general_question
"@ArgosHelpers There definitely was, they were in card,  to use in store or online. There was 2 of them.",general_question
@ArgosHelpers hi I received a home catalogue with an extra voucher in to use. I can't find it. 😔 Are you able to help with the codes?,general_question
@ChipotleTweets,general_question
When you go to chipotle and there out of guacamole and there out of forks so you have to eat with a spoon 😂 https://t.co/UC0aHJ66uN,general_question
@Uber_Support Responded 45minutes ago...,general_question
@Uber_Support Already responded. No response. New order is 30minutes late. @116788 would do a better job. Using them from now on. Loyal customer just lost.,delivery_issue
@115873 4 tweets and no customer service response. Ridiculous. Absolutely shocking for an “elite” customer service app. No wonder people are streaming to other apps,complaint
"I’m bummed, @ChipotleTweets is no longer serving chorizo. 😪",general_question
Went to @ChipotleTweets today and was informed that #chorizo is no more.. my heart is broken.. how do I carry on.. 😔😞😩,general_question
@ChipotleTweets this man is sleeping with my wife help https://t.co/VxSgnxYRLq,general_question
"@ChipotleTweets 12478 old us 35 nw, jeforsonville Ohio 43128",general_question
@ChipotleTweets in Jeffersonville no forks or guacamole #annoyed,general_question
This is why I love my sister @ChipotleTweets @116794 https://t.co/YGBqETYNVZ,positive_feedback
@ChipotleTweets Will I hear back from someone on the money I've paid for things I haven't gotten at some point?,payment_issue
"@ChipotleTweets Jen, I just submitted feedback. You all need to find a way to do better Quality Control on app orders, this sort of thing happens way too often. You all as a company are better than this!",technical_support
"@ChipotleTweets app order messed up AGAIN. I paid Xtra 4 dbl meat n ordered a salad. 4th time. I want compensation, ive lost $18 to your errors in last few months. https://t.co/6GHolsSGm6",technical_support
@ChipotleTweets Thank You!,positive_feedback
"@ChipotleTweets your Anthony Dr Champaign IL location isn’t helping your brand experience. Unprepared staff, had to ask if more veggies were being prepared 3 times &amp; then watched veggies cook for under 90 seconds before hitting the line. Can you help make this place better?",general_question
My car drives itself to @ChipotleTweets these days,general_question
"@ChipotleTweets put a piece of chicken in my burrito, i’m a vegetarian smh https://t.co/PnzHj4urek",general_question
"@ChipotleTweets Findlay, OH. Cashier asked mgr when I questioned bill. To their credit the cashier and line were friendly, food was good.",payment_issue
"Hey @ChipotleTweets question. Rice. Sour. Cheese. One store it’s always a veggie 3-pointer, just visiting another location and they said cheese is 2 points so w/rice +1 sour +1 it’s a veggie bowl? Been getting a good deal at reg store or is that really 4 points?",general_question
"If you are in an airport, that @ChipotleTweets line is out the door.",general_question
@ChipotleTweets in Pico Rivera making bowls half full and burritos look like taquitos smh,general_question
@AskAmex @237 Excited to dig into this New York issue! https://t.co/er8hvjpFcu,technical_support
@AskTarget Yep. Tried all day. No one answers and can't leave a message. Hope Jessi knows to show up tomorrow in khakis and a red top!,general_question
@116062 You have a new team member starting tomorrow and called the wrong person about orientation! Someone DM me. We can't get in touch.,general_question
@116072 How long you gonna lie about your Price for Life deal?  I've dealt w/ 12+ ppl and they keep changing the rules on me.  Not cool,complaint
"@116072 when will we have internet? It's been 2+ months, and we were told it was happening Mon or Tue. Tue evening and still no tech!",technical_support
.@116072 You guys really have awful customer service.  Support line tells me to call back before 6pm local time... it's 3:30!,complaint
"@116072 So far this week in Colorado, 2 cans and a string would be an improvement to your Voip service w/all our dropped calls.  Fixes planned? https://t.co/wA3I98QmIv",general_question
Why #VoIP Is A Hot Topic Among Small Business Owners: https://t.co/65MJCN35WF https://t.co/xmWUGtu3mh,general_question
@DunkinDonuts Alright cool I guess y’all serve chemicals in your coffee since this doesn’t seem to be a concern...,general_question
@DunkinDonuts Why does your coffee taste/smell like chemicals? Are your employees trying to kill me?,general_question
@sainsburys 2 of 2 On 4G signal same thing but error message is Sorry There Was an Unexpected error. Tried deleting app and restoring as well.,technical_support
"@sainsburys 1 of 2 At sign in, after long delay message come up No Connection - Please check and try again. That’s using home wifi.",technical_support
"@sainsburys @116809 They are aware, a quick scroll down the timeline shows how many people have made them aware.  Its because of PR that they don’t seem to admit",general_question
@sainsburys could you kindly let me know if the SmartShop app is out of action please?,technical_support
@AskPapaJohns My mailing address is 3003 E 107 Terr  Kansas City MO 64137 United States,general_question
"@AskPapaJohns The store address is 12008 blue ridge blvd, grandview mo 64030. My phone number is 8106028994",general_question
"80 minutes for my delivery?! @116076 , you could have told me that on the front end of this... BEFORE you took my money.",delivery_issue
@116076 last two times we ordered from y'all we've had nothing but problems. What's going on?! 😭 https://t.co/KUplknywk1,technical_support
"@AskPapaJohns Late? I never got it. They told me it was never ordered, even after I showed them the order. I am DMing you the details.",delivery_issue
"@116076 When I am told my pizza will be ready in ten minutes (after I arrive), and twenty minutes later I’m told I never ordered one? #BS",delivery_issue
"I see the local Papa John's delivery guy weaving in and out of traffic, but yet it still takes my pizza a hour to get here. 🤔",delivery_issue
"@AskPapaJohns Yes, one was pan. I guess those are smaller.",general_question
@116076 how are these both considered large pizzas? https://t.co/ErvQudb7vY,general_question
"As a college student, @SouthwestAir seriously makes traveling 6x a year stress free. 😩💛",general_question
@SouthwestAir In registering the website wants me to enter their email address. I can't reuse the one associated with my account. Is there a solution besides having to make email addresses for 4 and 5 year olds?,account_problem
@SouthwestAir It won't let me do that so do I need to call or is there a trick around the web for iy denying me to reuse it,general_question
"@SouthwestAir Oh, so earlier you actually meant to say that the same email CANT be used. Gotcha",complaint
@SouthwestAir So what your suggestion is that at sign up I go with a different email address and then later on go and change that to the email address I want to have the same across the accounts. is that correct,delivery_issue
@SouthwestAir Are children allowed to sign up for Rapid Rewards?,general_question
@SouthwestAir Thanks; just sent it.,positive_feedback
@SouthwestAir Hi! My flight for tomorrow was purchased as business select fare but it gave me a B boarding pass number instead of A1-A15..can you correct this?,general_question
.@SouthwestAir loving the karaoke in MSY at gate B9! Janez is great and definitely keeping spirits alive on this late Saturday night!,delivery_issue
@SouthwestAir Just filled it out! Thank you,positive_feedback
@southwestair what’s the best way to get in touch with lost &amp; found? Missing Bose headphone case on a flight from MSY to MDW on Wednesday.,positive_feedback
Thanks @SouthwestAir for the huge delays back to Chicago. So thrilled to be sitting in the airport for the next 5 hours. #thanksnothanks,positive_feedback
When @SouthwestAir says they’ll call you back in 15 minutes but they never do. 😞,general_question
"@SouthwestAir Since starting a new job on July, I’ve flown @SouthwestAir 2-4x/month. While the job &amp; biz travel may offer challenges, flying Southwest is a highlight. Your crew, convenient flights &amp; inflight service earn an A+!",general_question
Looks like this sunset flying into #Denver was photobombed by a @SouthwestAir winglet. #windowseat https://t.co/MCAm1ecuch,general_question
@Ask_WellsFargo Replied via DM,complaint
Okay Wells Fargo where's my check lol,general_question
@Ask_WellsFargo i sent a dm,general_question
@116827 you guys blocked my card for 3 days after i asked not to and now i've been on hold for 3 hours!! i need to use my card now,account_problem
@AskPayPal Replied.,complaint
"I don’t like the way @AskPayPal works, keeping my money pending! They never used to do that and that’s why I’m annoyed! Very annoyed!😡😥",payment_issue
"@Ask_WellsFargo Upon further review w/many online services that have sign-off feature, this is the only one that additionally asks if I'm sure I meant it.",general_question
Hey @116827 Your website is the only financial site to prompt me to confirm that I want to sign off. Is this a real issue? https://t.co/kokN1qRVtP,technical_support
So sad @AmazonHelp @115830 ruined his FIRST Halloween by failing to deliver his tiny costume 2 days running #whypayprime? #amazon #prime,payment_issue
"@Ask_WellsFargo 6290 E Pacific Coast Hwy
Long Beach, CA  90803
United States",general_question
@116827 what’s with charging 15¢ to non-customers for a roll of quarters!?  That’s ridiculous!  Definitely won’t ever be a customer there!,complaint
@Ask_WellsFargo Can I still get my money back if I have proof that there was a card read error and I was double charged for something but when I filed a claim I was told I was a basically a liar?,refund_request
@Ask_WellsFargo Please DM me for details,general_question
"OMG Never had WORSE Customer Service than @116827 
#EpicFail",general_question
@Ask_WellsFargo I would like to have 100$ on my account for free,account_problem
Now i gotta go to Wells Fargo and complain,general_question
"@116827 stop filling your fat faces with food, thanksgiving is over. my fucking money transfer needs to go through so i can continue to feed my lil brother and keep my heat on. Hurry the fuck up before i get charged some bs late fee.",delivery_issue
@116827  costumer  service is trash,general_question
@Ask_WellsFargo I already called but by the time they reversed the hold i had already lost the item out of my cart which then sold out 😭,general_question
Damn Wells Fargo fraud protection stopped me from getting a size 12 yeezy 🤬🤬🤬🤬😡,general_question
Fuck Wells Fargo 😒,general_question
I won't be back to this branch! Ayesha Khalid has a horrible representation of customer service ! (@ Wells Fargo) https://t.co/FuSQEgVGGs,complaint
@Ask_WellsFargo I opened a pack of pennies (50) and there was a battery in it.,technical_support
@116827 you ok? This was in your pennies https://t.co/g43ZXWFsCf,general_question
@Ask_WellsFargo is there an SMS outage? I have been unable to log into my account due to 2FA (text) and unable to do text banking. Thanks.,payment_issue
I! Fucking! Hate! Wells! Fargo!,complaint
Card is about to expire from @116827 . I asked for it to be expedited since it is already close to the end of the month - and the “best” they can do is 7-14 days. Not helpful at all.,positive_feedback
"Everytime i turn around i Wells Fargo taking money out my account, I’m bout to stop turning around‼️😒",payment_issue
@115830  website impossible to navigate - all I want to do is email about a faulty item - 20 min going round in circles. Infuriating 😡😡😡,general_question
"@115833, hi, I've bought an Amazon echo for for a present do they also need an Amazon alexa?",general_question
@AmazonHelp Thanks!  It was only a little awkward.... XD,positive_feedback
@115821 Apparently if you preorder something then move and update your address the preorder doesn't update automagically.  #lessonlearned?,technical_support
.@115821 said they delivered #ADSOM but it's not there.  Yet another annoying thing to deal with today 😢,complaint
"@AmazonHelp アカウント凍結して不正アクセスを調べてもらうことになりました。
ありがとうございました。",general_question
"@116313 注文した覚えのないものが届きました。
家族も誰も何もしていません。
勝手にレビューも書いてたり、ギフト券も購入してる様子。
今パニック状態なのですが、どこに連絡すればよいのでしょうか？",general_question
"ビッグセール「#サイバーマンデー 」が12月8日18時より開催決定！
家電、ファッションなど多くの人気商品を今年最安値で在庫を豊富にご用意。プライム会員なら一部「特選タイムセール」がさらに割引。今年最後の大セールをお見逃しなく。 https://t.co/eT1baAq9Y4",general_question
@AmazonHelp will i loose my account? Already tried help by link and by calling customer service,account_problem
@AmazonHelp will i loose my account?I've tried help from that link and yesterday by phone customer service and no one is able to solve this,account_problem
"@AmazonHelp how is Amazon going to solve this? By mail, text, call, customer phone service, no one is able to help me https://t.co/jhzCjY2bOw",general_question
"@AmazonHelp already tried help by mail and still problem persist, please close my account and don't want to be a customer anymore https://t.co/m2g5tP26fX",technical_support
"@AmazonHelp no luck it keeps asking for code witch is not sending to my phone can Amazon eliminate the 2 step method, this is so frustrating",general_question
"@AmazonHelp no luck on receiving the code by text or call, will I loose my account, yesterday a phone representative tried to help already https://t.co/Yn5SUBQonU",account_problem
@AmazonHelp USAs Amazon. Com,general_question
@AmazonHelp Im not receiving 2step code by text or call in my smartphone can't log in into my account already got help by phone with no luck,account_problem
"To the person or persons that stole that big, heavy Amazon box of my porch today: enjoy 200 13 gallon garbage bags!",complaint
@AmazonHelp They said it was UPS. UPS says they never received the package to deliver ¯\_(ツ)_/¯,delivery_issue
"@AmazonHelp Amazon's tracking says it's ""Shipped &amp; Arriving Today by 8pm"" but UPS Tracking shows just that a label is created.",delivery_issue
"Hey @115821, maybe don't ask people to pay $8 for ""launch day arrival"" if you're not going to ship the package until the day after launch!",delivery_issue
Ordered one simple camera from @115821 3x and all the 3x it’s been lost in transit. Ha you’ve got to be kidding me.. 😒😒😒😒😒,general_question
@AppleSupport iPhone 6 and yes it’s got the latest software update,delivery_issue
Really considering getting a new kind of phone since my iPhone dies with 90% while using my camera 😤 @115858 @AppleSupport @318,technical_support
@AppleSupport I can’t say for sure. It started with iOS 11. Only does it when I have to enter credit card info. Not sure if it’s every site.,technical_support
Come on @AppleSupport #ios11.1  Same bug as before. Numbers disappear when entering info. Video below. #iosproblems https://t.co/eKirAn2Mam,technical_support
@AppleSupport Restarting does resolve the issue. Thanks.,technical_support
@AppleSupport I can’t download songs. Progress icon keeps spinning. On both data + WiFi. Stream works though. Can’t add songs to playlists. https://t.co/x7uUxSqO9u,technical_support
@AppleSupport iOS 11.1,technical_support
@AppleSupport It,technical_support
"@AppleSupport Yes, and I️t happens in iMessage as well.",technical_support
@AppleSupport tell me why I️’I’ve updated my phone twice and I️ can’t type letter I️ without getting a letter A and a question mark,technical_support
"@AppleSupport Yes, it’s just the newer ones... I’ve got plenty of storage space left though...",technical_support
@AppleSupport And the new ones tauntingly pretend they are saved- it’s just when I click on them or try to send them that the grey screen shows,technical_support
"@AppleSupport whenever I try to see the photos that I’ve just taken my #iphone6 shows me this. I’ve reset it, I’ve restored it... help? https://t.co/8tQy27WvMe",technical_support
This “I️” shit annoying yo @115858 fix this shit,complaint
@AppleSupport iPhone 7 and it literally just started today.,technical_support
@AppleSupport AFTER I️ updated my phone.,technical_support
@AppleSupport please make this stop!!! https://t.co/YoyrO8iZKe,technical_support
@AppleSupport @116860 I have and my battery life has become even worse,technical_support
Please fix the battery issues in Ios 11! @AppleSupport @115858,technical_support
@AppleSupport I've updated to iOS 11.1 just now. I shall check out these WiFi hotspots tomorrow and later in the week.,delivery_issue
@AppleSupport The ‘Overlapping url over TIME on Free WiFi hotspots’ remains. v11.0.3. Not a WiFi problem; two different hotspots shown. https://t.co/81ifcrDUeS,technical_support
"コレは本当に困る、ゲームも出来なくなったしアップデートしなきゃ良かった´д` ;
@AppleSupport @115858 → 「バッテリーの減りが激しい」という問題に関しても同様）。 https://t.co/bGQly6cE2O",technical_support
@AppleSupport Running 4.0 . 4.1 showed up as an update this morning. Installing it as I type.  All was fine re: battery prior to 4.0 fingers crossed!,technical_support
Series1 #Applewatch would consistently get 18 hrs + per charge prior to last update. Now 12-13 hrs max.Died @ gym 2nite. Wtf @AppleSupport ?,complaint
"Don’t complain a lot about @115858 but when battery iphone goes down 50% after using your phone for 30 minutes .....
Problems since update 11",technical_support
.@AppleSupport why my iPhone keep dying at 30% quit playing games I'm not getting no new damn phone or iPhone x,technical_support
Having a terrible time getting @115877 to move charges to a correct credit card. 10+ emails deep and have to keep explaining. Help!,complaint
So my $12 ride just turned into $387. Really @115873 ??? https://t.co/0mxOCJC81m,general_question
@Uber_Support how do you add a driver?,delivery_issue
@Uber_Support UR team messed up again lol,general_question
"@115873 I've been using the service for more than a year and never had any issues, the last week I've been charged for ur drivers mistakes.",delivery_issue
@Tesco From recollection approx 1130am 311017,technical_support
2/2 @Tesco #Hindley cafe - 3 members of staff and I am served this.  #ThanksForNothing https://t.co/FiWjhOeOBr,positive_feedback
@Tesco Middle aged white female drkbrown hair tied in a bun local accent. Young white male dark hair in the background,general_question
"@Tesco awful service. Call cust and an hour on the phone gets absolutely no where. Lied to, ignored, abused. Doing well there...",complaint
@Tesco yea n u gotta be 17 to drive and MY CAR is at your pump,general_question
thank u to the woman at @Tesco who ID’d me for FUEL on my way home from WORK 🙃🙃,general_question
Why has @Tesco started putting the price on the shelves in such a big font? It's like an assault on your eyes!,general_question
@AmazonHelp Excelente servicio! Recibí mis paquetes hace un par de minutos!,general_question
@AmazonHelp Solo dice “en reparto” pero no tiene un número de contacto con el repartidor que es de Amazon Services 😩,general_question
@AmazonHelp No. Como puedo contactarlo,general_question
@116875 ¿como puedo trackear si esta próximo a ser entregado un paquete que tiene fecha de hoy? Gracias,general_question
"Got 2 packages delivered today from @115821 via their AMZL service. One package gets dumped at Leasing Office, which is not the address on package &amp; 1 package gets delivered to address on package, which is my apartment. 2 drivers, different results. I was home all day.",delivery_issue
@AmazonHelp I have no option but to see if my delivery arrives on the scheduled date. But I will contact customer services if it doesn't arrive on time.,delivery_issue
"I swear Amazon are trying to annoy me, I've just ordered another package and had a shipped to wrong carrier facility message again and my order may be delayed. 1st echo dot and then 3 packages lost and now another echo dot possibly delayed.",delivery_issue
@Tesco Thank you Callum will it have to be preorder or will there be general sale?,positive_feedback
"@Tesco Hi there, will the Tesco store in Monkspath have copies of Call of Duty WW2 to buy at midnight release?",general_question
@Tesco Done.,general_question
@116879 @Tesco Do you feel better after your wee rant?,general_question
@116880 @Tesco Yeah. It’s always fun making men stop mid pee. 🙄,general_question
"@Tesco nothing.

Sort it fucking out tesco.",general_question
@Tesco reasons other than changing a baby. I believe they are toilet trained and had no reason to be there. Your staff witnessed this and did-,complaint
"@Tesco finally, the old lady got access to the aforementioned disabled loo.

Oh and PS, three teenage girls used your babychange facilities for -",general_question
"@Tesco by then.

The unfortunate man regained his stream.

I washed my hands five times because I had to put the mens toilet seat down.

And -",general_question
"@Tesco mother had moved the barrier aside to the ladies to use the facilities there.

The rest either died of renal failure of had also scuttled-",general_question
"@Tesco kinder to her wait time. Two, the nice elder lady, was very calmly calling out the lackadaisical approach by the staff and three, my dear -",technical_support
"@Tesco reporting back to my ladies, my comrades in urination frustration, one of them had scuttled, assuming the waddle to the main mall would be-",general_question
"@Tesco the public stop mid-stream in appropriate Halloween terror as he realised their was a LADY NO LESS a mere 1.5 meters behind him.

On -",technical_support
"@Tesco loo by which point, I had not only used a cubicle in the mens room, I had also washed my hands and witnessed an unfortunate male member of-",general_question
"@Tesco out of action.

Seriously, a fucker could have been dead and it took staff a further ten minutes of screwing around to unlock the disabled-",account_problem
"@Tesco from within and surely, surely with a scrap of sense wouldn’t think to foolishly LOCK this disabled access bathroom with the ladies being-",complaint
"@Tesco was in appallingly desperate need.

Was someone dead or unconscious in that toilet? There was a legit concern. For there was not a sound-",technical_support
"@Tesco be seen or heard.

I alerted some staff because hey, ladies need to pee, there was an older woman there and also, my immunodeficient mother-",general_question
"@Tesco The staff where alerted to this after about six of us waited outside the disabled loo thinking someone was in there.

Alas, nobody was to-",general_question
"So I used the mens loo in @Tesco silverburn tonight and let me tell you why.

Ladies toilet was closed off, disabled toilet was locked. -",account_problem
Who doesn’t love @Tesco new entrance look and feel?  What says ‘welcome’ more than a cage full of rubbish? https://t.co/chffr2Qjth,positive_feedback
"Well, this sure makes for an easy connection.  It seems I always get them at the least necessary times though... #firstworldproblems @Delta https://t.co/mWOUBhSKuE",technical_support
"@Delta Your contact website isn’t working. It kept telling me to enter my street address, even though it was there! How can I contact you?",general_question
@Delta Is it possible to receive a copy of a boarding pass from an old flight? I need it for business.,general_question
"@SpotifyCares That stinks. Can you make it a feature, off by default, that I can enable?",general_question
@SpotifyCares I used to use that feature as an example of great UX. 😂🙈🙉🙊,positive_feedback
"@SpotifyCares @116885 I can't fathom why you'd get rid of such an unique, useful feature. us heavy-users feel truly alienated/betrayed. please make this right!",complaint
@116886 @SpotifyCares I wouldn't go so far. Clearly we were in the minority. Everyone I showed the feature to loved it. Maybe it wasn't well marketed...,positive_feedback
"@116886 @SpotifyCares ... I will though, if they already have the code, they could hide it in an advanced settings area. Maybe a Community Advanced Settings area.",general_question
"@116885 @SpotifyCares brilliant, please keep me updated? much appreciate it. still hoping they will bring it back in full on the next update",technical_support
"@116886 @SpotifyCares The truth is, although Spotify Cares, they've obviously already found the feature to not be useful to the masses. We are outliers. 😓",complaint
@SpotifyCares what happened to the iOS tap and hold to preview a song feature? I loved it for queuing songs to a playlist.,technical_support
@SpotifyCares Spotify 8.4.25.906 and iOS 11,technical_support
@SpotifyCares No just on my phone since I installed iOS 11. Mostly on 3G/4g. It’s very random when it decides not to work.,technical_support
"@SpotifyCares Nothing, same problem seems to be happening to a lot of people.",technical_support
@SpotifyCares Didn’t work,general_question
@116888 @SpotifyCares Same exact issue. Sound won’t play more than 50% although i have it on full,technical_support
@SpotifyCares The buttons on my headphones don’t pause my music anymore. Is this a Spotify or an iOS 11 issue?,technical_support
"@SpotifyCares BTW I have a confirmation email to say my email address was updated, then got an email to say my subscription had been cancelled?",technical_support
@SpotifyCares I can't log into my account as it's saying my password is incorrect but it's the same one I've used for years! I updated my email address but it's saying I don't have an account registered to that address?,technical_support
@SpotifyCares They're back now. I was on my phone's 4g earlier. I don't know what happened but when I connected to my wifi it returned. Thank you though.,complaint
@SpotifyCares  All of my songs disappeared from My Songs. They're still in the playlist but I'm not able to view them. https://t.co/lP9IHtod1M,technical_support
@SpotifyCares Doesn’t show in lock screen. Can’t adjust volume of phone isn’t unlocked also.,technical_support
@SpotifyCares Works. Blame IOS update.,technical_support
@115888 the new iOS is making your app way less usable. Would fancy walking around with a boom box after this update.,technical_support
"@115888 can you stop spamming me with ""would you like to open Waze?"" Fuck.",general_question
"@British_Airways It was the 10:35am from Edinburgh to Heathrow. We finally left around 2pm, not impressed BA...",general_question
"@British_Airways That’s funny, when we finally got on the plane the pilot told us it was an engine fault...",general_question
"@British_Airways not overly delighted at the long delay from Edinburgh today, nor the lack of information as to why or that I’m not home yet",general_question
Managed a quick cuddle with our four legged passenger before his @British_Airways 56 flight from JNB to LHR. He was very comfortable 🐶☺️ https://t.co/CAqgi1eJgN,general_question
@British_Airways Help.  Just booked a flight seconds ago and now see I have added an extra letter to end of a PAX name.  Is there a way to fix or one letter extra OK?,general_question
"Me and my teapot had a pleasant flight with @British_Airways to MUC this evening.
thank you",positive_feedback
@British_Airways Thanks for your reply Oliver. My Twitter wasn’t working very well last night so I telephoned the Executive Club.,positive_feedback
@British_Airways my Executive Club account has been hacked. Please pm me.,account_problem
@British_Airways Done online check-in but don't have the credit card can I still fly?,payment_issue
Happy halloween! decided to go with a @British_Airways logo this year :P https://t.co/DHYvgFTnHj,technical_support
@British_Airways #BA198 massive thank you to Victor De Georgio for such amazing service BOM-LHR,positive_feedback
@British_Airways BA0229 cancelled Friday. Rebooked on BA293. Told to call customer relations for complimentary upgrade but they are closed?,general_question
"@British_Airways is there a problem with server, as trying to book flight and car gets a message - Sorry, having problems!",technical_support
"@British_Airways Wasn’t told I had to when speaking to BA, conveniently forgot to tell me that very important fact",general_question
@British_Airways Only our missing baggage claim number,general_question
@British_Airways Flexibility?,general_question
@British_Airways And silence returns 😡,general_question
@British_Airways Fact BA broke the locks when they didn’t need to just makes th while@thing more disgraceful,general_question
@British_Airways Communication is that slow it is unbelievable about a week for a reply,complaint
@British_Airways Simple fact been home 2 months and you still haven’t paid me for expenses I incurred due to the delayed bags,payment_issue
"@British_Airways But I wasn’t told I had too, don’t expect a company like BA to be dishonourable",general_question
"@British_Airways lost opt luggage for over a week, then broke out cases, now refuses to pay for the damages they caused..disgraceful",payment_issue
@British_Airways Ba016 from Sydney.,general_question
@British_Airways 13.5 hour flight &amp; this is all I was given for #vegan First Class breakfast. No soymilk for tea or hot meal. Disgraceful. https://t.co/aBUbzluYyU,general_question
"@O2 I have got through &amp; Nikita explained to me that the bills will update in the next 3 days
I will keep an eye on it &amp; let you know!",technical_support
"@O2 I placed an order on Friday for £20 for 20GB with 3 months free Sim Only thru Live Chat.
When I look at my account.. It shows £33 per month?
And I can’t talk to anybody on Live Chat now.. Is it down?",account_problem
@comcastcares __credit_card__,general_question
@116907 @116136 I recorded everything i will go to court. It is very shame comcast. They have horrible agent,complaint
Lost power in the storm? Visit us at participating Xfinity Stores across New England to recharge your devices. https://t.co/L0w2fOGLvV,general_question
@comcastcares internet has been down for almost 30 mins now..,technical_support
"@ComcastCares
#mobile_Care
Internet drops periodically for a couple minutes at a time. App says internet is fine. How can i fix this?",technical_support
@115900 please get service back in New Hampshire. Not like there is a World Series to won tonight or anything. #getrdone,general_question
"@115900 how come when I call, your automated system will allow me to add services but not cancel them? Please contact me to resolve",general_question
"@AmazonHelp I would like it replaced not refunded. But the sale is over, and doesn’t look like you have it in stock at the site. What are my other options?",refund_request
#Amazon who packages these games. Ordered to games and both came rattling inside their cases. One is broken. Games may have suffered scratches. @115821 https://t.co/KqpOkpLeP8,delivery_issue
@AmazonHelp It's now a police matter. You could check the police report.,general_question
Amazon delivery guy refused to give the police his ID and suddenly started sounding like an attorney. Good grief,delivery_issue
I was just assaulted by an Amazon delivery person.,delivery_issue
@AmazonHelp And you guys have officially lost me as a customer. Was promised today...was never shipped. Give me my refund please so I may take my business else where. https://t.co/69tW0B5r9H,refund_request
"@AmazonHelp AMZL US Tracking ID TBA566517950000 it says delivered to mail room, I checked the mail and the front offce, the driver listed 1 package, in that one package was my XLR cables...I'm missing the controller.",delivery_issue
"@115821 the more I order from you guys, the more I'm going to stop being a customer....YOUR DRIVERS ARE USELESS. Once again they marked a package delivered when it clearly wasn't. I received one of two packages, yet they were both marked delivered. 3 times in 1 month! https://t.co/9UYVHPVWtE",complaint
"@AmazonHelp No, I can't check. It shows nothing. And customer service rep was NO help.",general_question
@115821 still don't know if my order has shipped or not.. BUT at least I'm a good person! https://t.co/hzYEL3qL7r,general_question
WHERES MY PC CASE AMAZON. Are loss memes organic.,general_question
Just ordered @115877. Let’s see what gets here first. My package from @115821 which has been “On It’s Way” since 1:22am or the food. #TheRaceIsOn,delivery_issue
"@AmazonHelp いえいえ！
問題解決しました！！助かりました、ありがとうございます(´；ω；｀)
はい！これからもお世話になります〜🎶",general_question
@AmazonHelp 親切にどうもありがとうございます(;_;)(;_;),general_question
@AmazonHelp 今までコンビニで支払いが出きるという支払い方法でAmazonさんにお世話になっていたんですけど、選択画面にその支払い方法が表示されなくて、色々いじってみたんですけどどうにも……！,general_question
なんかAmazon支払い方法変わりました？？,general_question
@AmazonHelp Trying to get a friend's playlist on my Amazon music app but it keeps giving me the following message https://t.co/o6zINm6HBC,technical_support
@AmazonHelp いつもお世話になってます(´ω`),general_question
Amazonプライム凄く良い良い,general_question
@AmazonHelp Thank you so much once again for kinds of word,positive_feedback
@AmazonHelp Will you follow me on twitter,general_question
@115850 @115850 is one of the best app in the world,technical_support
"Hit ❤ or re-tweet to get notified when the OnePlus 5T sale begins, exclusively on Amazon. Stay tuned to get #ANewView. https://t.co/0Ci7j8Lsoo",general_question
@AmazonHelp I got a refund but I wanna check to see if it's actually lost,refund_request
Okay amazon lost my package gr8,delivery_issue
@AmazonHelp I’m looking to reroute all my packages (except 1) to a nearby Amazon locker. I’ll DM you now :),delivery_issue
@AmazonHelp hey amazon - please help me :( i hVe tried calling and chatting with y’all but keep hitting walls. DM?,general_question
"Amazonで頼んだ商品が届かないよぉ
追跡は配達完了になっておる
郵便局に電話したけどどーなるんだろ",general_question
@AmazonHelp चोट्टे,general_question
@115850 का एकाउंट परमानेंटली डिलीट कैसे करते है?,general_question
@AmazonHelp Solicitud (foto del estado de cuenta),general_question
Jamas volvere a comprar en @116875 :'v,general_question
Que hueva tendré que veré vaselina por Amazon prime video. Obvio me pasan una lana por promocionar prime video @116928,general_question
Just had my first @115821 Prime Now delivery. 2 hours flat 👏👏,delivery_issue
"砂来のウィッグ コロネロの使える思ってのんびりしてたら、家が引越し荷物だらけで探せなかったんは焦ったわぁ
(Amazonで頼んで昨日届いたありがとうprime)",general_question
"I have 2 echos and set up multi room music playback. How do you switch back and forth between multi room audio and playing on only one? Sometimes I like whole house, sometimes I don't want to wake up my wife.
@115833 #echo #alexa",general_question
@AmazonHelp You could ask the other Amazon Delivery driver who was there (and then slinked away when I called the police). I didn't get his name. You should require IDs,delivery_issue
"@AmazonHelp Can do, but that means I will miss out on Black Friday and Cyber Monday shopping.",general_question
@AmazonHelp 10 hours ago.,general_question
@AmazonHelp Yes.,general_question
"@AmazonHelp Still not working.  They sent me a link to reset the password, try and sign in with new password and still locked out.",technical_support
@AmazonHelp Someone keeps trying to buy playstation cards on my account.  Having a hard time getting customer service,account_problem
"@AmazonHelp Danke für die schnelle Antwort... ja, ich werde mal nachfragen, was da schiefgelaufen sein soll. Ihnen auch einen schönen Abend noch.",general_question
"Ach schau an. Meine Bestellung war unzustellbar... @AmazonHelp, was ist da denn passiert? Bekomme ich mein Geld nun wieder?",positive_feedback
"@AmazonHelp For now, at least, until Prime Music starts shitting on its subscribers just like @116618.",complaint
@116935 Will I be forced to listen to ads on Amazon Music Unlimited the way I'm now forced to view them on @530?,general_question
Get 3 months of Amazon Music Unlimited for only $0.99! Limited time only. https://t.co/K9lrx52L56,general_question
@AmazonHelp But why has every item got  3+ days processing time when it's usually next day,general_question
@AmazonHelp Trying to place an order this happened before and deleting and rentering my address fixed it but now it's across multiple prime accounts to the same address,technical_support
@AmazonHelp live chat down in the UK and as a prime member I cannot t get any items delivered before Tuesday whats going on?,delivery_issue
"@ComcastCares
#mobile_CareXI no internet all day again, third day with issues. What is your solution?",technical_support
"@AmericanAir just sent me an email giving me 20k miles for a flight delay I complained about on Twitter. Nice job, my friends.",general_question
@TMobileHelp @115913 I don’t mean to be rude to you or anything. It’s very Frustrating! I feel like you guys don’t want me back!,general_question
@TMobileHelp @115913 Hi any updates on porting the numbers over? See you in the DMs?,technical_support
@TMobileHelp One more question please,general_question
"@TMobileHelp @115913 John, I am finally am back on T-Mobile. your team was great in helping me port back! Please note Zach R, Mariah D and Jason Y were great in helping me!",positive_feedback
Everybody @115911 is making everybody go to store to get problems fix. Don’t tweet them. 8hours over 3 days trying to come back @115913,technical_support
Can someone answer a question @tmobilehelp,general_question
@TMobileHelp Says I can't DM you.,general_question
Wow. @115911 just allowed someone to steal my phone number and told me they couldn't fix it unless they could call me on my phone number.,general_question
@tmobilehelp You guys just gave my phone number away after I called in a put on a security alert. Someone needs to help me immediately.,general_question
@115911 I have a few questions about a wearable I currently have with Verizon even tho I have switched to you recently,general_question
@115911 . I think ending the contests at 4 pm is too early. Not everyone lives on the West Coast.,general_question
#Thankenstein loves a good laugh! 🤣Submit your funniest costume with #Thankenstein + #Contest for a chance to win one of two Samsung S8s. https://t.co/ZpoLDWLveU,positive_feedback
"@115911 @343 Just left BR and this did not work, had to pay full price 😔",payment_issue
"We love to scream for 🍨 ! Also it’s Halloween, so we’re screaming anyway.

Get $2 off from @343 &amp; #TMobileTuesdays https://t.co/czGazeVAFI",positive_feedback
@TMobileHelp Hi sultan you mentioned I Should send you dm,general_question
@115911 @TMobileHelp sitting here with broken leg and frustrated no netflix on us promo still 😢,complaint
#Thankenstein is so close to rising again!  Send your costume pics using #Thankenstein + #Contest to zap him to life! ⚡ https://t.co/wvgJv7fn61,general_question
@115911 why can’t I get any service in my damn house,general_question
@115911 @TMobileHelp I’m trying to apply my photo code and it’s not working.,technical_support
@115911 look at my download speed. Been like this for past 30 min! https://t.co/i84ZhYD24s,general_question
@TMobileHelp Will do! Thx!,general_question
"@115911 I've read some reviews that indoor coverage isn't great. As a working mom, I need consistent, reliable coverage.",positive_feedback
"@116948 We have coverage everywhere, Lisa! Check it out: https://t.co/Zq0j3hQlDD 🤗 #GetOutOfTheRed *TarynS",general_question
North Jersey/NYC @115911 customers: how is your coverage? Reliability? Indoors/Outdoors? Thinking of switching from @115725!,general_question
@115911 @115858 I love my new 8!!!! #NewPhoneFeels https://t.co/NN2EakBMY7,positive_feedback
"@115911 Netflix and chill, thanks to our #motomods https://t.co/XZxoR5h8FT",positive_feedback
@AlaskaAir we are past the 30 min mark and no luggage. No baggage agent either. Flight 670 Seattle to Austin,general_question
@AlaskaAir That’s literally what I just said. Doesn’t excuse the fact that your employee argued with me and as a result I’m paying ($25/bag) to wait an extra 3.5 hours. Never flying your service again.,payment_issue
@AlaskaAir Wasn’t a delay. I told the guy at the counter my bag wasn’t tagged and he said “yes it is” and pointed at my old tag from @SouthwestAir and proceeded to process my bag. I now have to wait 3.5 hours for my bag to get to SFO from PDX.,general_question
Nothing like waiting at the airport for 3.5 hours because @AlaskaAir employees can’t do their jobs right and argue with their customers (who are right).,general_question
Thankful for our amazing partner @AlaskaAir. Going to be a great day at the #GreatestSetting. https://t.co/vBD30BzF9O,positive_feedback
"Waiting for my flight to depart &amp; the gate agent announces that the delay is due to a vomit clean up... #ohgreat #alaskaairlines #tmi #ignoranceisbliss 
#gross",positive_feedback
"@AlaskaAir Thx! Will do. Hoping our flight crew provides updates, so the entire plane participates. #AlaskaRocks",technical_support
"@AlaskaAir please, please broadcast the #AppleCup on flight 447 @116956 #badtiming #GoCougs",complaint
"@AlaskaAir I fly a ton to LAS, unfortunately it never comes with!",general_question
"Heading home from #Thanksgiving vacation down in Tampa Florida with friends!  Had a great time, flew @AlaskaAir as always! Back to Seattle to the rain! #MVP #iflyalaska https://t.co/03ArS3nrdB",positive_feedback
Captain of our Alaska flight just called a Korean war vet up to the cockpit to thank him for his service. Good stuff. #AlaskaAir,general_question
"@AlaskaAir Yeah just curious why boarding always happens extra early at IND. Been almost ""late"" to door closure at 45+ min prior to departure. Not a problem at SEA closer to 30 min",delivery_issue
@AlaskaAir Not sure. In the back of the plane but heard an announcement about doors closing. Still sitting at the gate past departure time. Finally turned on A/C,general_question
@AlaskaAir why does flight 501 IND-SEA always have final boarding called at the listed START boarding time? Currently sitting at the gate with doors closed for 30+ min. Not the first time on this flight number,general_question
"Always appreciate the @116961 gangsta bear to welcome me back home. @AlaskaAir, thoughts on keeping these friendly cuties? https://t.co/U7QfAH43be",technical_support
"Chicago. 
#chicago #alaskaair #flyalaska #sunset #lakemichigan https://t.co/KqeyGGN1zl https://t.co/enMbyfzBuw",general_question
"On my return leg on my 1st @AlaskaAir trip, I just had the worst ""check in"" experience in my years of commercial flying. No staff at DTW counter when kiosk advises you see customer service agent since machine was unable to print boarding pass. It gets worse...",complaint
Thanks @SouthwestAir for the Halloween candy and complimentary drinks on today’s flight!,positive_feedback
Shout out to @SouthwestAir for a flight to Midland that lands right at 7:30 so I won’t miss the #WorldSeries,general_question
@hulu_support #Blindspot season two only goes to ep17? Despite there being more eps but then s3e1 is up?,general_question
@hulu_support Your support SUCKS!!!,complaint
@hulu_support I am using an iPhone 6s &amp; I tried the things that the troubleshooting tips suggest.,general_question
"@hulu_support the Hulu app logged me out, &amp; when I try to log in, I get ""An error occurred. Please try again later"" &amp; I know the login",delivery_issue
@hulu_support when will we see @174 season 4 on hulu,general_question
"@hulu_support Yes dialogue is out of sync. Seinfeld, workaholic, as well as others. Blank pic with sound, pic with no sound. Using Apple TV disappointed 😔",complaint
"@hulu_support Hi, your service is completely #unreliable. the stream freezes and the voices out of sync. #totallydisappointed #pleasefix",complaint
"@GWRHelp hi Phil, it’s an iPhone 6s, black doesn’t have a cover and battery had died.  I was in about the 4th carriage, was one with toilet in",technical_support
"@GWRHelp if you find it and power it up, the background image is a woman sitting in a yellow chair",general_question
@GWRHelp thanks for your help Phil.  the carriage was reasonably empty so hopefully will be found by staff,positive_feedback
@GWRHelp Thank you so much for getting back to me - ange,positive_feedback
@GWRHelp My iPhone has been located in the car park at Oxford train station and in Harrow. Could you please provide phone numbers. https://t.co/YSnelaWzfu,general_question
"@GWRHelp Hello i’ve left my iphone on the train, i was on 22.35 from Ealing Broadway to Langley 22.57.  Can you help?",general_question
@ChipotleTweets y'all upset my man @116973 He's a big fan of yall but won't go cause of bad/disrespectful service. Please apologize,complaint
Got #boorito dinner at @ChipotleTweets with @116975 https://t.co/Pt2J0AM1Nm,general_question
"@ChipotleTweets Branch from Trolls 
And the Boorito was delicious! Thank you!",positive_feedback
Best Halloween 🎃 treat is always the Boorito from @ChipotleTweets!,positive_feedback
Can’t order online because of this stupid dress up for a damn $3 burrito event! @ChipotleTweets blocked online ordering. 🤦🏾‍♀️,complaint
@ChipotleTweets Queso Yes Or No,general_question
@ChipotleTweets Oohhh...ok,general_question
I need @ChipotleTweets in my life 😩😅 https://t.co/w47cHXbRPk,general_question
Double everything for $3! Shout out the homies at @ChipotleTweets,general_question
"@ChipotleTweets I’m next to a university, the line is wrapped around the building. Good try!",technical_support
🗣 I JUST WANT CHIPS AND SALSA! I HAVE TO STAND IN LINE FOR CHIPS AND SALSA @ChipotleTweets,general_question
"@ChipotleTweets agreed - thank you for another amazing dinner, Chipotle",positive_feedback
celebrating Halloween 2017 with @ChipotleTweets https://t.co/seN3hFyTX0,general_question
@ChipotleTweets Thanks Becky! We truly had a blast and I see this becoming our annual tradition.,positive_feedback
@ChipotleTweets The employees were thrilled to see my little Chipotle Baby! #bestcostumeever https://t.co/xDuiYZvNcn,positive_feedback
@ChipotleTweets it was absolutley delicious,general_question
"HAPPY HALLOWEEN! Thank you for the delicious BOOritos, @ChipotleTweets https://t.co/ahatGE5SvN",technical_support
Dressed up as #packers quarterbacks for $3 burritos @ChipotleTweets! https://t.co/1NLkpYkEZz,general_question
@ChipotleTweets I can't be lazy and send a friend 😭😭😭😭,general_question
@ChipotleTweets is the $3 one per person?,general_question
#Boorito time!! Thanks @chipotletweets https://t.co/6254T50fAM,positive_feedback
"Me: I'm not dressing up for #Halloween. I'm not even getting  out of this bed
Homie: $3 burrito at @ChipotleTweets if u come in costume
Me: https://t.co/4vIM8r13AG",general_question
I don't need a lot to be happy - a @ChipotleTweets and @116988 Centurion lounge in the same airport pretty much does it. PHL 👍,technical_support
You! Shall! Not! Pass!!... me in line while I wait for my boorito at @ChipotleTweets https://t.co/UhnaLks1b2,general_question
"@ChipotleTweets Thanks, Becky. I submitted a request.",positive_feedback
@ChipotleTweets I thought it was $3 burritos if we showed up in costume? https://t.co/zZdkrejrCl,general_question
I went to @ChipotleTweets to get a burrito and they called it a boorito on the receipt &amp; I got such a kick out of it https://t.co/n1hkWGl1fU,general_question
. @ChipotleTweets when your employees talk shit right in front of me in Spanish and think I don't understand it? #entiendo,complaint
"I know it’s Halloween, but Chip messed up so many orders LOL @ChipotleTweets",general_question
So this was supposed to be my “conjuring” face as we picked up our booritos from @ChipotleTweets 🤣👻🌯 https://t.co/tYkCq6Rzoe,general_question
"@ChipotleTweets Good call, delicious burrito as always! https://t.co/6bV0HGNGgq",general_question
@ChipotleTweets what do I wear for this #boorito ??? I'm too indecisice!!! #Halloween2017 https://t.co/Ap46AvYRFF,general_question
@ChipotleTweets Went to get my boorito &amp; was told my costume as my fav tv character wasn't sufficient by a rude employee. Cant believe this!,complaint
3 minute D.Va costume for $3 ritos at @ChipotleTweets 🌯🌯🌯🌯 https://t.co/Snb3vnwmMj,general_question
Whoever coded the Chipotle app grinds my gears. I want to order fooood 😩 @ChipotleTweets,technical_support
Walked into @ChipotleTweets to see (zero exaggeration) 150 people waiting in line in costume for $3 burritos #nope https://t.co/lvRKFJbv9K,general_question
3$ @ChipotleTweets burritos for anyone in a Halloween costume today 3pm-close ✔️✔️ #whatadeal,general_question
@sprintcare @115714 thinking about upgrading my wife’s iPhone 6.  What is your best offer?,positive_feedback
@Ask_Spectrum can I drop RT from my cable package,delivery_issue
"@Ask_Spectrum Great, Thank you",positive_feedback
@Ask_Spectrum i thought i was replying to you directly,general_question
"@sainsburys Oh bless you, thank you so much! It’s wallington, or purley way.  Or I’ll drive to wherever! They are so worth it!! X",positive_feedback
"This being #UKSausageWeek, it’s reminded me to ask @sainsburys - will you be doing the Taste the Diff chipolatas w. cranberries this year?🙏",general_question
@sainsburys Thanks robbie. Ecclesall rd Sheffield :/,positive_feedback
Hi @sainsburys just bit into one of your jam doughnuts and it had custard in it ... not happy to say the least,complaint
@marksandspencer Fab customer service from @marksandspencer today. Shoes exchanged with no fuss 😁,general_question
Really disappointed with my @marksandspencer boots - only bought them 2 months ago and already split. I expected better quality from M&amp;S. https://t.co/XPDfiwQB4z,complaint
"@marksandspencer Thanks I filled in an online complaint via your website, hoe long does it normally take to reply?",positive_feedback
@marksandspencer who can I complain to about poor quality with food packs? Have spoken to store in question but they aren’t helpful at all? Do you have an email or phone number of someone who may be able to help? Thanks,positive_feedback
@VerizonSupport This has happens far to many times when important work is due,technical_support
@VerizonSupport After 2 hours of customer service we finally fixed it thankfully our contract is up and we will not be renewed with you guys,positive_feedback
Trying to do my presentation and my whole entire house has no internet ...wonderful just wonderful @VerizonSupport get it together,technical_support
@AskPlayStation I redeemed a VC code for nba 2k18 that I got from Best Buy. It said it was successful but I didn’t get the VC,positive_feedback
@AskPlayStation I sent a question.  Can you guys answer? Thanks,positive_feedback
"@AskPlayStation My account has been temporarily suspended, and I was wondering why but I have not been emailed yet???",account_problem
@AskPlayStation But i hope it will come as an option in the future! @AskPlayStation everybody wants this?! @9668 @9667 @117013 @117014 @117015,general_question
@AskPlayStation When we Change our online id ???!!!,general_question
@AskPlayStation Is there a way to get a psn account unbanned,account_problem
@AskPlayStation Ya los empeze a seguir,general_question
"@116216 Yo tenia un adeudo en mi cuenta y ya lo pague, estoy conciente que son 24 horas pero en ps4 dice que esta bloqueada mi cuenta",general_question
@AskPlayStation my redeem code DOSENT work 😭,general_question
@AskPlayStation I'm trying to buy the game first but its not letting me do that,general_question
@AskPlayStation I'm using a PS4 system,general_question
@AskPlayStation I trying to download Qurare: Magic Library bit its saying page not found.,general_question
@AskPlayStation Right now i have a controller and headset picking up my audio that i cannot find on my system,general_question
@AskPlayStation Is it possible to create a hidden harddrive on ps4 which can be accessed remotely when the system is on?,general_question
I can't believe there's no other account Mgr's available,complaint
"@AskeBay Can you please bear in mind, not everyone has smart phones! I have but my buyers might not!",general_question
"@AskeBay I know what triggered it, I tried to send my number and email address to a buyer so they could contact me for directions!!!",general_question
@AskeBay I’m currently receiving enquiries regarding delivery info which I can’t respond to which is going to cost me in lost sales,delivery_issue
@AskeBay All the items I have listed currently are for local pick up yet I’ve had my messages restricted because I tried to give my number and email,general_question
"@AskeBay I for one would not consider buying a £3k watch without seeing it first, how would I get the sellers details?",general_question
"@AskeBay But as a delivery driver, I can’t be opening the app constantly to respond to queries and if someone wants to let me know they’re 5mins away",delivery_issue
@115937 why is it such a crime to put my phone number in messages when dealing with potential buyers regarding delivery info?,delivery_issue
@AskeBay What is a dm,general_question
@AskeBay I've talked to a supr with no assistance,general_question
@115937 is not a customer service co,general_question
@AskeBay To a potential buyer who wants to contact me during my work hours to arrange a viewing.,general_question
@AskeBay But yours as well. Doesn’t make sense!,general_question
"@AskeBay If l lose out on sales or an item doesn’t sell as well as it should, eBay won’t receive their %. You’re not only affecting my pocket",general_question
@CoxHelp @117024 I agree! Why the frig can we not get an ETR????!?!?,general_question
@CoxHelp Funny bc everyone around is restored,general_question
@CoxHelp Never lost power,general_question
@117025 @CoxHelp I get it. Tx for explanation. ETR depends on Natl Grid fixing power outage still in the middle of 02806,general_question
@CoxHelp ETR now 12pm. Consistent w following Natl Grid ETR for 02806 Center at 8:30 am. All good news  Thanks. https://t.co/Y2vWtUJu0A,positive_feedback
Hi #coxri @116021 @CoxHelp I know you’re working hard. Just a little update or ETR WOULD HELP A LOT https://t.co/6tbwbd4WSS,technical_support
"@CoxHelp my name is charles martin, 3238 w. columbine dr, phx,85029. my bill has almost doubled from last month, Why, no help by calling",payment_issue
"@CoxHelp hello, curious when the outage is expected to be resolved for the 02919 area code",positive_feedback
@CoxHelp thank you for helping me get all of my services back.,positive_feedback
@116021 thanks for sending me a new modem that doesn’t work. Your agent can’t even turn the old one back on so my daughter can do homework,positive_feedback
@BofA_Help Hi there! I need some infos about opening a checking account at BofA for foreigners. I'm gonna be in Miami next week only for this and I really could use some help,account_problem
@BofA_Help its a bit concerning :(,general_question
@117032  bonjour a partir de combien de temps après creation de paypal avec un compte bancaire peut on acheter ?,payment_issue
@116072 @48443 why not try illustrating call backs to current customers.,general_question
Great illustration @48443! The #AWS Cloud Goes Underground at #re:Invent @116072 https://t.co/JKZPDexbOz via awscloud,positive_feedback
"@116072 is the worst internet provider ever. I won't be able to do school work until Tuesday, so are you paying for class if I fail?",complaint
@117036 @117037 @116136 there better than these faggots @116072,general_question
@BofA_Help Thank you call me tomorrow afternoon 3:00 pm (706)614-7640,positive_feedback
Ridiculous amount of fees again from #bankofamerica.  How do you justify stealing money from people?,complaint
@XboxSupport Too late I smashed it,delivery_issue
I'm sat getting emotional trying to make an Xbox work almost crying I just want to watch Fucking Harry Potter,general_question
@XboxSupport @117040 He literally just asked something lol,general_question
@117041 @XboxSupport @117040 Yeah just let us know if you've got any question and we will be happy to answer them! ^PS,technical_support
@116543 When can we pre order on Xbox?,general_question
"PlayerUnknown's Battleground launches on Xbox on 12/12. I'll see you on the battleground! Retail, digital: $29.99 #Xbox https://t.co/vw5gus2kxo",general_question
"@117044  If I uninstall and reinstall the game on my Xbox one, will my account progress still be there?",account_problem
@TfL @117046 *making,general_question
Hi @TfL please give the man who is giving updates on the Piccadilly line at Leicester square a pay rise... he's make the whole platform smile with his hilarious  announcements @117046 #london,technical_support
@XboxSupport is it possible to cancel a pre order,general_question
@nationalrailenq What’s the reason all trains at Lancaster are at a standstill?,general_question
@nationalrailenq Using the London Zones 1-4 travelcard combination ticket,general_question
"@nationalrailenq SOU to Wembley Park, preferably via WAT",general_question
@nationalrailenq One that will allow me to get to and from England V Brazil. Would probably be on the train from WAT after 12am,general_question
@nationalrailenq how much is a ticket from SOU to London Zones 1-4. SWR Website will only give 1-6 but only need to go to 4 for Wembley Park,general_question
@nationalrailenq any idea whats going on with Preston trains? Will they be running?,general_question
@ArgosHelpers Alfreton,general_question
@ArgosHelpers And waiting and the normal question went before the fast lane was tended too. So what’s the point in it,general_question
@ArgosHelpers Yeah. There not fast. It would of been quicker joining the normal que,general_question
@ArgosHelpers Make the fast track fast,general_question
@ArgosHelpers ?,general_question
@ArgosHelpers what’s the point in fast track when it’s really slow,technical_support
@Postmates_Help @116057 You are responding to people every few minutes but have not responded to me. When I email fleet I do not get a reply.,general_question
@Postmates_Help @116057 how do I turn these notification off? I do not want them https://t.co/SBV2atg8o0,general_question
@Postmates_Help i'm tryig to order off the app and i've tried on the website and it isn't working,technical_support
When your @116057 order came to be $30 after tax and tip but they charge you nearly $40. Neat 🙃,general_question
soooo @Postmates_Help just brought me poke with none of the sauces that I ordered 🤔,general_question
Why would @116057 charge more than my order to my account and then decline the purchase 🤔 I hate that app it’s so glitchy 😩,complaint
@116057 Please reach out - your company needs to have a customer service phone number,general_question
Hey @116057 $34 of food cost $65 to receive - major surprise over quoted amt. No surprises at @345,general_question
@116057 Can’t reach cust service to report TERRIBLE experience- Hair in food and no way to get $ back https://t.co/DVuLDHBN2V,complaint
@Postmates_Help We finally found each other! Disregard thanks,positive_feedback
@Postmates_Help my Postmates can't speak English and can't find my address can you help us,general_question
Y’all really need to get your shit together and get a customer service phone # @116057 I never got my shit so fix it.,complaint
Mannnnn @116057 is garbage chick straight ghosted my order but they’re still trying to make me pay for it,complaint
@Postmates_Help hi! I was charged 55 dollars for my order when it said it was 36 bucks on the postmates app? Will that change? Thank you!,technical_support
"Come on @116062.  Get it together.  This is like the 5th Target I've seen this at.  ""By the each..."" https://t.co/q6yPmeJvNI",general_question
"#upsscam why ups always charge cod ? Why they can't figure out cost  before when shipping is calculated ?
@115817 @UPSHelp",delivery_issue
A video game dude (EVA helmet prjt) and  a plain box @115817 @116547 @344 https://t.co/KxJSdLvFCJ,general_question
I really wish @116090 wouldn’t ship with @115817. Worst service out there,complaint
@115817 I used UPS My Choice to hold two packages that were going to arrive on Friday until Monday.  They're still not here.  Where'd they go?,delivery_issue
"This just in: Marketing Cloud is so difficult to use, i want to flip tables.

Nothing is intuitive. NOTHING.",general_question
Is @117070 down for anyone else??,general_question
Biggest regret of 2017: signing up with @116072 ...  still waiting for them to give me the internet they’re charging me for,technical_support
Got call of duty and I was super stoked!! turns out my internet ain’t fast enough. Thanks @116072 and thanks to @531 for taking 3 weeks to install my new internet 😑,technical_support
@116072 your service sucks! Speed is slower than what we are paying and wifi says connected but yet can't get on! Grrr!!!,complaint
"got home to tally and my internet is broken, called customer service and they said there’s been an attack on our router..  how you let someone brick my shit smh @116072",complaint
@CenturyLinkHelp Trying to order bonded DSL but getting conflicting answers from customer support. Help!!,general_question
"@116072, another poor customer service expense with my trouble ticket being lost. Goes with my 16 hours of calls with your billing department. #theCustomerMatters",payment_issue
@117078 @116584 Hi! Stand by please. Checking it out .. thanks!,positive_feedback
Hi @117077 why does it say you are closed via @116584? I need some yummy food!,general_question
@116584 At least I’m being productive and grading while waiting for my food to get here.,general_question
Being naughty and ordering Mac and cheese though @116584 🤗🤗🤗,general_question
@NeweggService Purchased a case yesterday that dropped in price today. Can the difference be refunded?,refund_request
@NeweggService I bought a PC case yesterday for $69.99 and today it's $5 off. Can you refund me the difference?,refund_request
@AzureSupport How do I change default document (i.e. index.php) in WebApp?,technical_support
thanks @AzureSupport i just did:  support 'REST Guidance or iOS(Swift) QuickStart for Cosmos DB' - what do you think? https://t.co/1q5Afh6uZM https://t.co/G4uUlUpoqg,technical_support
"@AmazonHelp Estoy al tlf con ellos, me lo reembolsan ahora mismo. Espero que ASM reciba algun tipo de sanción porque esto es una vergüenza.",general_question
@AmazonHelp Pago para tener el Prime con vosotros para que me tarden en llegar 10 dias? Reembolsadme la compra y lo compro en cualquier otro sitio,general_question
"@AmazonHelp https://t.co/ohEeuAt7A6 estais de coña no?el reembolso lo quiero ya, era para un regalo para hoy y tenia que llegar ayer.",general_question
"@AmazonHelp poo. assinei hj pra ver a terceira e nada.. acha q so qnd acabar na tv americana? de qq forma, obrigado",general_question
@117086 tem previsao para liberar a terceira temporada de #mrrobot no #amazonprimebrasil ?,general_question
"@AmazonHelp ご丁寧にありがとうございます！
逆に面白かったので全く問題ないです！ありがとうございます！",general_question
"【新  一日一句】10.31

ハロウィンは
クレームさえも
吹き飛ばす🎃

Amazonで
マリオとルイージを買ったのに
マリオとマリオが来たwww

Wルイージよりマシか！笑
ハッピーハロウィン！👻💕 https://t.co/3s4J9MbYAc",general_question
"@115850 I have stopped ordering from your site, Amazon courier guys are very rude. I have given similar complaints to u no of tyms.",general_question
"@AmazonHelp Okay, thanks so much!",positive_feedback
@AmazonHelp I’m trying off my fire stick,general_question
I go to watch #thebay and episode 7 &amp; 8 aren’t there??? 😭 @117090 @AmazonHelp,general_question
"I lost my signal while searching something in @115821 and since the page didn't load, this shows up...I am not even mad. #DogsForLife https://t.co/QhdOmksrrY",general_question
@117093 #HappyHalloween2017 from your biggest fan. Thank you for creating #efficient and #healthy households nationwide! https://t.co/06sKXnGayh,technical_support
@117095 @115821 My audiobook hasn’t shipped (but the site still says I’ll get it by 8PM 🙄),general_question
Lots of folks (even w/Prime) reporting they will not receive The Final Dossier today from @115821. #Disappointing,technical_support
Y’all need to fix this now @115858,general_question
@AppleSupport No,technical_support
@AppleSupport just updated my 7 plus to 11.1 but I can’t see the new emojis on my watch. Pls help.,technical_support
@AppleSupport ok cool,technical_support
I️ &lt;— wtf is going on @AppleSupport,complaint
"@AppleSupport As always, thank you!!!",technical_support
@AppleSupport I can’t change lock screen anymore from ‘wallpaper’ in settings. How do I do it now?,technical_support
"Dear @AppleSupport this new update sucks ,I have too many problems with my phone now ! Blurry screen , black screen , frozen phone !",complaint
@115858 creates amazing technology..... but talk to text still messes up 90% of what I will it to type..... #fixyourcrap,complaint
"@AppleSupport excuse me, can someone explain to me why when I type an “I️” alone I️ get an A and a question mark???????",technical_support
"@AppleSupport Cool, just did. Seems every update is just purposefully adding new stuff that is optimized for the latest iPhone. Need update provisioning.",delivery_issue
"Heyyy @115858 still waiting on a version of iOS 11 that isn’t complete shit

— Everyone with any iPhone that isn’t the brand new one",complaint
@AppleSupport why does my iphone 6 is redémarrer alone !!!!!,technical_support
"sa fait 1h j’ai ios11.1 et mon tel redemarre seul, explication @AppleSupport ?????",technical_support
You dropped an update and I️ still see boxed question marks. Fix this shit @AppleSupport @115858.,complaint
@AppleSupport Yes. Sorry. I️ just watched a video about 11.2 beta. 11.1 When I️ type the letter Eye I️ happens https://t.co/bUBElgADue,technical_support
@AppleSupport Tried I️t and I️t still doesn’t work,technical_support
@AppleSupport When eye type the letter eye a capital A with a box next to it shows up and replaces the letter eye with a question mark in a box.,technical_support
Just updated to iOS 11.2 and my keyboard is completely screwed up and glitchy now 🤦‍♂️ @115858 @AppleSupport,technical_support
"@AppleSupport No, virginmedia. Tried twice with completely new mail. One didn’t save, 2nd did though. Very odd.",technical_support
@AppleSupport Updated iPad Pro to 11.1.  Worked on draft email. None of changes saved. Started new email. Saved but disappeared. Help please,technical_support
@AppleSupport 11.0.3,technical_support
I updated to iOS 11 and my iPhone 6 stopped connecting to wi-fi. Already restored the phone and the network connections @AppleSupport,technical_support
@319 why is my “it “ autocorrecting to I.T?? So annoying! Can’t change in settings either...@AppleSupport,complaint
@VirginTrains I’m phoning to check if there is bicycle space before purchasing my tickets. If u could do this it would be brilliant &amp; i’d be very grateful,general_question
.@VirginTrains I’m trying to get through on the phone to book bicycles onto services. Ive been on hold for ages? Any help available?,general_question
"@115877 you failed me, seriously a burrito and queso when I ordered a salad?! And no request to get this fixed... help me out!",positive_feedback
@Uber_Support This is out of date. The site https://t.co/gEBwRjewXQ is no longer online. Found this https://t.co/fvCb7ejJPp but I'm not recieving anything,general_question
@Uber_Support Hi! I have a problem getting my invocie in Mexico (tax-legal facturas). Can you help or do you have a help center for Mexico?,technical_support
I need a hookup with an @115873 promo code. Help a nigga out! #uberpromo #fucklyft #uber,general_question
@117115 @115877 just ordered for the first time. Order botched. Driver cant fix. Bayonne McDs wont answer phone. #fail #neveragain,delivery_issue
@BofA_Help  https://t.co/iEhHPYxbUa,general_question
@BofA_Help @117117 He wants a Loan 😂,general_question
@117118 Let me get a loan right quick. @116035,general_question
Extremely limited tickets still available on StubHub for tonight's game! Come support #ThisTeam: https://t.co/IK1wnkhhcw  #WorldSeries https://t.co/mXWirnvdmP,general_question
@BofA_Help need help! Sent a DM and no one has replied yet.,complaint
@117116 @BofA_Help @117117 We all want free tickets. Can BofA work something out with the Dodgers. It never hurts to ask.,general_question
"@BofA_Help actually, can you text me please to my email, __email__",general_question
@BofA_Help Sergii Daragan/02152/+380671277946,general_question
@BofA_Help I need to get information about refund from Groupon.,refund_request
"@BofA_Help I am in other country, in Ukraine. if you can call me and help it would be perfect",general_question
@XboxSupport OH FUCK WHAT? THE DLC IS NOW AVAILABLE. AFTER THE SAVE DATA IS GONE. THANKS MICROSOFT YOU GUYS SUCK.,complaint
"@XboxSupport because it’s redeemed, but the DLC is unavailable. So all of this....because we asked a question.",general_question
"@XboxSupport Now, all of this was because we called to ask why DLC wasn’t appearing after being redeemed. do we need a constant internet connection?",technical_support
"@XboxSupport THERES NO SAVE DATA. It wasn’t backed up to a cloud, and even it was, WE CANT GET TO THE CLOUD.",general_question
"@XboxSupport First of all, fuck you. Second, what if we didn’t?? Either way, thankfully we found a friend, got the account back, but guess what?!",account_problem
"@XboxSupport Surprise, problem. Now we can’t get the account back on the xbox. Supervisors response? “Don’t you have a friend nearby that you can ask?”",technical_support
"@XboxSupport IT CANT COME BACK BC WE CANT CONNECT TO INTERNET. But even asking if we can get it back before doing it, we were told “oh yeah no problem”",technical_support
"@XboxSupport how would deleting an account off a device (that cant connect to internet) to troubleshoot it work, be brought back? Oh, IT CANT.",technical_support
"@XboxSupport i’ve lost every bit of save data on my console, all because your CS rep didn’t know what the fuck she’s talking about",general_question
@XboxSupport i’d like to know why the fuck you employ people and don’t train them to know their fucking jobs.,general_question
@XboxSupport Party invites are fine and the game invite issue seems to be limited to dead by daylight found away around the issue in the end ^_^,technical_support
"@117124 Unable to send invites on Xbox, you guys fixed something and it broke something else 😂",positive_feedback
"People of the fog! Venture inside Badham Preschool, the new #DeadbyDaylight map, available for free on PC &amp; consoles! https://t.co/sAq6xvPhgb",complaint
@XboxSupport The updates kept starting and stopping but after restarting and reconnecting my internet multiple times it seems to be working,technical_support
"I legit think the new Xbox update broke the Xbox 
No game is able to update, and it’s not a problem with my wifi",technical_support
@117123 @XboxSupport same with me... and disconnecting...  fun,general_question
@XboxSupport only happens on dbd,technical_support
@airtel_care @117128 @116327 Really pissed of and the customer care gave 2 days time. I am returning on 4th. Where the * that can fix when I am in need.,general_question
@airtel_care @117128 I have to waste some of my money on @116327 now. I thought #airtel was good.,payment_issue
"@117128 @116329 @airtel_care Do you guys even care? I am stuck after paying.
Cannot make calls. Feels really bad that I took this plan.",complaint
@117128 @116329 @airtel_care My phone number is +91-90002-89198. Please help me on this. (2/n),general_question
"@117128 @116329 @airtel_care 

I am in US and highlighted plan.Looks like you chargd me on local, I don't think I used 500 1/n https://t.co/5zLCc8KH6c",general_question
"@airtel_care I want to see action is made in this line ( 09020564975) to stop deducting my account,it is one of reason to cease reaching.",account_problem
@nationalrailenq But she’s now missed the connection to Blackburn?,technical_support
"@nationalrailenq She’s not at a station the train stopped between them, my dads waiting at Preston, staff aren’t giving any info... can she get a taxi paid?",payment_issue
@nationalrailenq My mum is stuck on a train between Warrington and Wigan any chance of her getting her a taxi sorted?,technical_support
"@nationalrailenq And it’s not safe for women to be on their own at this time of night, there’s no more buses to blackburn either 😕",general_question
@nationalrailenq The next train is 4.40am from Preston to Blackburn you can’t seriously expect her to wait almost 5 hours for a train home?! It’s freezing!,general_question
"@nationalrailenq Right ok hope so, I can’t even go and collect her as my kids are in bed",general_question
"@azuresupport #azcommunity HI, I'm unable to activate my student account, can you help me?",account_problem
@AirAsiaSupport I did not receive anything. Have dropped @AirAsiaSupport a DM. Thanks,positive_feedback
@AirAsiaSupport Booking no YIUBPF. Thanks.,positive_feedback
@AirAsiaSupport How long do I need to wait for my credit shell to be processed? I replied the email on 25/10. Need it for new booking.,complaint
@AirAsiaSupport Your airline the worst and horrible customer service 🙅🏽🙅🏽🙅🏽,complaint
"@AirAsiaSupport You have closed my case without any attempt at a refund. I would be happy to pay the regular baggage fees, but not $400 for three bags.",refund_request
@AirAsiaSupport The case was not assisted accordingly. You can not price gouge when there are no alternatives.,general_question
@AirAsiaSupport No where does it say I would have to pay $127 per bag or not fly home https://t.co/if1hzVzx2s,payment_issue
@AirAsiaSupport I was not allowed to step away to pay for what I had no idea would be price gouging https://t.co/u4djQaoDv2,payment_issue
@AirAsiaSupport Fairness is NOT price gouging when there are no alternatives.  Fair is not being rude to customers.  Fair is refunding,refund_request
@AirAsiaSupport The fair thing would have been to allow me to step away 2 pay/ it was not specified in any email to pre book to avoid paying $127 per bag,payment_issue
@AirAsiaSupport Your support is horrible.  I’ve read all the thread above and you make it even more difficult to get cases resolved for the passengers !,complaint
@116988 disgusted with your customer service. 🙄,general_question
@116072 out of service again. Thank goodness for @115725 … May be time to increase my data plan!,general_question
@CenturyLinkHelp I don’t know my Account Number,account_problem
@116072 I was on hold for 46 minutes and no one could help me! SHAME!!!! https://t.co/gb2nYeUmcZ,complaint
"@AskTarget can you please promote my music at your store Target 
https://t.co/8VwLqt317W",general_question
NEVER order from @116062 online because thy send multiple defective items and don’t care for customer satisfaction,general_question
"Damn @115817 told me I could go get my headphones and they’d call me when I could go get them, the. They don’t call and tell me it’s too late 🙃",delivery_issue
@AskPapaJohns They're the ones charging it.,general_question
Yo Papa @116076 you're seriously charging $0.25 per packet of crushed red pepper and parm cheese? Refund my money.,refund_request
@AskPapaJohns Someone added a credit to my account so next time I won’t have to pay for them. Thank you!,payment_issue
@AskPapaJohns Yes I can. I will update you!,technical_support
"@AskPapaJohns No I haven’t called back, I was hoping they would :/",general_question
@116076 I called and said I didn’t get my sauces and she said hold on a second and then the phone hung up??? @116076,general_question
when your pizza comes and it’s cold and they didn’t give you 5 of the 6 sauces you ordered....I’m mad @116076,general_question
@AskPapaJohns Ohcamaro at gmail,general_question
could have sworn i was signed up for @116076 birthday rewards :( no points for me,general_question
WTF @116076!!? You don’t deliver to my area after 6pm?!! Fine I’ll get pizzas from @117144 they don’t make me feel like a criminal!,complaint
@116076 would you say this is light cheese or little to no cheese? https://t.co/gnamkujMmZ,general_question
"@Kimpton It was wonderful and your staff are great 
I hope to see you all again soon",positive_feedback
Can't believe I am about to leave the @Kimpton #palomarDC had a wonderful time here for #pugstakedc and a couple of extra days in the city https://t.co/nEonj2DBce,complaint
@Kimpton reached third tier. Closing in on inner circle,general_question
Wine hour @Kimpton ink48 (candy corn??!) https://t.co/ryByPeJLPR,general_question
Thanks @Kimpton ! https://t.co/ylSiLp2BFH,positive_feedback
@TMobileHelp I need help,general_question
Worse experience @115911 0 customer service. 3 years of this?,general_question
Hello @115858 @AppleSupport what’s happening to my screen https://t.co/GTNXT4VoKd,technical_support
@117153 @SpotifyCares Im paying for premium but every time i log in it keeps saying free service,payment_issue
Phew! Everything should be back to normal now. Let @SpotifyCares know if you’re still having issues.,technical_support
@AppleSupport how long does it take usually for account recovery to get back to you? It’s been about a week now.,technical_support
LAS - PHL 734 1135am @AmericanAir not 1 smile between the whole crew &amp; your terminal for PHL-DUB flight is awful!,complaint
@117157 Why is your website always down?  Pretty annoying to have to ‘check back later’ every time I need to login.,complaint
@TMobileHelp How to set up fingerprint on my phone I got savsung galaxy j3prime,general_question
@TMobileHelp What app should I put on my phone to do finger print on my phone,technical_support
@115911 @117159 Svasung galxy phone,general_question
Get a FREE @117159 #GalaxyNote8 when you buy one and add a line. https://t.co/UE61rfNuod,general_question
@AirbnbHelp I have DM you multiple times! And the credit is not showing up which is why I have contacted you guys many times!!,general_question
@AirbnbHelp How did I get my credit? This is the 3rd notice!! https://t.co/KXgKfOJffs,general_question
@AmericanAir Typical empty answers. I wasn't expecting a resolution but you may want to be careful as you will allienate your customers along the way.,complaint
@AmericanAir #greed comes to mind every time I fly with you. I am considering switching to @Delta even if it means longer flights as they rock!,general_question
"I am an @AmericanAir frequent flyer and I can attest that they suck
The Best Frequent Flyer Programs to Strive For https://t.co/5hMhrGuYvJ",complaint
"Still no response frm @117163 abt y we have 2 book 4 2 nights! That's NOT ""express"". @117164 #Hunstville #Muskoka #TravelOntario",general_question
@AppleSupport the fact that my laptop that I haven't even had for two years keeps shutting off without warning at 15% is kind of ridiculous.,complaint
"@Delta I live an hour north of the ATL airport, can it be done online? 🙏🏼",general_question
@Delta I've been busy with life. How long do I have to file a claim regarding this?  Or is this a lost cause at this point?,general_question
@Delta Just noticed the zipper was broken off yesterday morning on my return flight&amp;it wasn't like that when I left?😥is there help? #notcool https://t.co/VIm6mmForU,general_question
@SpotifyCares Yes I did. The dude even said thanks for watching now enjoy your 30 mins of ad free music.,positive_feedback
@SpotifyCares Ok! Thanks. I will let you know if it happens again. Thanks for every thing! https://t.co/WWH8AKTJUk,technical_support
@SpotifyCares No it didn't crash. I was cooking dinner and heard about 3 songs. Each song is about 2-3 mins. After the third song the ad played.,technical_support
@117168 when I watch an ad video and you say 30 mins ad free. I expect 30 mins ad free. Not 10 mins. https://t.co/1hmNwVarMm,general_question
"@AmericanAir Was my wife/mom. We couldn't believe it! Then she proceeded to try to tell us how to parent our children. Our children, 6 and 4 were perfect",complaint
"Interacted with one of the rudest flight attendants on @AmericanAir flight 1305 from ORD to SLC. Be patient, she's only 4. #flydeltainstead",general_question
@LondonMidland @117170  https://t.co/55qeNHbxTm,general_question
@117171 @LondonMidland I wasn't even on the trains - but thanks for your concern!,positive_feedback
@117170 @LondonMidland  https://t.co/kpv0AYN3XN,general_question
@LondonMidland Just like every other one of your delayed trains!,general_question
@LondonMidland Typical @LondonMidland delays as always - what a joke of a train company,general_question
@TMobileHelp @115913 I just did.. hope to get a resolution soon.,general_question
@TMobileHelp @115913 I went to T-Mobile store today after my yesterday's conversation and got turned down again..,general_question
@115913 @115911 have been a loyal customer for 4 years and got denied dues to ES limit which is 4 year old What is point of JOD/month,general_question
"@AskCiti card declnd out of state, calling ph# past few hours &amp; states no acct info found &amp; hangs up! This is unacceptable, what's going on?",complaint
"@SouthwestAir No worries, thanks! If the departure time changes we'll be notified,right? Just sat down to dinner and don't want to have to rush out 😬",positive_feedback
"@SouthwestAir Thanks, app and airport boards should be updated though I assume?",technical_support
"@SouthwestAir Awesome, thank you so much!! Appreciate the quick responses 😀",technical_support
@SouthwestAir any updates on flight 6353 from DEN to BOS? Four hours is a bit much 😩,technical_support
@117176 Having issues getting the website to load so I can login to my account. Are you experiencing tech problems?,technical_support
@AppleSupport My wife made the mistake of updating to 11. How can we revert back? Her password keeper app is now dead. She can't access her passwords.,technical_support
"@sprintcare @83216...the last agent in telesales, Ching or Chin, basically told me he has not ID #, and NO MANAGER OR SUPERVISOR TO ESCALATE MY ISSUE TO!",delivery_issue
anyone and everyone....if you decide to do business with @115714 .....save your money and time. The customer service is insulting and a joke,payment_issue
Just boarded on our way to @362 !!! Thank you @JetBlue #laketahoe https://t.co/zmV2fhhGRh,positive_feedback
@Delta I should've known there was a catch...flight delayed 😏,general_question
My flight back to SF just got upgraded 🙌🏾 thanks @Delta! 😊,positive_feedback
@AmericanAir Will it be complimentary or charged the 25$ or however much it Is?,payment_issue
@AmericanAir I bought a carry on luggage that 24×14×9+2.5 EXP. What does the 2.5 EXP STAND FOR on my luggage? Will check in charge me 25?,general_question
@Ask_Spectrum being on hold for 11 minutes and counting is poor seevice,general_question
"@AppleSupport Yes, sorry i mean iOS 11, when I texting my keyboard it’s very slow and my battery it consumes very fast.",technical_support
"@AppleSupport I installed the iOS 10.0 , 10.0.1 and 10.0.2 and makes my iPhone 6 very slow and doesn’t work properly can you help me?",technical_support
@115993 hi paypal 我的paypal帐号无法登陆，我更换了手机号码，无法通过手机号码找回密码，能通过邮箱找回密码？,payment_issue
@Delta When a flight attendant  states in front of the passengers that she is tired of the call bells going off- it's an issue with the service.,technical_support
@Delta you suck! 9 hr flt w/o entertainment or wkg jacks. Staff rude. Free Wifi -not with over 200 people! Time to shred the DSM card!,complaint
@AppleSupport my iPhone is a fully up to date so why does my phone keep freezing 🙃???,technical_support
Kudos to the @AmericanAir pilot that had the smoothest landing I’ve experienced,general_question
@Ask_Spectrum shows are buffering every 10 seconds. Is storm affecting internet? Can't deal!!!,technical_support
@115858 after the new apple updates: the battery life is really go fast and the WiFi is always on! @AppleSupport #newappleupdates,technical_support
@Ask_Spectrum Not really! Tech coming on Wednesday,general_question
@Ask_Spectrum why are the announcers on the football games switching between English and Spanish?,general_question
@BoostCare Does the store have any other deals?,general_question
@BoostCare is the iPhone SE promotion only on the website or is it in-store also?!,general_question
@117193 😒😒😒 mi plaga se llama Virgin Mobile. ¿Promociones? Básicamente me están robando.,technical_support
"@117192 Upaaale, creo que alguien está con problemas de plagas 🐭 😱😱😱 ¡Ten cuidado con eso, @117192!
Por nuestra parte te contamos que venimos con nueva oferta con muchos más datos, más rápidos y más segundos. ¿ya la conoces?",technical_support
"@117193 En vez de mejorar EMPEORAN.
Ya no los puedo diferenciar de los otros operadores. 
Eran la salvación, eran buenos, chéveres, pensaban en el cliente y ahora son unas RATAS🐭🐭🐭🐭🐁🐁🐀🐀🐀",complaint
@BoostCare I DMd hours ago and I'm still having problems,technical_support
Is anyone else having trouble with their Boost Mobile network or is it just me?,general_question
@117196 how do I get in contact with someone higher about one of customer service reps deliberately messing up my accounts and lying. Her name is Ann,account_problem
"@GWRHelp Hi. Your colleagues @nationalrailenq offer me two 0848 options a £20 and £36.90, your own website offers me one 0848 option that isn’t available on the option £17.50 - £45. Why the disparity? Surely they should be identical?",general_question
"Hi @GWRHelp, what in blazes is going on here? Different ticket availability and different journeys. @nationalrailenq on the left, your website via Nectar on the right. Am I missing something? https://t.co/AWdZzBNCZx",general_question
@AmazonHelp Please call me,general_question
@AmazonHelp Or you can provide me with a direct dial number and I’ll call it now,general_question
"@AmazonHelp Thank you. Spoke with customer service who was very nice &amp; helpful &amp; put me straight through to a Competent logistics person who documented issue, researched my acct &amp; was going to contact delivery Svc directly to ensure procedures followed. Time will tell. Thank you.",delivery_issue
@AmazonHelp I tried that and ended up On page to provide package feedback too difficult and I did not have the time to search for your customer service number so if you follow me we can direct Message one another and I can give you my cell phone,delivery_issue
"@AmazonHelp Will do in morning. By the way, I’ve complained about this same issue 3 times and twice before directly to carrier.",technical_support
@115821 So for the 4th time the package I ordered was tossed onto my property instead of being left on my front porch. It was raining. Package wet. I’ve complained repeatedly to no avail. Since Amazon switched from USPS to local delivery Svc the SERVICE is terrible.,complaint
"@Uber_Support I don't have any card, so cannot fill the required field. I just want to know if it's a service only for inside USA or not, before purchase.",general_question
@Uber_Support Question! Can we send a Gift Card (maybe digital) out of US? I'm in Panama and want to send a gift card to someone in Panama,general_question
"@Uber_Support Oh, now you're here to help? I am disgusted with the level of service I received by your customer service reps over the phone. Despicable.",general_question
Some of the worst delivery service I have ever received in my life @115877,complaint
"@Uber_Support thank you!, i'm waiting what support will do. thank you again!",positive_feedback
@Uber_Support i change my number i need to update and i'm having problems cause in the app don't let me do that even in the site help!!,technical_support
@Uber_Support No need. Already sent the request to delete my account. #TooManySecondChances,account_problem
".@Uber_Support Thanks to your AMAZING customer service, you have just lost 2 customers who have spent nearly $1500 this year. GREAT WORK!",positive_feedback
@Uber_Support page isn't working...,general_question
@Uber_Support This is what m getting everytime...Any response to this ? https://t.co/ZgFJCQjRN8,general_question
"WTH !! @115873  Totally unprofessional. First,Cancelled the ride without informing me and Second, charging me for that. 😡😠",general_question
"We ordered food on @115877 for 8 hungry neighborhood kids, AND THEY CANCELLED THE ORDER AFTER AN HOUR OF WAITING. R you eff'n kidding me?!",general_question
@Uber_Support I'm ready 2 file a complaint with Better Business Bureau &amp; FTC over misleading info Uber sent 2 me in an email &amp; overcharging,general_question
. @Uber_Support I ORDERED CHIPS AND QUESO AND I GOT NO CHIPS PLEASE HELP,general_question
@Tesco trying to spend clubcard vouchers but 'eating out' option diverts to 'lifestyle' every time - website glitch? https://t.co/GxnIP90f2s,general_question
@Tesco just for completeness ordered arrived just now... over an hour late https://t.co/NGydnyAm6Q,delivery_issue
amazonの梱包雑…珍しい。しかも、資格のテキスト少しページ曲がってしまってるし2冊が合体してたし…,general_question
@Delta I’m looking to get some information regarding Delta to help me with a presentation on Delta. Is there anyone I can contact?,general_question
"@Delta Should be the standby list, not upgrade?",general_question
"@Delta I had the option to see the standby list for 1445, but it’s gone now, so I believe you took me off of it",complaint
.@Delta can you look at the standby list for DL1445 for tomorrow? Suppose to be on it but don’t think I’m activated on it.,general_question
"Excuse me @115888 I have ✌🏽 songs that I never made available commercially, available on your service 🤔 who do I contact",general_question
@117153 y'all charged my account 8 times ..... uhhh,payment_issue
ねぇこういうのマジで頭悪いと思うんだよね。じゃあ具体的にどんなサイトにいつどの端末から登録したのか訊けば答えられるんかね。そのサイトのアクセスログに俺のIPアドレスは載ってるんかね。そもそもAmazonは「有料動画サイト」とかやってねぇよバカか。 https://t.co/kz68UogX2A,general_question
@Uber_Support Thanks. Item recovered and waiting collection :D,positive_feedback
"@Uber_Support Hi. I lost my phone in an Uber. App asks me to submit my phone number to make contact,I only had mobile as travelling.",technical_support
@British_Airways help website crashed and don’t know if flights booked or not. Can’t get thru on phone!,technical_support
So just left London on the train. 4:30pm. I was supposed to leave London this morning at 10am. Thanks @British_Airways. Morons.,positive_feedback
"More repulsive, embarrassing soggy slop in Club @British_Airways 8482 At least this time crew were nice &amp; didn’t eat the cream themselves",general_question
Hey @British_Airways are you helping passengers stranded by Turkey's visa ban on Americans? Kid off at university is heartbroken.,general_question
@British_Airways It’s Clare with no i!!,general_question
@British_Airways I appreciate your point but this was not the case last night. It was to allow Club Europe an additional row. Let’s leave it there! Thanks,technical_support
@British_Airways Clue is in the @ name!! Wrong words and blatantly spelling my name wrong on more than one occasion!! Great customer experience and loyalty!🤔,positive_feedback
@British_Airways I think you meant should!! I’m not sure how much more feedback I can give!! I’ve made my thoughts clear. Another airline may now be needed!,general_question
@British_Airways CS won’t get me off the plane tonight any quicker. Changes so you can make money!! No loyalty and getting worse!!!,payment_issue
@British_Airways I’m now half way up the plane when I was originally in row 4! What’s the point of silver perks when you take them away!,general_question
@British_Airways when you go to check in and the one week you need to be at the front for a sharp exit and you’ve been put out your seat! 😡😡,general_question
@SouthwestAir Also how terrible is it that almost every single flight in this terminal is delayed???? Guess you get what you pay for.,complaint
"Also @SouthwestAir has the worst terminal at SD airport. You’d think if they can never be on time, they’d fill their terminal w cool shit.",complaint
@SouthwestAir what’s going on at MBJ? Longest line I’ve ever seen in my life. Not sure we’ll make our flights?,general_question
"@JackBox My curly fries were still hot and perfect at the bottom on a takeout order! Cheers to the JITB on S. Cooper St. in Arlington, TX!",positive_feedback
@XboxSupport No I can't see anything about an expiry date in the email,general_question
"@XboxSupport Sure, I'll do that now... Just don't redeem it on me 😂 😂",general_question
@XboxSupport I won a 1 month EA access subscription in your intergalactic competition the other day and I'm wondering if there's a time limit for me to redeem the code or if I'm ok to wait before entering so it's not wasted. Thanks.,positive_feedback
"Reason 1,000,000 why you’re the worst @115900 https://t.co/mEkcmPO429",complaint
@comcastcares My service is always on and off . Ironically when I need it most I'm having to reboot and reset my internet and it's very inconvenient,technical_support
Getting really frustrated with @115900  lately . Starting to look around for new cable and internet provider,complaint
#Astros have a chance to win their first #WorldSeries championship tonight and @115900 is out in my Cypress neighborhood.,general_question
@comcastcares Will do,general_question
"So my ISP Really screwed me over, so I switched to @115900",general_question
Hey @117230 why no HD service on @116136 tonight?,general_question
Hi @comcastcares. I pay for 150+... https://t.co/dmYR1A2Od2,payment_issue
@comcastcares You can't. That's why I cancelled my service. #anotheronebitesthedust,general_question
@116136 Too bad they are stuck with the worst customer service,complaint
We’re proud to announce that #InternetEssentials has connected 4 million low-income Americans to the Internet. https://t.co/APimGHk1rT,technical_support
You're not fooling me @116136 I know the typing I hear when I talk to your robot is a sound effect.,general_question
@comcastcares Does not appear that Comcast is too concerned. I’ve heard zero from Comcast!,technical_support
@comcastcares What’s D S?,general_question
"@ComcastCares
#mobile_Care I received a box. I will not open it. I ordered nothing.",general_question
@TMobileHelp Thanks nick for the reply. But you can check my DMs i sent previously. They wont help.,positive_feedback
@TMobileHelp I did man.,general_question
@TMobileHelp Any luck with those new terms?,general_question
@TMobileHelp If i can zero down on our phones. Thats whT i need. But they already said my not able. Because I’m not a 3 year customer.,general_question
@TMobileHelp Thank you but ive fought with you guys all weekend over DMs they wont give me zero down.,positive_feedback
if i would have started a youtube channel years ago Maybe apple would’ve sent over an iphoneX instead of me fighing @115911 over zerodown,technical_support
is too late to pre-order the iphone x through @115911 if I have the JUMP Program,delivery_issue
I’m starting to get concerned. There is no label created for my @115911 iPhone X yet and it releases Friday. I hope I get it Friday.,general_question
@115913 how you feel about your customer service supervisors hanging up on a customer telling them to take their business elsewhere 🌚,general_question
@115911 Had 3 extremely horrible experiences at your stores here in Melbourne Florida.  Absolutely contemplating ending my service after 9 years,complaint
"@115911 I'm new to. What's a ""DM""?",general_question
@AmericanAir Just sent it.,general_question
@AmericanAir might be a good idea 2 have working intercoms on flights.Flight attendant literally sounds like adults talking on Charlie Brown,complaint
@marksandspencer @117242 @117243 @117244 @117245 @117246 @117247 @Tesco @sainsburys @117248 @AldiUK @117249 @Morrisons @117250 @117251 @117252 Well done on your award 👏 we're honoured &amp; #proud of how well we've done in Mark's #mincepiewars! It means a lot to us that our customers enjoy our food 😀,general_question
@117241 @marksandspencer @117243 @117244 @117245 @117246 @117247 @Tesco @sainsburys @117248 @AldiUK @117249 @Morrisons @117250 @117251 @117252 And the mince pies have all been eaten! Overall results are on their way...,general_question
"@117241 @marksandspencer @117243 @117244 @117245 @117246 @117247 @Tesco @sainsburys @117248 @AldiUK @117249 @Morrisons @117250 @117251 @117252 The best overall mince pie of #greatbritishminceoff / #mincepiewars 2017 goes to...

The @117241 for both the “homemade” and all butter mince pies!

Congratulations!! 👑🎉 https://t.co/uwGF5TFyoD",positive_feedback
"@117241 @marksandspencer @117243 @117244 @117245 @117246 @117247 @Tesco @sainsburys @117248 @AldiUK @117249 @Morrisons @117250 @117251 @117252 And we award the prize of best nationwide mince pie 2017 (available across the UK) to...

@marksandspencer for “The Collection” mince pie and to @117244 for the “luxury” mince pie

Well done!! 
#mincepiewars https://t.co/pkEEIasCWR",positive_feedback
@117241 @marksandspencer @117243 @117244 @117245 @117246 @117247 @Tesco @sainsburys @117248 @AldiUK @117249 @Morrisons @117250 @117251 @117252 Tomorrow we hope to look back through the competition and to share the tasting notes on each of the pies tested 😀 #mincepiewars,general_question
@117242 @marksandspencer @117243 @117244 @117245 @117246 @117247 @Tesco @sainsburys @117248 @AldiUK @117249 @Morrisons @117250 @117251 @117252 We look forward to it!,general_question
@117242 @117241 @marksandspencer @117243 @117244 @117245 @117246 @117247 @Tesco @sainsburys @117248 @AldiUK @117249 @Morrisons @117250 @117251 @117252 You should celebrate this magnificent competition with some of Booths Stollen bites they are also a triumph!!! https://t.co/6fCV0sSTkx,general_question
@117253 @117242 @marksandspencer @117243 @117244 @117245 @117246 @117247 @Tesco @sainsburys @117248 @AldiUK @117249 @Morrisons @117250 @117251 @117252 Aww more amazing feedback 😀 Thank you so much! Merry #BoothsChristmas to all! https://t.co/rE6wFY96Uh,positive_feedback
@117241 @117253 @marksandspencer @117243 @117244 @117245 @117246 @117247 @Tesco @sainsburys @117248 @AldiUK @117249 @Morrisons @117250 @117251 @117252 Very much deserved! :),general_question
@117242 @117241 @117253 @marksandspencer @117243 @117244 @117245 @117246 @117247 @Tesco @sainsburys @117248 @AldiUK @117249 @Morrisons @117250 @117251 @117252 This is the most incredible chain!!,general_question
@117253 @117241 @marksandspencer @117243 @117244 @117245 @117246 @117247 @Tesco @sainsburys @117248 @AldiUK @117249 @Morrisons @117250 @117251 @117252 Oh wow those sound amazing!,general_question
@117242 @117256 @117241 @marksandspencer @117243 @117244 @117245 @117246 @117247 @Tesco @sainsburys @117248 @AldiUK @117249 @Morrisons @117250 @117251 @117252  https://t.co/ZewVIpUXgr,general_question
@117255 @117242 @117241 @marksandspencer @117243 @117244 @117245 @117246 @117247 @Tesco @sainsburys @117248 @AldiUK @117249 @Morrisons @117250 @117251 @117252 Yeahhhhh!!!! 🎄🎉👏🏻 https://t.co/bW3Dohxsga,general_question
"@117242 @marksandspencer @117243 @117244 @117245 @117246 @117247 @Tesco @sainsburys @117248 @AldiUK @117249 @Morrisons @117250 @117251 @117252 Thank you most esteemed team of mince pie testers! We humbly accept this accolade on behalf of ourselves &amp; @117257 , without whom the pies would not be what they are #MincePieWars #WINNER https://t.co/05zHre221N",positive_feedback
@117241 @117242 @marksandspencer @117243 @117244 @117245 @117246 @117247 @Tesco @sainsburys @117248 @AldiUK @117249 @Morrisons @117250 @117251 @117252 @117257 Tremendous!!!! https://t.co/gNksnBOKu3,general_question
@117241 @117242 @marksandspencer @117243 @117244 @117245 @117246 @117247 @Tesco @sainsburys @117248 @AldiUK @117249 @Morrisons @117250 @117251 @117252 @117257 We are proud to be your helping hands at Christmas.  Well done one..well done all https://t.co/wTuFWylv17,general_question
@117241 @117242 @marksandspencer @117243 @117244 @117245 @117246 @117247 @Tesco @sainsburys @117248 @AldiUK @117249 @Morrisons @117250 @117251 @117252 @117257 Hurrah! https://t.co/JVlHHu6v4N,general_question
@117242 @117241 @marksandspencer @117243 @117244 @117245 @117246 @117247 @Tesco @sainsburys @117248 @AldiUK @117249 @Morrisons @117250 @117251 @117252 anticipation....... https://t.co/3BRGetajcW,general_question
@117242 @117243 @117244 @117245 @marksandspencer @117246 @117247 @Tesco @sainsburys @117248 @AldiUK @117249 @Morrisons @117250 @117251 @117252 So exciting! Fingers crossed we retain our  crown!,general_question
@117243 @117244 @117241 @117245 @marksandspencer @117246 @117247 @Tesco @sainsburys @117248 @AldiUK @117249 @Morrisons @117250 @117251 @117252 Good morning pie makers! Today has been decreed the final day of the competition as we have covered the breadth of the UK supermarket mince pie landscape! More to follow later! :) #mincepiewars https://t.co/7T9uK6bUUZ,delivery_issue
@117243 @117244 @117241 @117245 @marksandspencer @117246 @117247 @Tesco @sainsburys @117248 @AldiUK @117249 @Morrisons @117250 @117251 @117252 And the results are in! Scoreboard updated! #mincepiewars https://t.co/8Lvk3dk9d3,technical_support
@117242 @117244 @117241 @117245 @marksandspencer @117246 @117247 @Tesco @sainsburys @117248 @AldiUK @117249 @Morrisons @117250 @117251 @117252 Just casually waiting for that big reveal @117242... https://t.co/xxIVPPepcv,general_question
@117243 @117244 @117241 @117245 @marksandspencer @117246 @117247 @Tesco @sainsburys @117248 @AldiUK @117249 @Morrisons @117250 @117251 @117252 So the @117243 mince pies are ready to go in to tasting!! #mincepiewars https://t.co/rS7gnUA3bF,general_question
@117242 @117244 @117241 @117245 @marksandspencer @117246 @117247 @Tesco @sainsburys @117248 @AldiUK @117249 @Morrisons @117250 @117251 @117252 @117242 the suspense! https://t.co/3VFoT15EYk,general_question
@117244 @117241 @117245 @marksandspencer @117246 @117247 @Tesco @sainsburys @117248 @AldiUK @117249 @Morrisons @117250 @117251 @117243 @117252 Good morning pie makers!! Today is day 11 and today’s pies are from @117243! How will this alter the scoreboard?! We will find out later! :) #mincepiewars https://t.co/BN8ZmtXLk8,delivery_issue
"@117241 @117242 @117245 @marksandspencer @117246 @117247 @Tesco @sainsburys @117248 @AldiUK @117249 @Morrisons @117250 @117251 @117243 @117252 Good to know we had you like this! We'll settle for ""Incredibly tasty""! https://t.co/oXpaCD1DO7",general_question
"@117242 @117244 @117245 @marksandspencer @117246 @117247 @Tesco @sainsburys @117248 @AldiUK @117249 @Morrisons @117250 @117251 @117243 @117252 Not going to lie, we were sweating a bit at going up against Iceland's pies! Over the moon to still be top of the leaderboard! https://t.co/uSxiQtXSAZ",complaint
@117244 @117241 @117245 @marksandspencer @117246 @117247 @Tesco @sainsburys @117248 @AldiUK @117249 @Morrisons @117250 @117251 @117243 @117252 Ok! Scores are in for today’s tasting!! #mincepiewars https://t.co/S4s8V2oQby,general_question
@117242 @117241 @117245 @marksandspencer @117246 @117247 @Tesco @sainsburys @117248 @AldiUK @117249 @Morrisons @117250 @117251 @117243 @117252 👏👏👏,general_question
@117241 @117245 @marksandspencer @117244 @117246 @117247 @Tesco @sainsburys @117248 @AldiUK @117249 @Morrisons @117250 @117251 @117243 @117252 So today’s @117244 pies are about to go in to tasting...! #mincepiewars https://t.co/uK4B5K9uwt,general_question
@117242 @117245 @marksandspencer @117244 @117246 @117247 @Tesco @sainsburys @117248 @AldiUK @117249 @Morrisons @117250 @117251 @117243 @117252  https://t.co/BI8QY4TlFk,general_question
@117245 @marksandspencer @117244 @117241 @117246 @117247 @Tesco @sainsburys @117248 @AldiUK @117249 @Morrisons @117250 @117251 @117243 @117252 Have to say one or two of the team have had a sneak peek in the box of the @117244 mince pies and there was a nod or too... #mincepiewars https://t.co/E49sctEo6P,general_question
@marksandspencer @117244 @117242 @117241 @117246 @117247 @Tesco @sainsburys @117248 @AldiUK @117249 @Morrisons @117250 @117251 @117243 @117252 I guess... there's always next year? https://t.co/OKMbOsOv0s,general_question
"@117242 @marksandspencer @117241 @117246 @117247 @Tesco @sainsburys @117248 @AldiUK @117249 @Morrisons @117250 @117251 @117243 @117252 Clearly you've been saving the BEST til last! 😉💁
Enjoy 😘",positive_feedback
"@marksandspencer @117241 @117244 @117246 @117247 @Tesco @sainsburys @117248 @AldiUK @117249 @Morrisons @117250 @117251 @117243 @117252 Good morning pie makers and pie eaters!! It’s the 10th day of mince pie tasting - and we’ve eaten a lot!! Today we have mince pies from @117244 
We’ve had a lot of people suggest these! #mincepiewars https://t.co/sMgYUBqeg8",general_question
@marksandspencer @117241 @117244 @117246 @117247 @Tesco @sainsburys @117248 @AldiUK @117249 @Morrisons @117250 @117251 @117243 @117252 Remember there is more pie tasting to come! @117244 we hope to test your award winning pies on Monday! :) #mincepiewars https://t.co/uTJuPuj5oa,general_question
@marksandspencer @117241 @117244 @117246 @117247 @Tesco @sainsburys @117248 @AldiUK @117249 @Morrisons @117250 @117251 @117243 @117252 Aww you guys still did brilliantly! And you’re easier to get to too :),general_question
@117241 @117244 @117246 @117247 @marksandspencer @Tesco @sainsburys @117248 @AldiUK @117249 @Morrisons @117250 @117251 @117243 @117252 Very clever!! :),general_question
@117242 @117244 @117246 @117247 @marksandspencer @Tesco @sainsburys @117248 @AldiUK @117249 @Morrisons @117250 @117251 @117243 @117252 Simply the best...better than M&amp;S! #Mincepiewars https://t.co/y3t18hHVQZ,positive_feedback
@117244 @117246 @117241 @117247 @marksandspencer @Tesco @sainsburys @117248 @AldiUK @117249 @Morrisons @117250 @117251 @117243 @117252 And our results are in! Well done to both @marksandspencer and @117241 - we feel very well fed today! 😊 #mincepiewars https://t.co/eDCOY7lZqp,general_question
@117244 @117246 @117241 @117247 @marksandspencer @Tesco @sainsburys @117248 @AldiUK @117249 @Morrisons @117250 @117251 @117243 @117252 So here are our selection of mince pies for today! Looking good @marksandspencer and @117241 #mincepiewars https://t.co/yyYokyWuCF,general_question
"@117242 @117246 @117241 @117247 @marksandspencer @Tesco @sainsburys @117248 @AldiUK @117249 @Morrisons @117250 @117251 @117243 @117252 Thanks, boo 😘 https://t.co/MlrySiAkUN",positive_feedback
@117244 @117246 @117241 @117247 @marksandspencer @Tesco @sainsburys @117248 @AldiUK @117249 @Morrisons @117250 @117251 @117243 @117252 Oh we intend to @117244 - just haven’t been able to get to a store yet to get some. Will try at the weekend :) https://t.co/0YsBqhChAP,general_question
"@117242 @117246 @117241 @117247 @marksandspencer @Tesco @sainsburys @117248 @AldiUK @117249 @Morrisons @117250 @117251 @117243 But when are you going to try the @117252 Mince Pie Champions, Mark 🤔 https://t.co/VNfm86Hh7z",general_question
@117246 @117241 @117247 @marksandspencer @117244 @Tesco @sainsburys @117248 @AldiUK @117249 @Morrisons @117250 @117251 @117243 Good morning pie makers (and pie eaters)! A rather festive feeling Friday and day 9 of tasting! Today we pitch @117241 All butter mince pies against @marksandspencer luxury pies. Could we see a change at the top?! #mincepiewars https://t.co/FHnAMFB1ob,general_question
@117242 @117241 @117247 @marksandspencer @117244 @Tesco @sainsburys @117248 @AldiUK @117249 @Morrisons @117250 @117251 @117243  https://t.co/SPDsc8z9lZ,general_question
@117241 @117247 @marksandspencer @117246 @117244 @Tesco @sainsburys @117248 @AldiUK @117249 @Morrisons @117250 @117251 @117243 And our team of merry tasters have tasted - the results are in! Today we add @sainsburys Taste the Difference and @117246 Deluxe mince pies to the board! 😊 Yum! #mincepiewars https://t.co/wR5oGF3x2S,general_question
@117241 @117247 @marksandspencer @117246 @117244 @Tesco @sainsburys @117248 @AldiUK @117249 @Morrisons @117250 @117251 @117243 So here are today’s pies for tasting! @sainsburys Taste the difference and @117246’s Deluxe! Both well presented #mincepiewars https://t.co/GzRv9Y86yS,general_question
@117241 @117247 @marksandspencer @117246 @117244 @Tesco @sainsburys @117248 @AldiUK @117249 @Morrisons @117250 @117251 @117243 Good morning pie makers!!! It’s the 8th day today! And today it’s a double whammy! We shall be tasting both @sainsburys Taste the difference and @117246 deluxe pies! This could cause some tension at the top! #mincepiewars https://t.co/oNdS7wLdfx,general_question
@117242 @117247 @marksandspencer @117246 @117244 @Tesco @sainsburys @117248 @AldiUK @117249 @Morrisons @117250 @117251 @117243 Here's hoping we stay top of the leaderboard! #mincepiewars https://t.co/olKuhTHA2x,general_question
@117247 @117241 @marksandspencer @117246 @117244 @Tesco @sainsburys @117248 @AldiUK @117249 @Morrisons @117250 @117251 @117243 Ok! Scores are in for @117247! @marksandspencer and @117241 - can you be toppled from the top? #mincepiewars https://t.co/2PbYVj02G8,general_question
@117247 @117241 @marksandspencer @117246 @117244 @Tesco @sainsburys @117248 @AldiUK @117249 @Morrisons @117250 @117251 @117243 Here are today’s pies ready to be tasted - the @117247 Merry mince pies! #mincepiewars https://t.co/vWu6sxx2yU,general_question
@117242 @117241 @marksandspencer @117246 @117244 @Tesco @sainsburys @117248 @AldiUK @117249 @Morrisons @117250 @117251 @117243  https://t.co/lAwYzcXHsq,general_question
"@117241 @marksandspencer @117246 @117244 @Tesco @sainsburys @117248 @AldiUK @117249 @Morrisons @117250 @117251 @117243 @117247 So, today’s pies are going to be...
@117247 😊 Are you exceedingly ready, Mr Kipling? #mincepiewars https://t.co/lsr67p6DEy",general_question
@117241 @marksandspencer @117246 @117244 @Tesco @sainsburys @117248 @AldiUK @117249 @Morrisons @117250 @117251 @117243 @117247 Good morning pie makers! Day 7 of tasting today and we have more pies to go through! Are we all on board today? :) https://t.co/6PyqT4Odms,general_question
"@117241 @marksandspencer @117246 @117244 @Tesco @sainsburys @117248 @AldiUK @117249 @Morrisons @117250 @117251 @117243 @117247 Tasting continues tomorrow as we explore more pie ranges! @marksandspencer, remember we’ve only tried your yummy standard pies so far! ;) #mincepiewars https://t.co/qB3x1D3X5h",general_question
@117241 @marksandspencer @117246 @117244 @Tesco @sainsburys @117248 @AldiUK @117249 @Morrisons @117250 @117251 @117243 @117247 No bribery at all! Rather the case that it’s a very very long walk to our closest Booths :),general_question
@marksandspencer @117242 @117246 @117244 @Tesco @sainsburys @117248 @AldiUK @117249 @Morrisons @117250 @117251 @117243 @117247 😜 https://t.co/V6qjjS5De6,general_question
@117246 @marksandspencer @117241 @117244 @Tesco @sainsburys @117248 @AldiUK @117249 @Morrisons @117250 @117251 @117243 @117247 Results are in for the @117241 “homemade looking” pies. It’s all change at the top! #mincepiewars https://t.co/ZkcjoMbgcR,general_question
@117246 @marksandspencer @117241 @117244 @Tesco @sainsburys @117248 @AldiUK @117249 @Morrisons @117250 @117251 @117243 @117247 So @117241 are up today - we are trying the first of their collection today - these traditional and homemade looking pies :) #mincepiewars https://t.co/yMPXZiWlDQ,general_question
"@marksandspencer @117241 @117244 @117242 @Tesco @sainsburys @117248 @AldiUK @117249 @Morrisons @117250 @117251 @117243 @117247 Imagine making your customers pay more than twice as much per pie for your top range and still only scoring a point higher than our basics. ;)

Just you wait till our Deluxe mince pies get marked! And on that note, @117242 drop us a DM! https://t.co/8X2QAr23zN",payment_issue
@117244 @117242 @117246 @marksandspencer @Tesco @sainsburys @117248 @AldiUK @117249 @Morrisons @117250 @117251 @117243 @117247 Didn't you hear? Folks can order our mince pies online for home delivery &gt; https://t.co/4bxUEnT0Uk https://t.co/QsFooKzZY8,delivery_issue
"@117241 @117242 @117246 @marksandspencer @Tesco @sainsburys @117248 @AldiUK @117249 @Morrisons @117250 @117251 @117243 @117247 ... in the North West, maybe 😜 https://t.co/ZJsZtJ5ZTU",general_question
"@117244 @117242 @117246 @marksandspencer @Tesco @sainsburys @117248 @AldiUK @117249 @Morrisons @117250 @117251 @117243 @117247 Nah, ours will be better! 😜 https://t.co/hfM82VJb9b",general_question
"@117242 @117241 @117246 @marksandspencer @Tesco @sainsburys @117248 @AldiUK @117249 @Morrisons @117250 @117251 @117243 @117247 Looks like you're a hard nut to crack, Mark - but we're pretty confident the best is yet to come with our Luxury Mince Pies https://t.co/GVkSn6wDj4",positive_feedback
"@117241 @117246 @117244 @marksandspencer @Tesco @sainsburys @117248 @AldiUK @117249 @Morrisons @117250 @117251 @117243 @117247 We look forward to this! In the meantime, @117249 your results are in for your Extra Special pies. @marksandspencer and the rest - are you ready??!!  #mincepiewars https://t.co/D4ikNNua8d",general_question
@117242 @117246 @117244 @marksandspencer @Tesco @sainsburys @117248 @AldiUK @117249 @Morrisons @117250 @117251 @117243 @117247 Tomorrow morning Mark - ours are on their way to you! #mincepiewars https://t.co/Gn3Rz20J9E,general_question
"@117246 @117244 @marksandspencer @117241 @Tesco @sainsburys @117248 @AldiUK @117249 @Morrisons @117250 @117251 @117243 @117247 So, unable to find @117246 premium pies our crack squad managed to find @117249 Extra Special Mince Pies. 
They are about to be judged...
#mincepiewars https://t.co/VcUJVkFTRs",general_question
@117246 @117244 @marksandspencer @117241 @Tesco @sainsburys @117248 @AldiUK @117249 @Morrisons @117250 @117251 @117243 @117247 Lidl! Just been to look for your premium pies - but we couldn’t find any? https://t.co/jy60wsfNh7,general_question
@117242 @117244 @marksandspencer @117241 @Tesco @sainsburys @117248 @AldiUK @117249 @Morrisons @117250 @117251 @117243 When @marksandspencer realise they'd forgotten all about @117247. https://t.co/pDfSq4cilw,general_question
@117244 @marksandspencer @117246 @117241 @Tesco @sainsburys @117248 @AldiUK @117249 @Morrisons @117250 @117251 @117243 Iceland and Spar - you are in the competition and will be tested! Just need to find a way and some time to venture to obtain some! :) https://t.co/kIPIUp7jIH,general_question
@marksandspencer @117242 @117246 @117241 @Tesco @sainsburys @117248 @AldiUK @117249 @Morrisons @117250 @117251 @117243 We were born ready! https://t.co/KnY0qzGrtk,general_question
@marksandspencer @117246 @117241 @Tesco @sainsburys @117248 @AldiUK @117249 @Morrisons @117250 @117251 @117244 @117243 Good morning pie makers! 5th day of the contest today! How will the leaderboard change today? #mincepiewars https://t.co/U3nIFZForl,general_question
@marksandspencer @117246 @117241 @Tesco @sainsburys @117248 @AldiUK @117249 @Morrisons @117250 @117251 @117244 @117243 The competition is strong! 😊 https://t.co/HbZaBGxP8J,general_question
@marksandspencer @117241 @117242 @Tesco @sainsburys @117248 @AldiUK @117249 @Morrisons @117250 @117251 @117244 ... @117243 https://t.co/7lXQN22K9f,general_question
@117241 @marksandspencer @117242 @Tesco @sainsburys @117248 @AldiUK @117249 @Morrisons @117250 @117251 Don't forget @117244 are yet to enter either! https://t.co/Y2F4mElE4A,general_question
@marksandspencer @117246 @117242 @Tesco @sainsburys @117248 @AldiUK @117249 @Morrisons @117250 @117251 The competition isn't over yet! https://t.co/Ftu5t1RVdb,general_question
@marksandspencer @117241 @117242 @Tesco @sainsburys @117248 @AldiUK @117249 @Morrisons @117250 @117251  https://t.co/afAXy9nwWa,general_question
@117242 @Tesco @marksandspencer @117246 @sainsburys @117248 @AldiUK @117249 @Morrisons @117250 @117251 We can't wait! 😆 https://t.co/pRgIm6Htss,general_question
@Tesco @marksandspencer @117246 @117241 @sainsburys @117248 @AldiUK @117249 @Morrisons @117250 @117251 Loving the confidence @marksandspencer and @117241 😊 The pie tasting will continue on Monday (I don’t have my fellow pie judges available over the weekend!) https://t.co/7HaezHXO2u,general_question
@marksandspencer @Tesco @117246 @117241 @sainsburys @117248 @AldiUK @117249 @Morrisons @117250 @117251 Results are in for @Morrisons!!! #drumrollplease https://t.co/HsEi3zYpxY,general_question
"@marksandspencer @117246 @117241 @Tesco @sainsburys @117248 @AldiUK @117249 @Morrisons @117250 @117251 One day, people will recall the Mince Pie Wars of 2017 &amp; we will all recall the way it played out. @Morrisons, stand by for your score https://t.co/uPWMJvssZL",general_question
"@marksandspencer @117241 @Tesco @117242 @sainsburys @117248 @AldiUK @117249 @Morrisons @117250 @117251 We'll call it 1-1 then...(Note the correct use of ""then"" 😉) https://t.co/MxSyUtbXO0",general_question
@117241 @Tesco @117242 @marksandspencer @sainsburys @117248 @AldiUK @117249 @Morrisons @117250 @117251 I'd say the real burn is that our basic Favorina mince pies got the same score as Finest*...and there are more in a pack...and they cost less... when our Deluxe range clock in then we'll talk. 😉 https://t.co/mXJYjDwULb,general_question
@Tesco @117246 @117242 @marksandspencer @sainsburys @117248 @AldiUK @117249 @Morrisons @117250 @117251 **Passes over the aloe vera** https://t.co/aTIHs6xtmu,general_question
@117242 @117241 @marksandspencer @Tesco @sainsburys @117248 @AldiUK @117249 @Morrisons @117250 @117251 Where is everyone? https://t.co/kOc1xxpgtE,general_question
@117241 @117246 @marksandspencer @Tesco @sainsburys @117248 @AldiUK @117249 @Morrisons @117250 @117251 Good morning pie makers!! Ready for day 4? Today we have @Morrisons All Butter mince pies. How do we all feel about that? https://t.co/gGYXEwrBc8,general_question
"@117241 @117246 @marksandspencer @Tesco @sainsburys @117248 @AldiUK @117249 @Morrisons @117250 @117251 And @Morrisons, you’re formally on the list - pies have just been acquired ;) https://t.co/2S1te0IFVm",general_question
@117242 @117246 @marksandspencer @Tesco @sainsburys @117248 @AldiUK @117249 @Morrisons @117250 @117251 Ours are coming...lets hope we can snatch the crown 😀 https://t.co/hZcpBDb0FG,general_question
@117246 @marksandspencer @Tesco @sainsburys @117248 @AldiUK @117249 @Morrisons @117250 @117251 @117241 Not sure if you’re listening @Tesco but your results are in! @marksandspencer - looks like your crown is safe. For now... https://t.co/5tsGXlo0cy,general_question
@marksandspencer @117242 @Tesco @sainsburys @117248 @AldiUK @117260 @117249 @Morrisons @117250 @117251 @117241  https://t.co/M55roY2fJ2,general_question
@marksandspencer @117242 @Tesco @sainsburys @117248 @AldiUK @117260 @117249 @Morrisons @117250 @117251 @117241 Watching @Tesco enter the game like👀 https://t.co/SzeeHuPOgt,general_question
@marksandspencer @117242 @Tesco @sainsburys @117248 @AldiUK @117260 @117249 @Morrisons @117250 @117251 @117241 Thanks for announcing our arrival! https://t.co/QXbSYUsOgF,positive_feedback
@marksandspencer @Tesco @sainsburys @117248 @AldiUK @117260 @117249 @117246 @Morrisons @117250 @117251 @117241 Hey @Tesco we are ready to give you your score!! But where are you?! Maybe @117246 can entertain us while we wait... https://t.co/DUy44H9JhU,general_question
"@marksandspencer @Tesco @sainsburys @117248 @AldiUK @117260 @117249 @117246 @Morrisons @117250 @117251 @117241 Righty, @Tesco we have secured the pies. We’ve gone with your Finest.  They look good through the “pie box window” :) https://t.co/dFZQwxDec0",general_question
"@marksandspencer @Tesco @sainsburys @117248 @AldiUK @117260 @117249 @117246 @Morrisons @117250 @117251 @117241 Good morning pie makers! Day 3 of the mince pie tasting today! Due to over indulgence of pies, today we will be selecting 1 set of pies and these will be from @Tesco. @49975 do you feel confident? https://t.co/8TVIlPX9h1",general_question
@marksandspencer @Tesco @sainsburys @117248 @AldiUK @117260 @117249 @117246 @Morrisons @117250 @117251 You are very welcome to - but more competition is on the way. Including an upcoming entry from @117241 :) Are we all excited to see who we will taste tomorrow? https://t.co/m5jwIKG5dh,general_question
"@sainsburys @117248 @marksandspencer @AldiUK @117260 @117249 @117246 @Morrisons @Tesco @117250 And the results are in!
@117251 score a respectable 6 (loving the dusting!) whilst @117250 score 6.5. Current leaders with a slight lead are @marksandspencer! Who’s up next?! 😊 https://t.co/pzIYAp24KZ",general_question
@sainsburys @117248 @marksandspencer @AldiUK @117260 @117249 @117246 @Morrisons @Tesco @117250 I’ve had to pull in a team of tasters to help me - we are just tucking in to the @117248 luxury mince pies and the @117250 all butter mince pies... #drumroll #mincepietasteoff Will either unseat @marksandspencer? https://t.co/iajaLDjd5b,general_question
"@sainsburys @117248 @marksandspencer @AldiUK @117260 @117249 @117246 @Morrisons @Tesco @117250 Righty! The unboxing! Have to say, the @117248 pies look really good!! 😋#mincepietasteoff https://t.co/4fBZcUXJMu",general_question
@117248 @marksandspencer @AldiUK @117260 @sainsburys @117249 @117246 @Morrisons @Tesco @117250 So how do you both fancy your chances with the current leader @marksandspencer? Results to come this afternoon... https://t.co/nwKjLyeygb,general_question
@117242 @marksandspencer @AldiUK @117260 @sainsburys @117249 @117246 @Morrisons @Tesco @117250 It's a co-operative derby! John Lewis Partnership vs @117248. ^CS,general_question
@marksandspencer @AldiUK @117260 @sainsburys @117249 @117246 @Morrisons @Tesco Good morning pie makers!! Looks like we have some @117250 and @117248 pies today... Who’s feeling confident? ;) https://t.co/pUxEY4yb8H,general_question
"@marksandspencer @AldiUK @117260 @sainsburys @117249 @117246 @Morrisons @Tesco Hold your horses! There are others wanting a go too! :) Tho for marmalade sandwiches, you’d definitely win! #lovethebear",positive_feedback
@AldiUK @117260 @sainsburys @117249 @117246 @marksandspencer @Morrisons @Tesco The Cognac steeped ones scored a good 6! But the shelves were empty of the Sloe gin ones. Want to join the mince pie competition? ;),general_question
@117242 @sainsburys @117249 @AldiUK @117246 @marksandspencer @Morrisons @Tesco You need to get the Iceland ones... seriously!,general_question
2017 mince pie off is go! First round underway. Bring it on!! @sainsburys @117249 @AldiUK @117246 @marksandspencer @Morrisons @Tesco #mincepie https://t.co/vm5jC91gUB,general_question
@VirginTrains Preston sorry.,general_question
@VirginTrains just wondering if the station will be open tomorrow morning. SSP start around 4am.,general_question
@SouthwestAir That makes two of us! See you all real soon! #BNA ↔️ #MSP #AirportCodes,general_question
"Best Treat ever. Keep on doing good things, @SouthwestAir. Wish I were flying today instead of in two weeks! https://t.co/uYOUoPsX18",positive_feedback
Long day at work.Long flight for work.Long days away from the kids and hubby.Really appreciate the free @SouthwestAir drinks tonight,technical_support
Hey @SouthwestAir do you do group flight bookings ?!,general_question
@SouthwestAir awesome job by Indy employees who tracked down our bag after another pass. took it home. Made a bad situation bearable. 🙏🏻 ❤️😊,complaint
The last time I had @ChipotleTweets was Halloween 2016. SO EXCITED #theyearlongwait https://t.co/TzsxtY0j9k,general_question
Hey @ChipotleTweets isn't this the cutest burrito you've ever seen? https://t.co/WDgDAO1bzl,general_question
@ChipotleTweets Will they reimburse?,general_question
"@ChipotleTweets they said they put chips in the bag, I get home to eat my guacamole and chips💔😔 and no chips😤😔 https://t.co/wI603A27s4",general_question
@ChipotleTweets Not yet but I will,general_question
@ChipotleTweets Happy Halloween. Nothing scarier than unmashed avocados in your guac. https://t.co/QTJqx9BMzu,technical_support
@ChipotleTweets how are you gonna charge me $1.95 for guac when you can’t even mash the avocados https://t.co/Qzkp7ZneaR,general_question
The picture shows the rainbow going into @ChipotleTweets too. Burritos are blessed. https://t.co/9S7XG79Ij7,general_question
@ChipotleTweets app is not working!!,technical_support
My future kids better trick or treat for candy and @ChipotleTweets https://t.co/Tff2TZcUvn,general_question
Found this lovely piece of plastic in my @ChipotleTweets bowl today. Looks like the corner of a sealed bag. Not my fave thing to bite into!! https://t.co/ePI0ZCIe1e,positive_feedback
I'm coming for my boorito @ChipotleTweets https://t.co/4v9Kr2fHnJ,general_question
@ChipotleTweets What time does boorito end?,general_question
"@ChipotleTweets, you a real one! No tricks, just treats.",general_question
My $3.17 costume just saved me $3.69 at @ChipotleTweets! #Boorito #Halloween #Halloween2017 https://t.co/5UloNP3pby,general_question
Ain’t no chipotle like a $3 chipotle. @ChipotleTweets ❤️❤️❤️🌯,general_question
$3 burritos at @ChipotleTweets everyone 🍁🎃🍺👻,general_question
@ChipotleTweets  https://t.co/FFXuBM2m2w,general_question
🆘🆘🆘 whyyyy is the @ChipotleTweets app not working 🆘🆘🆘,technical_support
Shout out to Tuscaloosa @ChipotleTweets for giving me a free meal for dressing up as a skeleton https://t.co/lPVXnNXHBg,general_question
You thought I was joking #HappyHalloween2017 #3dollarboorito #discount  @ChipotleTweets @331 https://t.co/vhqB4Ncg6C,technical_support
@ChipotleTweets I love you but what’s going on with the queso? It’s so chalky,positive_feedback
@ChipotleTweets so I’m enjoying my amazing burrito bowl and I find plastic in my food I’m disgusted 😷😷😷 https://t.co/VGwwC5AV2c,general_question
.@ChipotleTweets BY NO MEANS should this snuggie qualify as a costume for $3 burrito night. https://t.co/kiSQQaKAaa,general_question
Lol when @ChipotleTweets charges you for queso an you dont even like queso😒,general_question
"@115913 I'm in Lagos, Nigeria this week.  T-mobile data does not work in Nigeria according to your customer service? This is crazy, even if not free you need to be global. Don't sleep on Africa, can you fix this?",technical_support
"@115913 Here's my @115911 experience. Been a customer for years &amp; just bought Pixel 2 phones and tried to add new lines of service based on the offer at https://t.co/Z235nkiJs2, but support is claiming the offer ended. Advertisement says it's good until 12/2. Which is it? https://t.co/gCV3gDtO9k",general_question
"Dear @115940:

Your new update sucks. It’s insanely hard to navigate. Can I downgrade please?

Yours,
American Hulu watchers

#hulu #update",complaint
"@hulu_support We use it through our Roku, and it happens on every show unfortunately. Also happens even if you just cause or rewind and then continue.",technical_support
"@115940 Can you guys maybe like....FIX your stuff? For the longest time now, if you have the captions on, it only lasts for one episode. Wtf",complaint
"@115940 when will the platform available in latinamerica, more specifically in Argentina?",general_question
@hulu_support Too much to detail; just go look at Netflix. UI is NO PLACE to “innovate” any longer. Just get on board with 20+ yrs of evolution 😶,general_question
@hulu_support Did u fire the UI team behind the Roku app re-do yet? I want to rip my eyes out every time I’m forced to use it 😖 #garbage,complaint
@hulu_support Got an email saying my password was changed Bt I did not change it asked to reset it still have not gotten the email to reset,account_problem
@hulu_support Ummm well I'm not Ray so not convinced.,general_question
"@hulu_support Has been this way for months.  Doesn't that tell you how much we hate the ""new experience?""  Can't even get a live person - twitter bot",complaint
"@hulu_support @117295 You do realize chat and talk require hours long waits???? I've been on hold to ""chat"" for 78 minutes",general_question
"@hulu_support Tried everything..nothing worked ...logged into Fox, which worked  for a while but cost me off in the 8th inning... rip off",general_question
@hulu_support This is absolutely pathetic... big part of my motivation for signing up was the opportunity for World Series. Sorry I bothered,general_question
@Ask_Spectrum hey any particular reason on why my WAN address keeps releasing and renewing,general_question
@Ask_Spectrum Outage in 90815? Modem dropped DS connection...,technical_support
@Ask_Spectrum Oh look my internet is out as well! I'm paying you $250/month for a blinking fucking light! https://t.co/PNwKOVUD0C,technical_support
"You know what the best part about being a @115955 customer is? Having to find illegal streams of channels I already pay for, because the sound hasn't worked on my cable box for the last two fucking days.",payment_issue
Came home and @115955’s OnDemand has completely changed. Where’s all the tv OnDemand???,general_question
@Ask_Spectrum Nothing u can do now bc it's 6pm here. Tech sched again 4 tmw 10am. Work depends on internet so v frustrated.,complaint
@Ask_Spectrum *Was told no techs available after 6.,general_question
@115955 Cable &amp; internet out all day.Called CS 4 x's.No https://t.co/P6UXH5lwgO didn't come today as told.Frustrated AF.,complaint
"@Ask_Spectrum I appreciate the response, spoke with someone on the phone to fix it. Apparently my modem was unsure what speed i should have so i got .66",technical_support
@ask_spectrum Soo how can you help me with this bull shit? https://t.co/kx4PsDc39P #Charter #CharterSpectrum #Spectrum #ShitInternet,complaint
@115714 Sprint always going the distance for you.just like the Jeep.from coast to coast and beyond,general_question
@115714  @sprintcare &amp; she hung up the phone on me. I want my money back. Or else the whole world gonna know,refund_request
@sprintcare is there an outage in the Minneapolis/St. Paul Minnesota area?,general_question
@115714 had THEE worst service on the planet fam.,complaint
@115714 FIX IT BECAUSE MY WIFI DOING BETTER THAN YALL..... HOW ???!!!! PLEASE TELL ME HOW 😊,technical_support
YO SPRINT WE NEED TO FIGHT OR SOMETHING CUS IM NOT ABOUT TO PAY FOR UNLIMITED DATA AND YOU GIVING ME ASS SERVICE LIKE TF IS THIS 😊 @115714,payment_issue
@sprintcare No. You already got my koney and I had 13 attempts with you. I feel Sprint sucks and only incompetents work there,complaint
@115714 sells phones that are unusable in other companies. They can unlock them but they don't,account_problem
when will my lyft drivers stop flirting w me/ asking me out on dates? i will never know.,delivery_issue
@115722 why is @699 doing this 🤨 never had this problem before 🤔 https://t.co/C7C5tYh1nf,technical_support
"Hey @115722, how you doin' baby? @115900 is out tonight...wanna hook up? #LiveWire",general_question
@115722 So there is no reimbursement for customer paying extra to be able to watch it? #verizon #Univision,payment_issue
"@117309 Hello Victoria, Currently we have no update at this time.
^NHP",technical_support
@115722  the update with @117310? Already charged for my subscription it’s a bit ridiculous to ay for cable and have to pay more,complaint
"@VerizonSupport After trying for 4 hours, I was told I would get a call back in the morning because the departments have now all left",general_question
@VerizonSupport The order was not completed because there was an issue regarding my address not showing up in the system which multiple people could not fix https://t.co/75F8uCOmbU,technical_support
"@VerizonSupport It’s not an online order. I tried to make a triple play order via telephone services, got disconnected, and the order can not be found now",general_question
@VerizonSupport The order was not completed because there was an issue regarding my address not showing up in the system which multiple people could not fix https://t.co/qmJSKw54vS,technical_support
@VerizonSupport is driving me through the wall with how the way my pending order is NOT going,general_question
"@VerizonSupport when I check my voice mail it says that ""voicemail is not active"" - how do I activate it?",general_question
@AskPayPal Help,payment_issue
"@AskPayPal 
Been having an issue for a couple hours now trying to signup and now access my new account. Help? https://t.co/4xiV4wgMw4",technical_support
@AskPayPal Your customer service is the most horrible I've experience. Jeez!,complaint
@AskPayPal Replied :),complaint
@AskPayPal hi PayPal today you have taken what I owed out of my bank and also of my paypal balance you have charged me twice ?,payment_issue
@AskPayPal hi talk me in the PRIVATE massege,payment_issue
@AskPayPal why? https://t.co/gxP57SpXnV,payment_issue
@AskPlayStation Any idea how I'd go about replacing the Audio cable that came with my PS Gold Headset?,general_question
@AskPlayStation let us change our psn,general_question
@AskPlayStation I purchased a game accidentally and I don't know how I'd be able to go about getting a refund for it,refund_request
@AskPlayStation hola lo que pasa esque no recuerdo la contraseña del correo ni tampoco el usuario y por lo tanto no puedo entrar al chat en vivo,general_question
@116216 hola alguien de soporte podria ayudarme con un problema con mi contraseña,technical_support
"@AskPlayStation hey, does the PlayStation slim supports 5Ghz?",general_question
@AskPlayStation Iam do it,general_question
"@AskPlayStation 
Hi
Iam bught 50$ psn card and i lost 2
Letter  now ihave acard and ican imagine him",technical_support
@AskPlayStation That seems to have fixed the problem. Thank you so much.,technical_support
@AskPlayStation I can still get to the apps via the library folder but prefer the convenience of the home screen folder,technical_support
@AskPlayStation my media folder (netflix&amp; whatnot) has been moving down my home screen list and is now nowhere to be found despite using the apps. How do I get it back?,technical_support
@AskPlayStation thank you so much!,positive_feedback
@AskPlayStation Are online IDs permanent?,general_question
@AskPlayStation when are you gonna announce the next months ps+ games?,general_question
@ATVIAssist how big is ww2 on the PS4?,general_question
@ATVIAssist any info on when we can buy the #CODWWII season pass on the Microsoft Store?,general_question
@117331 @ATVIAssist @115765 why am I getting this message when I've already paid for the game https://t.co/OXBWoPMBx6,payment_issue
@ATVIAssist Please fix these lobbies in #blops3 getting lobbies with 7 v 3 #brokengame https://t.co/s5jjffnSRI,general_question
"@ATVIAssist @117333 the www-less domain of the main site is now outputting an invalid certificate error and giving me an ""Access Denied"" error",technical_support
"@117335 are the leaderboards down for anyone else on the website? not sure what the issue is, but they've been down for a long time now",technical_support
Your worst nightmare is here. Have a Spo-Uka Uka Halloween! 🎃 https://t.co/2oXJve1rXh,complaint
"@AdobeCare Its only this message 
I didn't delete any files 
But is I press ok illustrator seems to open a new file.
And the old one is gone... https://t.co/EmBwu323cT",general_question
@AdobeCare i can't sent the project ?,general_question
@AdobeCare Yes but i cant upload iT on privay chat on Twitter,general_question
@AdobeCare so i cant open iT in 2017,general_question
@AdobeCare Oki Np,general_question
@AdobeCare i send you the file to your email :D,general_question
@AdobeCare I already updated al my adobe programs,technical_support
@AdobeCare i don't know how shareing works,general_question
"Thx @115778 i cant open My project anymore !
The New version of adobe has a lot of Buggs !!!",technical_support
@AdobeCare Yes... but on a different computer... but the new computer is authorized with the same Adobe ID.,general_question
"@AdobeCare ""The vendor account you entered is not associated with the item you are trying to open"" when I try to open books with new ADE",account_problem
@AdobeCare Jpg. I resaved it 3x out of PS.,general_question
@AdobeCare Can we get back to this? Still having issues.,technical_support
@AdobeCare When I enlarge it... it pixelates. ☹️,delivery_issue
"@AdobeCare Sure. I’m out of the office now, too! Thanks.",positive_feedback
"Mmmk, Design Twitter. 

Can anyone explain why when I place my 1920x1080/72ppi image in my 1920x1080 @117339 doc, it isn’t the right size?",general_question
@AdobeCare I am on the adobe customer care chat now waiting to chat to someone. I want 2 have my original photoshop back...i didnt ask for an upgrade,general_question
@AdobeCare Thank you. Issue has been resolved. It was my error.,technical_support
@AdobeCare I ran latest update on my MacBook pro and in that apps attached to my creative cloud account also updated. Loosing Photoshop subscription.,delivery_issue
@117341 please help! I have updated my softwere and lost my subscription to photoshop!,technical_support
@microsofthelps How do I report a bug with the Groove mobile and Web apps?,technical_support
"@XboxSupport think I just need a new controller? RB barely works, have to press REALLY hard even then it only works 25% of the time.",general_question
@XboxSupport did this a week ago and then worked fine again but has now broken again. Wolfenstein is really hard not being able to throw grenades 🤷🏼‍♀️,general_question
do you know how hard it is to play Xbox with a broken RB 😭 #XboxOne #itsbroken https://t.co/8NHaU4x8J0,general_question
@XboxSupport @117344  will be Xbox Play Anywhere title?,general_question
@XboxSupport It’s literally the only annoying thing about Xbox. I want to play with friends and some of them I can’t join games,complaint
@XboxSupport can you guys please fix the crap where I can’t join certain friends? It’s been going on ever since I started playing.,complaint
Hey @117347 I have some problem with storefront on FM3. Servers will be back? @XboxSupport Help us and @117348 guys.,technical_support
@117350 @117014 @115786 Your game is broken bought the pack can’t use the cars,general_question
Exciting news! The Ferrari 70th Anniversary DLC pack will be launching on @117014 4 and @115786 One on October 31st 2017... https://t.co/0waYqViz1S,general_question
"@XboxSupport What's up with the XB party menu? Since yesterday (I think) I can't scroll down it to get to the ""Leave Party"" option.",general_question
"@XboxSupport Yes I'm still getting the problem, I don't know if it's because I game share my Xbox LIVE with my brother, but my brother can still play.",technical_support
"@XboxSupport But I'm still able to play destiny 2, halo, etc.. with LIVE but it's only fortnite giving me this problem.",technical_support
@XboxSupport My brother and I have the game and my gamertag is Toxicradiation5,general_question
"@117353 I can't login because it says ""your account does not have the correct permission to access Xbox LIVE functionality""i have LIVE",account_problem
"@XboxSupport cada vez funciona peor su pagina ,los juegos que adquiri no me deja comentarlos ni puntuarlos,el soporte en linea no funciona..",general_question
@117356 @117353 How do you take your clips out of the record thing on Xbox and put it on twitter,general_question
@117353 #FNBooR - Check out this 3 piece I got for the win! 😊 🎮 https://t.co/OMRp35NtX0,general_question
"@XboxSupport I’ve tried LB, RB &amp; X but nothing?",general_question
@XboxSupport @117357 @XboxSupport  I have an xbox game pass 14 day trial and I want to cancel it how can i?,general_question
@XboxSupport I can’t remember the hidden games?,general_question
@XboxSupport how do I unhide hidden games?,general_question
"@ArgosHelpers Hi Vicky, Thanks for your response. I have DM'd you the full details",positive_feedback
"Bought a printer from you as it is advertised as compatible with Mac. It isn't, I spent from 11am until 8pm trying to resolve this with your staff and got nowhere. 16 miles, 2 hour phone calls, 3 store visits and 1 day wasted. Can you help me please?! @ArgosHelpers",general_question
"@116245, I would like to leave positive feedback but it's too many characters so I have attached a picture of my feedback!! 😊😊 https://t.co/ejGO1oeXMU",general_question
@JetBlue @288 there should b laws on #flights 4 #parents who hit their #toddlers in row 7 were horrible. Crew 2look away is wrong,complaint
@nationalrailenq At least then my dad can go home and she knows she can get home when she finally gets to a station,general_question
@116245 falsely advertising same day delivery would like a refund please,refund_request
@116245 Are you selling Call of Duty WW2 on the PS4 in your Irish stores this Friday 4th Nov??,general_question
@McDonalds #trick,general_question
Hey @AskeBay @115937 you should   monitor buyers like you do with sellers... got 7 messages asking for a better deal out of eBay! But hey you only flag sellers because the 10% fees right! LOL,technical_support
@McDonalds Trick no Treat,general_question
@McDonalds Trick and treat,general_question
@McDonalds TrikntrEt !,general_question
@VerizonSupport They just know we all have so many problems.,technical_support
"Just your friendly neighborhood assassin having fun in Walmart.  Hey, we love candy, too!… https://t.co/jBOjm7anjN",positive_feedback
@AskAmex Personal Platinum card.,general_question
Hey can @AskAmex conceirge get tickets to the 2020 Olympic games?,general_question
@117372 someone in ur staff in Costa Mesa stole my cc # since I checked in this Sunday. Not cool!,general_question
@116062 locks up eyelashes &amp; glue but not alcohol? 🤔,general_question
"@UPSHelp where is my package?
Tracking #1Z9743W80207078561",delivery_issue
@UPSHelp Will do. Cheers.,positive_feedback
@UPSHelp Could you please shed light on 1Z5776W10491633299? It is due for delivery today but hasn't budged since last week. Please advise.,delivery_issue
@upshelp extremely poor customer service repeatedly. Unbelievable smh..,complaint
@GooglePlayMusic I will try that,general_question
@GooglePlayMusic Yes it's my correct account.  For the first 30 minutes only 2 commercials.  After that 1 every song. Seems too many. Thanks,account_problem
@GooglePlayMusic why am I getting a commercial after every song? Should it be after every few songs? :(,general_question
"@OfficeSupport @117378 seems off campus users can log in fine. Visiting https://t.co/wxTcPQXGmr works but as soon as you log in, it gives the error.",technical_support
@OfficeSupport @117378 Yes. This started around noon EST. I am on hold with an open ticket as well. Desktop client and phones work. Just cannot log into website.,complaint
@117379 Sorry to hear that. We're not aware of any ongoing related issues. Our friends @OfficeSupport may be able to help.  ^CT,delivery_issue
"@117378 having issues where anyone that has logged off of O365 and try to log back in get ""something went wrong"" page. anyone else?",technical_support
@116253 I didn’t know hair came with the cinnamon rolls...? https://t.co/jJbJ7RtdAJ,general_question
third time in a row @116253 messes up my order 🙃🤗,general_question
@askpanera You guys are the best. Thanks!,positive_feedback
"@askpanera Thanks! FYI, you can’t search for it on your site (photo) and it doesn’t state whether it has caffeine or not ☹️ https://t.co/xUsUyCUa4M",positive_feedback
@askpanera hi! Does your iced Plum Ginger Hibiscus tea have caffeine?,general_question
@116253 always something screwed up at this place.  Don't know why I even bother. Thumbs down...,general_question
"@JetBlue @117385 What if the generator is NEW in its original, unopened box?  It does NOT have any fuel!",general_question
#jetblue #puertorico does anyone know if I can bring a generator as my checked in luggage to PUerto Rico?,general_question
"@ComcastCares
#mobile_CareXI no signal on my modem, please fix.",general_question
@comcastcares the internet came back up late last night. Thank you,delivery_issue
@comcastcares same. no wifi in Ballard. When can we expect to have it up again? I got work to do https://t.co/K5QFbjpWfu,technical_support
@comcastcares Nope,general_question
@comcastcares how long is outage for maintenance going to last in #Houston? Trying to celebrate #WorldSeries,general_question
"@117390 I had planned on it, but @116136 doesn't seem to care what I want. https://t.co/0go1LivYc0",general_question
Hope you plan to keep me company next hour! Standby!,general_question
"If @comcastcares, why won’t they do something about these recurring problems? Can’t watch nor download something already recorded. https://t.co/BXh12cEMmn",technical_support
@comcastcares my internet is down a week after a technician came out to 'fix' it,technical_support
@115900 my internet service has been cutting out every 20 minutes. What's good?,technical_support
"@115900 I love how when your support can't figure out my problem,  they just hang up on me.",technical_support
"@comcastcares It happens every night, like in between 2 4 am. Wow. I appreciate the response. Damn #Sprint y'all have no type of live for your customers..",technical_support
@sprintcare My internet SUCKS!!!! And their is ALWAYS something wrong with my bill. Lol. It's crazy. I could've went to #MetroPCS for this😕,complaint
"@sprintcare I've called literally more the 15x and it's always about some tower repair, reset my phone, go to the Sprint store..its ridiculous .😞",complaint
My fucking internet #Comcast just took a 💩#AGAIN!! These mufuckaz making me wanna snap. Always talking bout towers and technician n more 🐂💩,technical_support
"@ComcastCares
#mobile_Care was thinking of adding another movie channel. Is there any trail period so I can try it before paying another one",payment_issue
"@ComcastCares
#mobile_Care 2 “maintenance outages” in 3 days I work late &amp; use services late should this be the last for a while or get #ATT",delivery_issue
@115900 my cable sucks,complaint
"@comcastcares why did my X1 box decide to restart itself during the world series,?  2nd time in week.  Customer support has no answer",general_question
Bruh. @115900 needs to get their stuff together. There’s nothing worse than the WiFi going out during a bingeathon 😩😩😩,technical_support
@115900 cable and Internet goes  every night at the same time. Just want to relax after work! #frustrated,complaint
"@comcastcares No need to DM anything. Philadelphia market, test occurred at 0100 and 0110 hours for surrounding counties. Piss poor planning.",general_question
@115900 Thanks for ruining the end of the #SJSharks game with your “weekly test.” Do it at fucking 3am when no one is watching anything.,positive_feedback
Poor @116136 can't make a reliable internet connection! I'm embarrassed by my routers recent performance. Calling @115725  tomorrow - Sad!,technical_support
@116136 @115900 it would be really awesome if you guys could finally come out with an Apple TV app,technical_support
@comcastcares @116136 I’m paying $200 a year &amp; you can’t even automatically tell @117406 to activate my league pass?,payment_issue
@comcastcares It’s back on now. I will provide that info if you provide a discount,general_question
@comcastcares I don’t know my account number and I just called Comcast and they said an agent couldn’t help me.,account_problem
@comcastcares You can help by lowering your fees! It’s ridiculous what you charge!,complaint
And it’s out again this morning! https://t.co/CzMmruqkBY,general_question
"@ComcastCares
#mobile_Care I have some starz channels coming up, but I'm not a subscriber and I don't want to see charges for this... help!",general_question
"@comcastcares Series of lies is getting old. I followed you, DM me if you want to talk, but no more lies plz. 🤥😢",complaint
@comcastcares Appreciate the set top video box I specifically asked not to have and then told was required for internet service. It isn’t :(,technical_support
@comcastcares … to see the severity of the issue. 2nd Comcast service call had supervisor check past convo and wasn’t pleased with how it was handled.,technical_support
"@117409 @comcastcares Same here, I’ve been getting screwed over for the last 7 months just found out today",general_question
"@comcastcares Hi there, I would love to provide you with my account # to review my situation, but need to have someone check the recorded calls 1st (cont)",account_problem
@comcastcares Same with 3rd service member about the 2nd. Was lied to again about when appointment would be (tmrw vs tdy). It’s becoming absurd….,complaint
".@116136 @115900 has always had touch &amp; go cust. service, but 3rd call this week found the 2nd to be lying, who discovered 1st was lying 🤔",general_question
Trying to download Stranger Things Season 2 onto my phone right now and this @116136 internet is moving slower than mole asses.,technical_support
@comcastcares Sent.,general_question
"@comcastcares No, I had the issues during the entire game of the World Series Gm7 and the rest of the night!! What the heck?!?!",technical_support
@115900 Thanks for having an outage in my area the entire game 7 of the World Series.. #bullshit #youowemebig,complaint
Booking a flight to Dubai via @British_Airways and finding out afterwards Dubai won't give visas to the nationality we booked for. Helpful.,positive_feedback
"@British_Airways your agents made people check bags because the flight is full, yet many people have taken up overhead bins with coats.",general_question
@British_Airways why’s that if it’s your phone number charge?,general_question
@117415 @British_Airways i  see some BA numbers are non-geographical local rate - Local price for landlines BUT mobile operators charge the earth,general_question
@117416 @117415 @British_Airways Were you calling the 0344 number or the 0844 number?,general_question
@116397 @117416 @British_Airways 0844...,general_question
"@117415 @117416 @British_Airways If this was an after-sales enquiry, consumer law gives you the right to a refund of the call charges.",refund_request
"@117415 @117416 @British_Airways Consumer protection regulations have banned the use of 084, 087 &amp; 09 numbers for after-sales issues.",technical_support
@117415 @117416 @British_Airways BA has changed to 0344 numbers but has left the old 0844 numbers running - and with same IVR options.,general_question
@117415 @117416 @British_Airways The premium rate 0844 numbers fail to tell callers that they can re-dial 0344 for a cheaper call.,general_question
@117415 @116397 @British_Airways Never ring these from mobile they are way over priced by mbl companys,general_question
"@British_Airways so how can i dispute this, please? my provider makes it clear that part of the charge is with you",general_question
"@British_Airways part of the cost is your service charge. no-one made it clear to me that an alternative, cheaper 034 number was available for the same call",general_question
@British_Airways this absolutely did not happen! i called the 084 executive club number!,technical_support
@British_Airways are you kidding me? a 33-minute call to the executive club cost me over £17? that's a joke. i want my money back.,refund_request
"@British_Airways WOW you’ve surpassed yourselves again.
At HK &amp; it is heaving. 6 priority lanes / 5 economy.  Why do this? Muppets!!",general_question
That feeling when you find the perfect parking spot right. 😁✈️ Wouldn’t you agree @british_airways #a380 ?? https://t.co/RrDf4MGVWL https://t.co/07YtNvZkhr,general_question
"@British_Airways I don’t know, you haven’t responded to any mails for over 2 months!",general_question
@British_Airways I’m campaigning for the refund on the money you stole from me over 2 months ago 🔫,refund_request
@British_Airways need to get to Philadelphia or JFK airport on saturday morning to attend a family wedding. Can someone help me with this?,general_question
@British_Airways Thank you Kimbers. Managed to just make it onto my flight in the end,positive_feedback
"Been to many airports but this is the worst.45m pre-security,20m bag drop.30min security w/business class #BenGurionAirport @British_Airways",complaint
@British_Airways Hi I'm trying to check in online but it won't let me continue without a visa number. Im travelling to USA so I have an ESTA,general_question
@British_Airways Still no info. Courier called late yesterday &amp; no definite ETA. Leave tomorrow &amp; no No. to call. BA app has no info. V.bad service.,complaint
@British_Airways I'm now told my bag is in Naples. Public holiday in Italy so your 'help' line not open. No info when bag to be delivered. What do I do??,delivery_issue
"@British_Airways Yes, but all our details were recorded wrong. Now corrected. Told case was at Gatwick but online says still trying to find.",general_question
Lost luggage at Rome airport BA 2540 @British_Airways. Not very happy at lack of information on when bag will arrive.,delivery_issue
@Postmates_Help I can't contact my postmate. Help!,general_question
Hey @116057 can you DM me? Huge issue trying to get my order today.,technical_support
"@116057 I saw an ad on my Twitter for 100 credit if I installed your app, I installed it now the ad is gone. Can I get the code please!?!",technical_support
It’s been saying this since the 4th. Any idea why? Anyone else having this too? #XboxOneX @UPSHelp @115890 https://t.co/hukxvxfda1,general_question
@UPSHelp Stop changing your story.  First you tell me i’ll be receiving $1200 TWICE and now your saying $100.,general_question
@UPSHelp 1Z6E6Y548577784432,general_question
"@UPSHelp That's the number Amazon gave me 2 weeks ago. After waiting a week for the failure pick up, I took it to the fort leonardwood store.",general_question
@UPSHelp The Rolla No store said to drop it off with the tracking numbers and the driver would print out the label. None of that has been done.,delivery_issue
@UPSHelp Rolla Missouri.,general_question
@UPSHelp These are the only tracking numbers I have.,delivery_issue
@UPSHelp  https://t.co/RwTMKB7ZR6,general_question
@UPSHelp  https://t.co/ua88Lb2r9j,general_question
"@115817 don't tell your customers lies! Like "" our driver will pick it up"" and then never show up. Take the package to the store and a week",complaint
@UPSHelp Unless u delivering to my door  or giving me $800 then u can’t help🤷🏽‍♀️,general_question
Thanks @115817 for losing my fucking package. 😡I️ want my damn iPhone,delivery_issue
@UPSHelp my package has been taking forever to arrive &amp; I haven't been given an arrival date and I'm wondering if you could help,delivery_issue
Second day in a row staying home to wait for a package from @115817 only to be met with a slip saying I wasn't home https://t.co/UqoREWMIz3,delivery_issue
@SpotifyCares Shot it off thanks,positive_feedback
@SpotifyCares Help your boy out,general_question
@SpotifyCares hey my account which I pay for has become unmoored from my Facebook which I'm sure is what I'm registered with,payment_issue
"@AlaskaAir @SouthwestAir @AmericanAir any of y’all got cheap flights to Scranton, PA aka The Electric City? https://t.co/GeXPkUrOFg",general_question
@SouthwestAir Nope. 6 hours later and I'm still on standby. Trying not to cry in the airport.,delivery_issue
@SouthwestAir my flight is cancelled and the team at SeaTac is less than helpful. More concerned with breaks than customers.,positive_feedback
"Nothin like shopping the new #HearthandHand line @116062 while employees joke around, complain about their jobs &amp; discuss vomit. https://t.co/cFuNZtbdjt",general_question
@British_Airways why ask for people to standdown on flight at airport surely in days of social media is ease to ask early ???,general_question
@116062 what’s the easiest way to get a refund on 3 market pantry pizzas that were expired. My pepperoni was all grey.  Dinner was ruined.  Must be why it was 25% off on Cartwheel.,refund_request
"@117153 I can't seem to get in due to the card or payment provider, yet I checked my card and it is 100% fine. Can you please fix this?",payment_issue
All clear! Everything’s looking good again. Enjoy the tunes.,general_question
Another day I’m over Wells Fargo shit.,complaint
"@SouthwestAir I’ve been “hanging in there” since 7am. They keep putting me on standby over, and over, and over, and over again. My patience is running low",general_question
"@SouthwestAir I’m still hanging in there.......@SouthwestAir please help me out..... managers, supervisors and gate employees aren’t helping!",general_question
@SouthwestAir How can I be put on that list? Do I give you my info?,general_question
@SouthwestAir This is my 5th stand by flight....I haven’t been priority at any of these flights. I’m on stand by again for my 10:10 flight.,general_question
"Flight #4354 has been delayed since this morning......I am missing events and jobs. Get me on now, please @SouthwestAir",general_question
@SpotifyCares is there an email i can message? Ive been trying to buy premuim for a few days but i keep getting the card bad day error.,complaint
"@Ask_Spectrum I find it funny that your business model is to risk all revenue instead of just giving the same deals to everyone, not just new customers",general_question
@Ask_Spectrum Done,general_question
@Ask_Spectrum Already gone from cable.  I can get the channels I want for $50 a month less elsewhere and your people didn’t care that I was upset,general_question
No more @115955 cable.   Gone.  Tired of their shit,complaint
@SouthwestAir does this look right? It’s the preboard line from Orlando to columbus #frustrated https://t.co/RVlL7sm8rT,complaint
"@AirbnbHelp I exactly did that. That too multiple times. When you redirect to PayU the page looks broken, buttons don’t work. App is worse. https://t.co/29Wq7Bg0wa",technical_support
hey @115783 exactly when u stopped being great service &amp; being pain in the a**. Your payU interface is not working since at least 6 hrs.,technical_support
"@Ask_Spectrum sent you DM, ESPN is cutting in and out",general_question
@Ask_Spectrum Is the map reliable?  If it is what can you do?,general_question
@Ask_Spectrum Your not answering my question about the map.,general_question
@Ask_Spectrum Also paying for 60 mbs because you didn't want me paying for 20 mbs.  Upcharge... Not getting it since the up/down issues. https://t.co/OJMEdzAmv7,technical_support
@Ask_Spectrum Wouldn't you say this sucks.  TMC didn't have this kind of crap. https://t.co/iw3hxHuPA2,complaint
"@117449 @117451 @Ask_Spectrum Thats because we know how to maintain the system, and have been for over 40yrs. Scabs are only creating more noise w/= degrated services.",general_question
@Ask_Spectrum Seriously.  You guys need to get your crap together.  Internet up and down for days in Texas.,complaint
"@SpotifyCares add lyrics to all songs on ur app pls, apple music can do it u can too",technical_support
@AskPayPal One of my refund request has been active for a week and the money still has not been put on my card.,refund_request
@115993 How long does it take for a refund to be completed and money to be put onto the debit card the payment was on?,refund_request
@AppleSupport Hello there i need help with the use of an administartors name and password on my imac,technical_support
@AppleSupport DL the latest iOS today. Very laggy 6s. Phone is running like hammered dog shit since the DL.,complaint
@AppleSupport Will do thanks.,technical_support
Every time I watch a live broadcast or video it skips or repeats a few seconds since updating @AppleSupport https://t.co/ufl7yqidmb,technical_support
@116333 @115858  can your team let me know why my new iPhone 6 always has hanging problem I do not know what the problem is by I know I feel I am cheated by apple for phone 📱 do I ?,technical_support
@115888 so incredibly annoying that you don't work on roku 🙄,complaint
@AppleSupport I don’t know. I need the space though. How do I get rid of some snapshots,technical_support
@AppleSupport Its slowing down my mac a lot,technical_support
@AppleSupport i have 256 hd and timemachine/system is taking up 150gb of space. I only have 25gb free. Is it suppose to work like this?,technical_support
@AppleSupport Thank you,technical_support
@AppleSupport  https://t.co/Pk9RhMiLjh,technical_support
@AppleSupport No imessage as well I️,technical_support
@115858 @AppleSupport iOS 11.1 should never been released. So many bugs. The statusbar randomly disappears in Facebook app,technical_support
I️ can’t believe that @115858 &amp; @AppleSupport has not fixed the vowel text issue. It’s very annoying and takes extra time to write something👎,complaint
@British_Airways Thank you 🙂,positive_feedback
@British_Airways hi just a query on how there is a late arriving aircraft when the flight is just over 24hrs away? This this a glitch? https://t.co/Y3CQxXqMZz,delivery_issue
@AlaskaAir That was at bag claim; same thing happened to my other bag last week .. tell those bag handlers to chill 😂😂,technical_support
Hey @AlaskaAir ... seriously? https://t.co/ptLu5nSgMw,general_question
@SouthwestAir I’m allergic to people abusing the preboard line. Does that qualify as a disability? Alist preferred business select here.,general_question
Oh my god i’m so embarrassing @115858 why do I always send voice recordings in iMessage by accident do you know how embarrassing that is?!,general_question
Hey @AlaskaAir why did you give our plane for flight 783 to flight 773? Our flight was scheduled to leave first #badcustservice,complaint
@sainsburys Lancaster store!,general_question
@sainsburys I think I've found the winning twirl... please let me know what the prize is! On a serious note what is this? X https://t.co/dLyOrwT2JL,general_question
@AppleSupport only 8 attempts to open the twitter app and complain about the iOS 11 messing up my iPhone 7 - this is slowing down my life :(,technical_support
@AlaskaAir Thank you,positive_feedback
@AlaskaAir The flight destination signs are showing Minneapolis through to San Jose - is this a fuel stop?,general_question
@AlaskaAir I don't understand the decision to swap to a smaller plane with less fuel capacity to sacrifice this flight for the San Diego one,general_question
@AlaskaAir What's the likeliness of this flight getting cancelled?,general_question
"@AlaskaAir Where did you send it, Guam?",general_question
@alaskaair why did flight 783 just post a two hour delay,general_question
@Ask_Spectrum Thanks! Unplugging stuff will be logistically difficult; would it work if I just went online and triggered a reboot? Thanks! 😊,positive_feedback
@Ask_Spectrum Hi there! @117469 is out on my cable in Austin; this might be the only station affected. Thanks in advance for your help!,positive_feedback
@115955 You suck. Raise my bill twice since June. Internet goes out almost daily. Never had such awful svc from any provider.,complaint
@115714 went to get the new iPhone 10 today and your sales rep wouldn’t even take the time to look up from his phone to help. #veryrude,general_question
@AskPayPal __email__,payment_issue
"@117473 please read my message to you on Facebook and call me before I go back to the FCA, the media and your CEO",general_question
@Ask_Spectrum Nope just wanted to let you know,general_question
@Ask_Spectrum I just wanted you to know your internet is trash. 3:22 in the morning and it's slow as f,technical_support
@Ask_Spectrum Yes that is only 2.7 miles from my house so it’s not too far. And the mobile home parks that are across the street and right behind us they get spectrum. I’m wondering how are we too far? They are both on south street too,general_question
"@Ask_Spectrum Thank you for your help. I really hope I can talk spectrum into bringing your services to my area especially with the mobile home park now turning into a family community and, dsl and satellite internet really won’t cut it for families. And I really hope the higher ups see this",complaint
@Ask_Spectrum How do I get you guys to bring wires my way?,general_question
When will cable come to my area?! @115955,general_question
@Ask_Spectrum We had the best employee ever finally show up!!,positive_feedback
"@Ask_Spectrum Yes, he reconnected everything properly and explained everything to us.",general_question
"@Ask_Spectrum @117476 By far the shittiest internet provider by far , always goes down on the weekends",complaint
"@Ask_Spectrum Your installer did this Friday afternoon, yet here I wait with no service still",general_question
Maybe someone from @Ask_Spectrum  will show up for the actual appointment this way. Calling clearly doesn't work https://t.co/0rpBFd4NbK,technical_support
"@DropboxSupport I am owner of the account, I have created this folder. Some time ago I realized that I've been ""cut out"" from it.",account_problem
"@DropboxSupport Hi, I problem with one of folders on my account. For some reason I cannot edit it. See attached photo. https://t.co/I7ZjbO5stx",technical_support
@Ask_Spectrum I’m not sure you can. The remote only works half the time. My channel options suck.,complaint
@Ask_Spectrum I now have Spectrum at my condo in Kauai. They SUCK. I hate the channels options and the picture quality is bad.,complaint
"@AirAsiaSupport 3rd time in a row I have been told to submit PIR and asked for feedback ,no action on my damage compensation claim request rather same reply as if you have linked our mails with auto reply bot !!!!!!",general_question
@AirAsiaSupport  https://t.co/k48gOyd97J,general_question
@AirAsiaSupport  https://t.co/CUHiHZcuA5,general_question
@AirAsiaSupport PleaSe find PIR. https://t.co/MCOJNlIaRr,general_question
@AirAsiaSupport Please find appended latest case no.(3rd one) with PIR. https://t.co/KyLHXaA328,delivery_issue
"@AirAsiaSupport Please ask them not to share those regular mails asking PIR again and feedback prior to resolution of case ,this is happening 3rd time with me .",technical_support
"@AirAsiaSupport I did that ,please let me know if some thing is still balance to be submit. All this while I haven't received any call from your local support team to update about progress or discrepancy about my case.",technical_support
@AirAsiaSupport 3rd one filed again. With all pics as desired. https://t.co/iPrKcJIeLr,general_question
@AirAsiaSupport Just did that again. https://t.co/Bj79ElECxL,general_question
"@AirAsiaSupport Dear, Kindly go through my mail communication link with you ,I have submitted PIR and waiting for reply, what else I have to do.https://t.co/YdA8V0qDKU",general_question
"@AirAsiaSupport Kindly go through the mail I have received from you asking to submit PIR and snaps of damaged luggage, how come the case can be closed without taking my consent or compensation by merely replying on mail .",general_question
"@115802 Please see my latest mail from @AirAsiaSupport where I have been told to submit PIR and in reply I am getting disclaimer that my case has been closed ,without even informing me !!!! https://t.co/jpVKnuYngv",delivery_issue
@115802 Baggage broken by rude mishandling of ground staff from Delhi to Goa.Awaiting response. https://t.co/zEnulXTGGc,general_question
"@AppleSupport Just phone numbers, not available now … why is it so hard to just put an email-address there?",technical_support
@AppleSupport Chat doesn’t seem to work in Germany. On the order page I cannot leave comments …,technical_support
"Dear @115858, I have an online order which I never received - who can I talk to?",general_question
@SpotifyCares I login with facebook (__email__) - but i think my email account for spotify is my old one (__email__)  that is now defunct. What can I do?,account_problem
Will changing my password stop this person from using my @SpotifyCares? https://t.co/VHJyWGO25j,account_problem
@idea_cares Today mrng allready again submitted,general_question
@idea_cares All ready re requeated,general_question
"@idea_cares When u r side face the same problem , that time u r know my pain.",technical_support
@AppleSupport I need an actual human to help me,technical_support
@AppleSupport Haven’t forgotten it just isn’t  accepting. I tried the process for forgotten Id anyway &amp; it times out every time before i complete it.,technical_support
@115858 suck! Upgrade phone &amp; I lose my Apple ID. Can’t get new id without old &amp; can’t book Genius bar help appointment without ID!!! #stupid,complaint
"@Safaricom_Care Sorry there was poor internet connection , you can now if possible",technical_support
@Safaricom_Care Yes please,general_question
@Safaricom_Care You can call now,general_question
@Safaricom_Care Call please,general_question
"@sainsburys I didn't keep the packaging but have my receipt. It was the store on Lower Addiscombe Rd, would like to know what can be done about this?",general_question
"@sainsburys I don't have a nectar card, and I'm a bit shocked at that response to just give out some points when one of your loyal customers could have potentially bitten into a large, disgusting insect in one of your products?",general_question
"Love it when I buy a chicken salad sandwich from @sainsburys and there's a giant flying ant squashed inside it. Didn't see that on the ingredients list! Pretty disgusting and traumatising stuff Sainsburys, care to explain? https://t.co/XwdsQ9uYD5",positive_feedback
"@sainsburys Hi Robbie, picture of our receipt attached for you. Both meals came out the same with no other veg apart from overdone soggy Brussels. Simon https://t.co/Mp7fRu8yqo",general_question
"@sainsburys Hi Robbie, no need for Nectar points, we just want to get something reasonable to eat before we do our shopping. I know it’s not going to be exceptional, but at least be reasonable and match ‘as advertised’ each time. The customer service also needs to be improved there. Simon",general_question
"@sainsburys minimum effort on the turkey lunch at Bicester today, not as advertised I’m afraid !!! https://t.co/NHihw4fUzH",general_question
"@MicrosoftHelps I have windows 10. I do not remember making any changes myself, but I did take the computer to a store to get it cleaned up. how could I get those troubleshooting steps?",general_question
@MicrosoftHelps I just checked and the computer says I am the administrator on my computer.,general_question
@MicrosoftHelps I sent a private message describing my problem.,technical_support
"@5646 @MicrosoftHelps I am having a problem with my computer games. I just tried playing 3 of them and a message came up saying ""Game Could Not Intiate"" Some of my other game do not load at all or a message comes up saying ""You need administrative access"" Plz help.",technical_support
@VirginTrains Couldn’t find anyone. Very annoyed by their antics.,general_question
@VirginTrains No-one came through before we got off at Stafford. I pity the passengers who had to put up with them still on train to London Euston,general_question
"@VirginTrains Rather have a refund for ticket for the station staff allowing ppl drunk on the train in the 1st place. Racist, foul mouthed louts which scared the kids on the train",refund_request
@VirginTrains So you don’t have a duty of care for your passengers then ? These 2 wouldn’t have been allowed into any other premises with their behaviour or would have been promptly removed,general_question
@VirginTrains Thanks for ignoring my reply,positive_feedback
@VirginTrains Where are they located on train ?,general_question
@VirginTrains any chance you can do something about the 2 drunk ladies causing havoc on the 17.47 from Liverpool lime street to London Euston ? Abusive to fellow passengers &amp; general behaviour leaving a lot to be desired,general_question
"@Tesco I'm in Greenock, and I've tried value stuff and it's not cheaper for nothing. Dreadful stuff.",general_question
@Tesco you've got plenty of easy cook rice. It's the regular kind I'm looking for.,general_question
"@Tesco I've given up on long grain rice,  non easy cook version.  I'll go to Sainsbury for it.",general_question
@XboxSupport Thanks RM. BluRays play fine. These DVDs also play fine on original XB1 and other devices. The discs aren’t dirty. Here’s a video. My guess is the XB1X isn’t handling some form of macrovision correctly. https://t.co/Mvy4kcijJD,positive_feedback
"@XboxSupport I will try, but to be clear, it is _only_ the BluRay app doing this. Games and other activities on the XB1X are fine. I've also noticed the audio is out of sync with the picture when using the BluRay app - again, only this app - not Forza or anything else.",technical_support
"@XboxSupport I did. No, they did not. I also deleted and reinstalled the app. I don’t believe it is a TV or video output issue in general as all the games are fine. It is only the BluRay player app which does this. I think the app is not handling macrovision or something.",complaint
"@XboxSupport Though the PS4Pro is not - for the same reason as with XB1X, it is connected to the TV for 4K output ...",general_question
"@XboxSupport Hi JL, why thank you! I am not given an 'automatic' resolution option, unfortunately, but I set it to PC RGB and it works! The DVDs play back fine now, even with resolution still on 4K. Thank you kindly! What a champ. What is 'colour space' out of interest?",positive_feedback
"@XboxSupport Terrific, thank you !",positive_feedback
"@XboxSupport Hello, on my new XB1X many DVDs play horribly - audio and video goes on and off, unwatchable. Yet all else works fine, and the DVDs played fine on original XB1 + also PS4Pro. Any ideas? BluRay player bug?",technical_support
@XboxSupport Ok thanks,positive_feedback
@XboxSupport Sorry to bother you again if there fixing it will the games be on sale longer,general_question
@XboxSupport If the black Friday games sale ends Monday and if the games say 3 day remeaning is that it or will they be back on sale again,general_question
@XboxSupport Your messing some games nba 2k 18 legend edition was on sale now it’s not,general_question
@XboxSupport great tired to buy a game and it says service is unavailable,positive_feedback
@AmazonHelp UPS supposed to pick up a return package yesterday and bring return label... never showed.,delivery_issue
"@115830 when you can't get my Prime order to me on time, what happens? I needed it on time! It's a gift! Your courier not up to the job?",technical_support
"@AmazonHelp Hecho el procedimiento, lo que me interesa y exijo es que sea devuelto mi dinero puesto que jamás he adquirido algún articulo por este medio",general_question
"@116875 Exijo mi reembolso inmediato ya que yo en ningún momento solicité dicha membresía ""prime"", hubo algún error.
Solución inmediata",technical_support
@116875 Cancelación de  membresía Amazon Prime y reembolso ya!,general_question
@115821 Hasta que al fin llegó #BrBa https://t.co/7y2HKQlA2R,general_question
Hasta que al fin pude comprar algo en @115821 😌,general_question
@AmazonHelp my original echo some time say things without asking here anything ! This is really wired and creepy and scary!!,general_question
@AmazonHelp Well it says arriving today but honestly I know that’s fake as looked last four days and it’s still the same then https://t.co/3T23E69GE0,general_question
@AmazonHelp Thank you but unsure how that’s going to help as just says “put for delivery and arriving today when I know it proberly won’t :/,delivery_issue
@AmazonHelp Okay....what information do you need to be able to help then???,general_question
@AmazonHelp The last update was on 22nd Oct saying it’s out for delivery.....you can’t tell me it take a over two weeks to deliver https://t.co/iB2HaSBOqk,delivery_issue
@AmazonHelp I have re ordered one and going to see how long this one takes and then cancel second if not here by time that one gets here,general_question
I know it’s nearly xmas but seriously I ordered a book from @115821 due to arrive 23rd Oct and still don’t have it or know where it is???,delivery_issue
@115821 why do I pay for 2 day shipping and it's going on 4 days.,delivery_issue
@115850 pls investigate ur satara (Maharashtra) amzn staff or ur reputation is doomed in the region in long term.,general_question
@115858 needs to figure it’s shit out. My phone won’t stop freezing &amp; closing apps 🙄😡,complaint
"@AppleSupport no, my photos aren’t gone. why are there four (five actually, one isn’t pictured) albums in my photos all labeled twitter?",technical_support
what the fuck @115858? https://t.co/oHhvAW2pqh,general_question
@AppleSupport lil help? https://t.co/3cl8aEdWdr,technical_support
@AppleSupport so it cant be disable? umm ya.. problem comes oftenly when my iphone just woke up. kindly please gimme some advices to heal that issue,technical_support
@AppleSupport ya.. i did that way like 3-4times for make my screen finally worked out. whats the causes anw?  what tips to prevent it wont happen again?,technical_support
"@AppleSupport okay i’ll message soon, thankyou for your help",technical_support
@AppleSupport ya.lately my screen was disfunction for touch after its been restart. i couldnt enter passcode yet homebutton still figureout my fingerprint,delivery_issue
"@AppleSupport is that safe if we disable passcode for unlock iphone? i mean,is the fingerprint still worked out? i think dat would be enough",technical_support
@AppleSupport Yes I️ just did that today.,technical_support
@AppleSupport @117504 OH MY GOD THANK GOD I️ THOUGHT I️ WAS LOSING MY MIND,technical_support
@AppleSupport @117504 btw it’s still doing it...,technical_support
@AppleSupport If you look above you can see what I’m a talking about i clicked the letter I and it still does it,technical_support
@AppleSupport  hey what’s going on with the letter I . When i start to. Type this happens below https://t.co/jbNZfUwkzL,technical_support
@AppleSupport Let me enjoy the 11 first mfs,technical_support
@115858 wtf y’all got going on with my emojis 😐 I’m seeing boxes and shit,complaint
"@115858 @AppleSupport FYI, Folders no longer show Folder Names after update unless folder highlighted. https://t.co/1iiNNz9ZFk",technical_support
@AppleSupport Thank you.,technical_support
@AppleSupport this is the second Fishing email that I have gotten in 2 days https://t.co/WG3DvyKLSj,technical_support
@AppleSupport since upgrade to High Sierra I see this screen each time my iMac reboots thus defeating automatic login I need. Help. https://t.co/z9trEHnGbP,technical_support
"@AppleSupport I bought 2 iPhones X on Friday, but I don’t see any charge on my credit card. Do I should worry or it’s normal?",technical_support
@AmazonHelp hi I cancelled an item today but the money has not shown back up in my bank yet can you tell me how long it takes?,payment_issue
"@Uber_Support just got kicked out of this guy’s car because he didn’t want to drive me home. Insult to injury, you charge me $7. #uberfail https://t.co/pJZuJmyyEj",general_question
So how about my goddamned money https://t.co/FIf624cXYJ,payment_issue
@Uber_Support https://t.co/rOY8MXSxYF,general_question
"@Uber_Support Remedy &amp; please refund my $5, that's breakfast money tomorrow, thank you. https://t.co/dT6DYbPZO6",refund_request
@Uber_Support @117516 this was our driver she was so rude and tried to sell us fishplates during our ride. https://t.co/J8OtncW9vI,delivery_issue
@Uber_Support me and my good sis @117516 had an issue with a driver recently...can you please help?,delivery_issue
@115877 @117518 am I going to get a refund...? https://t.co/67jUGLxYLH,refund_request
"@Uber_Support I have already use these alternative a few days ago, and haven't had any answer yet :/",general_question
@Uber_Support I will,general_question
@Uber_Support I all ready send the DM,general_question
"@Uber_Support were can I receive attention ? Im a restaurant owner in Queretaro, Mexico and I want to work with your apo",general_question
@115873 How about your drivers in London don’t cancel on you after 15 minutes of being ‘on the way’ then charge you anyway. Happened several times.,delivery_issue
Uber is your ride to anywhere. Get the app and get around easier.  https://t.co/iaXuXGUMuH,technical_support
@Uber_Support:  Do you have a customer support email?,general_question
@Delta stuck on the tarmac for one hour in a hot plane flight DL2170 From SLC losing Thousands on a business deal in LA! Unexceptable!,technical_support
@Delta been a long afternoon in the airport. Sorry if I sound bitter,general_question
Missing my entire Halloween with kids because @Delta can't find a flight attendant for my flight home. #bestlaidplans #anotherdisappointment,technical_support
@Delta can 2 people travelling on the same booking pool their luggage allowance?,general_question
@SpotifyCares Fasho thank you for the help,positive_feedback
"@SpotifyCares Thanks 4 the speedy response but I think I discovered what’s going on, does the desktop app have a way to play music from personal folders?",technical_support
@SpotifyCares Can't access my account. Annoyed that I have to tweet to get tech support for a service I pay for 😡,payment_issue
@SpotifyCares I have now tried a different computer on a different network with a different browser (Edge) &amp; still can't push play.,general_question
@SpotifyCares No problems with iOS.,technical_support
@SpotifyCares Tried an incognito Chrome window.  No change.  Work has blocked https://t.co/JoK7ESpKMg in Firefox,account_problem
@SpotifyCares Chrome web player on dell laptop,general_question
"@SpotifyCares My web player is stuck in a commercial.  'Play' isn't an option.  Tried clearing cookies, etc. nothing helped. #ijustwantmusic https://t.co/LPxSjwjIHA",technical_support
@SpotifyCares Android 6.0.1 and Spotify version 8.4.25.771 armV7,general_question
@SpotifyCares not sure why the app has been slow to load and glitching music for the past couple months. Samsung galaxy s5,technical_support
@SpotifyCares With spotify open both on my computer and phone I added a local file to a playlist on my computer. ...,general_question
@SpotifyCares on my phone Spotify didn't show the song that was in the playlist but instead asked me to browse for music to add to my newly created...,general_question
"@SpotifyCares playlist, I only want that one local file visible in the playlist.. It wasn't until I said download, that the song appeared.",technical_support
"@SpotifyCares It'd be helpful if it showed the song greyed out as it's not on the phone yet, and simply gave me the option to offline/download the song.",positive_feedback
@SpotifyCares Checked the three dots and saw the download option and then my song appeared. It works.. but it feels hidden. Thank you for your interest :),technical_support
"@115888 you guys trying to make it harder to load local music? ""BROWSE FOR MUSIC"" Show me the song I added instead. Don't BS users.",general_question
@SpotifyCares Shout! be in India soon ..,general_question
@SpotifyCares Added! - India 😊👍🏻,general_question
@115888 why aren’t you available in India.. https://t.co/YUzA4qYDvv,general_question
@British_Airways Have done it now! Cheers,positive_feedback
@British_Airways Can you possibly follow me back so I can send you a DM?,general_question
"@British_Airways Hi, can you please provide me with an email address that I can contact about my flight booking and cancelation?",general_question
@British_Airways can you follow me back so I can private message you,general_question
@British_Airways Thanks! All sorted :),positive_feedback
"@British_Airways flying to NY. Adding passport details, but keep saying error? Never had this problem. Is it cause my lead passenger should?",technical_support
@comcastcares won't respond to my tweets bc they can't fix my problem...understaffed perhaps?,technical_support
Oh @116136 @115900 why am I not surprised that I’ve spent over 1 hour on the phone with a rep who keeps arguing &amp; can’t resolve situation,general_question
"@ComcastCares
#mobile_Care I received a new  gateway/modem &amp; installed it. Now my bedroom and media room will not connect to cable. Help",general_question
@comcastcares @116136 What's going on with the service in Chicago? When will it be back up?,general_question
@115911 it’s really stupid that we pay all this money for our phones and we don’t get signal where we live,complaint
@117540 @632 @115911 I hope yours works better than mine. For the 2nd time MINE DIED!,general_question
Got my #Pixel! Popped in my @115911 SIM &amp; it WORKED NO PROBLEM! LET'S ROCK! https://t.co/dsCbe4jvup,technical_support
@115911 Wow how can you refer me to apple and not fix my problem? After 15 years. Not 1 bill cycle #unacceptable #UnCarrier #Shopforservice,complaint
@TMobileHelp @117543 I've talked with you. Trying to see what Neville has to say,general_question
"@117543 hi Neville will you ever update this area? I have constant dropped calls here. 
https://t.co/O2MQZ98ikK",technical_support
@AmericanAir I don't like the the new livery,general_question
@AmericanAir .. landed in Charlotte at 7:11 PM. It’s now 7:52 without any luggage.. or staff in baggage claim.. or belt movement. Hello? https://t.co/PFxh5m9JIl,general_question
".@AmericanAir Home, please",general_question
Fantastic job by the @AmericanAir staff at @117548 to get us on our way to the @79605 Championships! Thank you! https://t.co/JqpQe0f9gs,positive_feedback
Taking off from CLT to DEN almost 2 hours late had to board a new plane bc the other @AmericanAir plane broke. I'm sick &amp; need to get home 😥,delivery_issue
@SouthwestAir Found the feedback site. https://t.co/93ICsVFByI Thanks! @SouthwestAir,positive_feedback
Hey @SouthwestAir this is great! Saw this at @117551 - When is this coming to an airport near me? https://t.co/5AKarhozua,positive_feedback
"@Southwestair, I would like to change my name on my account to my married name. How can I do this? Email address not working.",technical_support
It pays to read the fine print. Well done @southwestair. And thank you! https://t.co/9xo45LgcA9,payment_issue
@ChipotleTweets Thx,general_question
@ChipotleTweets why does your app tell me it can't connect to your supercomputer?  #imhungy. I want to order some burritos,technical_support
@ChipotleTweets How are you fixing the issue?,technical_support
Went to go get my burrito tonight and they told me they don't serve chorizo anymore smh @ChipotleTweets #disappointed 😒,complaint
Crying bc I forgot about booritos @ChipotleTweets,general_question
"Finally found my companion, Amy Pond! Time to go get some Booritos at @chipotletweets @ Delran,… https://t.co/NWKrn1J7E1",general_question
2 years in a row I want to order Chipotle online and it’s Halloween and they turn their ordering off 🙂@ChipotleTweets,general_question
"All I wanted was @ChipotleTweets for my break at work and now I’m going to have food, but no break because of the Halloween line 😭😭",general_question
"""That's a thing?!""

Do some poor souls really not know you can get two proteins at @ChipotleTweets?",general_question
This fruit about to slay some veggies @ChipotleTweets https://t.co/4Geoi08N60,general_question
See you soon bb 😘 @ChipotleTweets https://t.co/knfU9Ymh9F,general_question
When they be hookin’ it up! Thanks @ChipotleTweets https://t.co/C5pUGX86v8,positive_feedback
PSA: $3.00 burritos at chipotle if you dress up for Halloween @ChipotleTweets,general_question
People eating @ChipotleTweets without a costume look so out of place on #Halloween #Boorito #alwaysbusyonhalloween,general_question
"@ChipotleTweets Got my $3 booritto. Best promo ever, thanks",positive_feedback
@117273 @ChipotleTweets This has happened to me twice!!!!!! They hate us,complaint
👦🏻 and I each got one 🌯😋 it makes me happy not have to cook dinner😁😁 thanks @ChipotleTweets #HappyHalloween https://t.co/7Rkie5CnwX,technical_support
@ChipotleTweets #HappyHalloween2017 #boorito #getinmybelly https://t.co/MzaXopq9k9,technical_support
@ChipotleTweets line is ridiculous lol but I’m always here on Halloween 🎃 lol,complaint
When you go to @ChipotleTweets in a costume for a $3 boorito and you get charged full price 🙃🙃🙃,payment_issue
Dressing up to get @ChipotleTweets Booritos was totally worth it 👻,general_question
@ChipotleTweets ilysm thank u for this $3 bowl happy halloween bae,technical_support
"@ChipotleTweets got rid of chorizo. If anyone needs me, I'll be locked in my room listening to sad songs on full blast to hide my sobs.",account_problem
@ChipotleTweets FIX YOUR APP. IM HUNGRY. 😡😡😡,technical_support
@ChipotleTweets is it still $3 if I add queso and guac to the boo rito 👻,general_question
Having anxiety bc I don’t have a car to go to @ChipotleTweets for their $3 booritos at school☹️,general_question
@HPSupport installed a new yellow cratridge but it is not printing #hppsdr #ijkhelp,general_question
@HPSupport I cannot get the printer to fax from my computer #hppsdr #ljhelp,general_question
@115940 I absolute hate your streaming service. It literally never works when you want to watch something. Such a waste.,complaint
"@hulu_support I use Roku, and no other streaming is impacted. I am watching CBS all access right now. This is solely a hulu issue",technical_support
@hulu_support No I switched from your app to CBS all access due to the issue...it was also an issue this morning at 5:30 trying to watch the news,technical_support
@hulu_support I will check that when I get home tonight,general_question
@hulu_support @115940 AT WHAT POINT CAN I EXPECT TO WATCH A LIVE PROGRAM WITHOUT BUFFERING EVERY FEW MINUTES,general_question
I try to like @115940 and I don't want to cancel but there's nothing to watch can even watch dragon ball in English that's awful,complaint
@115940 you guys are having a UTF-8 issue with your text in your Android app. https://t.co/zNzwJv28ft,technical_support
@hulu_support My stuff still doesn't have my favorites. It actually mixes my recently viewed and favorites. Would screenshots help?,technical_support
@hulu_support your keep watching isnt functional. I added several to my profile and some show but also other ones that i didnt add show up,general_question
@115955 why does your TV listings confuse the channel for the World Series? TMZ? Sad.,general_question
"@Ask_Spectrum About 36 hours now. Meanwhile, relatives on the other side of town are getting theirs back. Any ETA now?",general_question
@sprintcare 5 lines for $100? Better rate then @115911 but I'm a fan of @115913. What more do you have @115714. Got a cool CEO?,general_question
@115911 @115725 @115714 All I'm saying is that I prebooked first day because I was promised a date which I liked. I got 7 lines on my act. @115725 keep your 🤞,general_question
If I don't get my prebooked #iPhoneX from @115911  by November 6th as promised by the store I'm switching to @115725 or @115714.,general_question
"@sprintcare @626 @115714 Lol for the eighteen thoudandth time, this is not my phone because there are 2 iPhones and 2 androids, and it effects them all. SMFH",general_question
@sprintcare Are you getting dizzy yet? Because you seem to be running in circles.,general_question
@sprintcare A customer should NOT have to go through so much just to get adequate service that they pay $300 a month for. UNACCEPTABLE,complaint
@sprintcare Pretty funny stuff guys...,general_question
@sprintcare Earlier today: https://t.co/cBEzfl9jFI,complaint
@sprintcare Oh again? Why the other two times today wasn’t enough?,general_question
@sprintcare Hmm interesting cause I’ve had that done twice now LMAO,general_question
@626 @115714 I still have zero service and power has mostly been restored. This is unacceptable in a day and age when most people only carry cell service,complaint
@626 can we begin an investigation into why @115714 has failed its RI customers during an emergency and power outage?,general_question
"I like how i pay for ""unlimited"" for the ""fastest"" 4g service but after a certain amout of gigs used apparently it slows down cool. @115714",technical_support
@sprintcare Well how come there are people on here who’s have shipped already?,general_question
"@sprintcare My iPhone X said deliver date of the 3rd when I ordered it, however it still says “pending” when checking order status.",general_question
@117591 @115714 Yes mine!,general_question
Anyone’s iPhone X shipment still pending for @115714 ?,delivery_issue
@sprintcare well i just tried calling you guys but it automatically fails. i had this problem an hour ago and it’s back. just messaged you.,technical_support
@sprintcare @115714 never mind i can’t even send txts. https://t.co/iWFDZrLDzF,general_question
"@sprintcare @115714 the sad part is i’m at my own house. and everyone else that i live with, has service. https://t.co/OHhmkBfr0B",general_question
@sprintcare I Broke My Phone And Yah Insurance Clam Thing Giving Me The Run Around,general_question
@117594 @115714 Im Finna Call You,general_question
@117593 @115714 Mane u bullshitting we most deff can yo ass just don't got a license and I hate driving that whole way,complaint
@117594 @115714 Man fuck that lets leave tonight this phone shit got me spicy and ill fill yo tank up lets hit the road 🤷🏾‍♂️😂😂,complaint
@117593 @115714 What's popping on o block tonight,general_question
I Been Going Thru All Lame Shit With Sprint All Day ..... @115714 Yah Gay Af,complaint
@VerizonSupport Wireless. Customer service had to cancel my online order. I'm at the store now trying again.,general_question
"@VerizonSupport As a user (but not owner) on a business account, the process of ordering a new phone has been extremely frustrating.",account_problem
@VerizonSupport What is it you want me to do?,general_question
@VerizonSupport And... the chat window closed.,general_question
@VerizonSupport It’s on the outside wall. Every connection is tight. https://t.co/ZBGuWBgLcI,technical_support
@VerizonSupport Done.,general_question
@VerizonSupport Apparently not. I’m back in a hold queue on the secured link.,technical_support
@VerizonSupport No I have not.,general_question
"@VerizonSupport I’m sick of being on hold with your online chat. Fix your chat process. Oh, fix my fios while you’re at it.",technical_support
@VerizonSupport We have - but you’re not available here... wish you were,general_question
@comcastcares I’ve had no Comcast internet or tv service for days now - but I have a verizon phone - can you help me watch the World Series game???,technical_support
@VerizonSupport I closed the chat in twitter on my iPhone. Tired of consuming my battery for no response.,technical_support
"@AskPlayStation The PSN Store is ""undergoing maintenance"" and has been for over 12 hours",general_question
@AskPlayStation does Netflix on PS4 Pro utilise HDR? The Netflix app on my TV has a HDR badge on it and looks better than my Pro app,complaint
@AskPlayStation how am I able to preload cod ww2??,general_question
@AskPlayStation I keep getting playstation error code ce-33992-6 tried restarting ps and router still nothing 😩just want to play overwatch 😭,technical_support
@AskPlayStation But i didnt get email,general_question
@AskPlayStation i get error ws-37338-4 when i try to log in?,technical_support
@116016 THIS IS THE SECOND TIME I BEEN GIVING THE RUN AROUND BY ONE OF Y'ALL EMPLOYEES 😤IF THEIR NOT TRAINED...WHY ARE THEY WORKING?,general_question
Went to three locations looking for a working atm... finally gave up and paid the surcharge at another bank. ☹️ Get it together @116016,payment_issue
@116016 stays sending me new Chase Freedom Credit Cards 😂 clearly I have a problem,technical_support
@115714 Took me 5 mins &amp; a hotspot to tweet this,general_question
"Wow bro my service has been SHIT all fucking day.. like it’s never this bad, wtf @115714",complaint
"@115714 you know, “all the networks are great now.”  What the fuck year is it, 2001? Fuck you and your shitty 3G one-bar. https://t.co/IkRazgHgS1",complaint
Bruh @115714 be blowing it with this bum ass service,general_question
"@CoxHelp hi, you added a telephone to my bill even though i didn’t ask for it, how can i cancel it?",payment_issue
"@CoxHelp no internet service since 10/29. 2 days straight Cust. Service gave estimated restoration times, now they say they just don’t know",technical_support
@CoxHelp it’s 1313 (or 313). it gives me an error message that says there’s an issue with the channel. i’ve been trying since about 4:10pm.,technical_support
@CoxHelp what’s up with ATT SportsNet in LV right now? i would sure like to watch the hockey game. :(,general_question
@CoxHelp too little too late. @116021 should have hired employees who do their jobs for customers who pay full price,delivery_issue
@CoxHelp nice try. those well-trained workers caused my outage &amp; your phone rep must’ve had a bad day. goodbye @116021 hello @115955,complaint
.@116021 my cable &amp; internet are out &amp; these guys are getting paid double time to fix the problem but they AREN’T DOING ANYTHING https://t.co/h5Q6L8SHEg,technical_support
@117613 If I was home @116021 @CoxHelp I’d watch it on my TV! This makes no sense. 😒 I would love 2 b able 2 watch one game! #notathome #vegasborn https://t.co/9dqEtleyF2,positive_feedback
"On the air!

📺: AT&amp;T SportsNet
Cox: 313/1313
DIRECTV: 684
U-verse: 757/1757
CenturyLink: 760/1760

📻: FOX Sports Radio
98.9 FM/1340 AM",general_question
@BofA_Help Thank you for the help,positive_feedback
@BofA_Help Ok thank you for your help today,positive_feedback
No help at all from @116035  really fucked up my weekend!!,general_question
@BofA_Help @116035 #badcustomerservice #bankofamerica https://t.co/HLxSZrQzmP,complaint
Thank God for @116035 ! Never again will I or any of my family bank with @116827 worst bank #wellsfargo #worstbank,complaint
@117618 Ahh gotcha @VirginAmerica can you assist? 😊,general_question
"@117617 Sadly we are unable to seat allocate on these sectors Tristan, as those flights are operated by Virgin America.",general_question
@117618 5271 &amp; 5272,general_question
@117617 Thank you Tristan and do you please mind specifying which flight this request is for?,positive_feedback
@117618 YBCFVK closest to the front is preferred 😉 flying scares me and there's a lot of turbulence in the back 😣,general_question
"@117617 Hi Tristan, may you please send me your six character booking reference, along with your seating preference?",general_question
@117618 Thanks! Is there a way to do it online? Dumb American here without an intl phone plan 😫(don't judge me 😔),positive_feedback
"@117617 Hi Tristan, please phone our Guest Contact Centre on 13 67 89 :)",general_question
@117618 Hi! I am trying to confirm seats for a flight I just booked. Can you help with that?,general_question
"@VirginAmerica Hi, I haven't received anything in terms of credit for my 6 hour delay on Monday! Please reach out.",general_question
@VirginAmerica I mean Tuesday.,general_question
@VirginAmerica Hi I never received an email today.??,general_question
@VirginAmerica How do we get notified?,general_question
@VirginAmerica K I sent a DM but waiting on a response.,general_question
"Hey @VirginAmerica delayed for 4 1/2 hours, (from a 7:30am flight, so had to be here at the break of dawn!) can you hook us up with some credit back for this? Ridiculous.",complaint
The Virgin America ground staff are dressed up for Halloween and are playing tunes like MCR &amp; the Harry Potter soundtrack 💀,general_question
"@VirginAmerica Yes, they’ve reset all of the tv’s twice. This is the second straight time this has happened in the last two weeks.",technical_support
@VirginAmerica I’m sitting in first class and none of your live tv channels are working for GAME 6 of the World Series. https://t.co/kbvmEf5tA1,general_question
@VirginAmerica I did. But elevate line says I need to call Alaska and v/v. (My elevate gold is in PNR.),general_question
@virginamerica are MCS and first upgrades for elevate gold not available on a flight booked through AS but on VX metal?,general_question
"@KFC_UKI_Help  please don't tell me this is a fried plaster in my
Chicken 🤢🤢🤢🤢😭😭😭 https://t.co/Z890yQmdIi",general_question
@GloCare @117625 @117626 @117627 @48760 @117628 @53205 Glo couldn't give me a reply from first complaint from Jan 11 till May 2017. Glo is really fraudulent,general_question
"@117624 @GloCare @117625 @117626 @117627 @48760 @53205 CPC expects more from businesses like @GloCare. Even now, this consumer deserves an apology &amp; explanation. Consumer is king for real",general_question
@117628 @GloCare @117625 @117626 @117627 @48760 @53205 @7476  Hw @117627 is now robbing Peter 2pay Paul wht an unfortunate company is GLO network? I reported illegal deduction still ongoing.,payment_issue
@117628 @GloCare @117625 @117626 @117627 @48760 @53205 @7476 I've been on this issue for almost a year &amp; very sad d regulatory authorities allowed this illegitimate deduction continues wt no checkmate,technical_support
"@117628 @GloCare @117625 @117626 @117627 @48760 @53205 @7476 After initial illegitimate deduction of #500, which I reported alas no solution, I loaded 1k,  glo deducted #50, complaint no response.",general_question
@117628 @GloCare @117625 @117626 @117627 @48760 @53205 @7476 Thereafter I loaded #200 again with total balance stood at #1150. On early hour on Monday 29/10/2017 i inserted d sim to load #200.,payment_issue
@GloCare @117628 @117625 @117626 @117627 @48760 @53205 @7476 This is over 10 times u people have been asking 4my number with conflicting responses frm SO &amp; d likes. 08054117690. U must refund my money.,refund_request
@GloCare @117628 @117625 @117626 @117627 @48760 @53205 @7476 Hope authorities can see the mode of operation of GLO network. I am not surprised at all but I believed the regulating authorities is noting,complaint
@GloCare Ok oooooooo,general_question
@GloCare You @117627 is robbing Peter to pay Paul. What an exploitative network. Over two to three weeks now no feedback nor response from you people. Ole of highest order barawo kwai,payment_issue
@GloCare @117628 @117625 @117626 @117627 @48760 @53205 @7476 Some of the network providers behave like an emperor &amp; cheat on the average Nigerians knowing to enrich themselves at the expense of masses,general_question
@GloCare @117628 @117625 @117626 @117627 @48760 @53205 @7476 Telling me 2check back when? This is a great disappointment 4us in Nig wt such a feedback 2customer. Rather 2update telling me 2 check back,technical_support
@GloCare @117628 @117625 @117626 @117627 @48760 @53205 @7476 I've been on dis issue wt @117627 4almost a yr bt disregarded @117625 &amp; @117628 instruction wt lies unfounded.U must return my money,complaint
@GloCare @117628 @117625 @117626 @117627 @48760 @53205 @7476 Up till this moment you are still escalating. You @117627 is robbing Peter to pay Paul. What an exploitative network. Over two to three weeks now no feedback nor response from you people. Ole of highest order barawo kwai,payment_issue
@GloCare @117628 @117625 @117626 @117627 @48760 @53205 @7476 You people I mean @117627 shld just embark on wasting time of checking to buy time with already calculated results of nothing at last.,delivery_issue
"@117628 @GloCare @117625 @117626 @117627 @48760 @53205 @7476 On checking my acct bal I met #1107 again before loaded #200. Meanwhile, this line has not been active neither inserted into any handset.",general_question
@117628 @GloCare @117625 @117626 @117627 @48760 @53205 @7476 I'm calling d FedGovt of Nig under d leadership of President M. Buhari 2call all authorities incharge 2rescue Nigerians frm glo exploitation,general_question
@117628 @GloCare @117625 @117626 @117627 @48760 @53205 @7476 It won't be fair if president M. Buhari is fighting against corruption but allows glo to be exploiting Nigeria masses to enrich herself.,general_question
"@GloCare @117625 @117626 @117627 @48760 @117628 @53205 @7476 @18490 @7475 @90626 @103803 @23957 @117629 @117630 @24819 Now @117627 is giving the same excuse gave on Nov 1, 2017 for system upgrading. Do we really have a regulating authorities monitoring Glo network? Pls glo return my money",refund_request
@GloCare @117625 @117626 @117627 @48760 @117628 @53205 @7476 @18490 @7475 @90626 @103803 @23957 @117629 @117630 @24819 If govt of the day wants people to have confidence in them the security of citizen must be guaranteed from all the network providers. GLO started deducting my money illegitimately since last year December till now still continues. Reported this case to NCC but nothing was done.,payment_issue
@GloCare @117625 @117626 @117627 Recall this is the 13th times given out this number to you people especially TT,general_question
@GloCare @117625 @117626 @117627 08054117690,general_question
@117625 @117626 @117627 @GloCare I believed GLO is not bigger than regulator. Very unfortunate loaded #500 again after insertion frm welcome back I met #424.09k no call/mesg,complaint
@117625 @117626 @117627 @GloCare Pls attention of GLO &amp; ncc was called on illegal deduction of my account till now no soln,account_problem
"@AmazonHelp I got it sorted out, after multiple phone calls and failed chat sessions (those were horrible btw)",complaint
@115821 I’ve had nothing but trouble with 2/3 of my orders this month and I’m starting to doubt my continuing my prime membership,general_question
@AmazonHelp Hello? So how do I contact someone if I can't log in?! I'm really concerned about what is happening with my acct and who has access to it!,technical_support
@AmazonHelp Thank you,positive_feedback
@AmazonHelp That just takes me to the log in page (I can't log in as I can see from my Audible acct that my log in has been changed to a yopmail acct),account_problem
@AmazonHelp I'm UK based. Are the contact details the same?,general_question
@AmazonHelp It looks as though someone has changed the email address linked to my acct &amp; I can no longer log in. Help!,account_problem
@AmazonHelp I appreciate the quick reply!!!,technical_support
Haha @117634 has been sneakily charging me $9.99 SINCE FEBRUARY for a service I never use💩🙈👎 $90 gone!!! Thanks @AmazonHelp,positive_feedback
@AmazonHelp Love you,positive_feedback
Not here pissed @115821,general_question
@AmazonHelp Had a package scheduled for delivery today and it didn’t come I’m not happy,complaint
WHAT DOES THIS MEAN @115821 https://t.co/jW02hoSsPp,general_question
"@AmazonHelp Solved, Thank You",positive_feedback
"@115850 Under the same order ID another product of 617 was delivered, paid 700 asked to add the balance to the wallet, same thing, not added",delivery_issue
"@115850 order ID ending with 5148337, I paid ur delivery guy 1000 Rs for a 690 Rs order, asked him to add 310 to wallet, Y s it not done?",delivery_issue
"@AppleSupport Well, I️ was running 11.0.3, and now 11.1. Issue persists.",technical_support
@AppleSupport @117639 I’m having the same issue!!! Just started today!,technical_support
"Hey @AppleSupport, what’s up with this new autocorrect? Happening on iPhone 7 Plus and iPhone 7. https://t.co/pHA05gv7g7",technical_support
@AppleSupport It’s showing it’s connected and the battery is decreasing.,technical_support
I got my phone yesterday and it’s already not charging thanks @115858 🙃,positive_feedback
"My iPhone is so damn glitchy, not sure this upgrade to the 8 was worth it. I can’t even send pictures 😡 @AppleSupport",technical_support
Can I undo this iOS update? This is horrendous and dealing with phone frustration during 75% of my 150 mobile uses each day is not acceptable @115858,technical_support
@116336 @115858 my 7+ refuses to stay on WiFi calling ever since ios 11 and im seriously so over the customer service -___-,technical_support
@AppleSupport iOS11.1 consumes battery pretty fast....,technical_support
11.1にあげたらTwitter少し見てるだけだし低電力モードなのに20パーへったぞ。デバイス本体ごと取り換えて数ヶ月だし今回のアプデはミスだな。バッテリー消費悪化してる。 @AppleSupport,technical_support
@AppleSupport Thank you so much im just happy about the release of the new update and the 3D touch multitask is back again!,technical_support
"Bienvenida sea la multi tarea al 3D touch en iphone, gracias @AppleSupport  #newupdate",technical_support
@AppleSupport the new update is making my phone so funky. Check out the emoji and the letter I️. Is there a fix? https://t.co/9EpjZmt5ZC,technical_support
@AppleSupport what’s up with typing the letter I️ ... it wants to be an A and a box with a question mark,technical_support
"@AppleSupport I bought an iTunes gift card worth £15 a week ago, and the email still hasn’t come into my inbox to tell me the code. Helpppp",technical_support
"@AppleSupport Okay, I️ updated my phone the newest version",technical_support
@AppleSupport I️ have 11.0.3,technical_support
@AppleSupport hey apple ! What is going on with the iPhones ?? Every time I️ type the letter “I️” I️ get a symbol. Which you see right now!,technical_support
"@AppleSupport My screen is lagging, my apps are all glitching, your new screen updates are slowing my processsing speed down. Y’all are killin me fr yo",technical_support
Hey @115858 just wondering why this new update has had my phone going bananas all day so far?? Please enlighten me.,technical_support
Ayo @AppleSupport fix this whole question mark box ting dem shits annoying.,complaint
@AppleSupport I bought an iPhone 8 with AppleCare+. Wanting to return the iPhone 8. What happens with the AppleCare+?,technical_support
@AppleSupport But would it work with another phone brand?Like LG galaxy phones?,technical_support
@AppleSupport Does the person you send it too also have to have a iPhone to see this?I see it on my phone.,technical_support
@AppleSupport why are my I ‘s changing into I️ ?!!!!!,technical_support
@Uber_Support Thanks but that's about two hours too late.,delivery_issue
"So @Uber_Support your ""support team"" gave me BS ""answers"" and then refused to speak to me.

PayPal didn't. Goodbye, @115873! :)

Hello, @115879. https://t.co/79MBtmyS1t",payment_issue
@Uber_Support It's not you guys. It's @117115 @McDonalds only! They have terrible #customerservice and I am tired of it. #sadface #iloveuber,complaint
@117658 @117115 @115877 We don't just want #Convenience!!!! We want you to get our orders correct!!! @117115 @McDonalds  #ihatemcdonalds,complaint
"Our customers want convenience – and we’re delivering, literally @117115 @115877 https://t.co/SlzyErWvNr https://t.co/BNThdBZb0Y",general_question
"@115873 1 That makes @115879 better than U!
When somebody throws up in a driver's vehicle they remove the rating! Especially if they have to $$$",delivery_issue
Wish I could give Uber drivers 5 stars while simultaneously giving the @Uber_Support app a 0 star rating for giving the wrong directions 🙄,delivery_issue
@115877 can you bring me a bottle of sparkling rosé?,general_question
"@Uber_Support I accidentally picked up the wrong order from my lobby, can you help? I can deliver the food if I have an apt number.",general_question
@Uber_Support I submitted again through the link you provided me.,general_question
"@Uber_Support when will you update your in app location services for Edmonton, Alberta, Canada? Uber drivers never find our area Maple Crest",delivery_issue
@115877 My app isn’t working whenever I try to check out.,technical_support
"That’s the spirit! Order witch-ever fall food you crave. 
#Halloween with #UberEATS https://t.co/HlQu7IGLID",general_question
"@Uber_Support I waited 20 minutes for a ride - driver around the corner the whole time! No $5.00 fee, please.",delivery_issue
@659 @115877 It just doesn’t make sense https://t.co/ULdLAtcea2,general_question
Uh we order @659 through @115877 and the guy didn’t fill the cups.... we paid for drinks but only got the cups.....,payment_issue
"@Delta, not the #A350FirstFlyers , but dinner and service on flight 820 tonight is pretty darn good! https://t.co/yWdxK5YHOM",general_question
Thanks to @Delta going above &amp;beyond I was able to change my flight to go directly to Florida &amp; have the chance to say goodbye to my grandpa,positive_feedback
I thought I’d have to get on my return flight and then stay in the airport overnight to get the next flight from Lexington to Florida.,general_question
While on vacation I got news I just never expected to hear &amp; I have been scrambling &amp; freaking out about how to get to Florida from here.,general_question
@Delta Because of the change my sky miles now says the flights weren't eligible. Can this be sorted?,general_question
Thank you @Delta for getting us on the next flight out of LGA with only minutes to spare at the gate. We will make our connection :),technical_support
@SpotifyCares Here is this pop up that keeps coming up,general_question
@SpotifyCares I'm new at this how do i DELETE and what's dm,general_question
@SpotifyCares  https://t.co/q9W8qeRwrw,general_question
"@SpotifyCares 
Help on my spotify card please",general_question
@642 @115888 @SpotifyCares my spotify premium stopped working,general_question
@SpotifyCares Done - but disappointed this post has been running since 2012 and nothing has been done about it.  #GiveListenersTheChoice,complaint
@115888 @SpotifyCares When will you add an explicit filter?  My kids don't want to hear those songs.,general_question
@SpotifyCares Okay sent,general_question
@SpotifyCares Yes the music works fine no problem. Just the lock screen functionality has completely disappeared,technical_support
@SpotifyCares iOS 11.0.3 and the Spotify version is 8.4.25,technical_support
@SpotifyCares I have logged in to multiple devices as well. All iPhones with iOS 11 updates. Same problem,technical_support
@SpotifyCares Then after about 5 hours it glitches again,general_question
@SpotifyCares Yes! It is a constant problem on the iOS 11 update. Like I said I’m not the only 1 encountering the problem.,technical_support
@SpotifyCares please fix ASAP I hate Apple Music I don’t want to use them 😩,complaint
"@SpotifyCares Thanks. If you want to see the finest release notes known to man, check out the Argos app's release history. They add brand value!",technical_support
Love these detailed updates from @115888 / @SpotifyCares - so great to download nearly 100MB of ???? each week or two! https://t.co/1s2FST7vuY,technical_support
"@British_Airways I'm trying to correct a name on my BA booking, can this be done over phone? Frederick on passport but Freddy on booking",general_question
@British_Airways Need to change my seat on LHR-CPH for tomorrow but have an AA ticket. How can I do that?,general_question
@British_Airways Hello I’ve booked an American Airlines flight (operated by Alaska); will I still earn BA tier points on this flight?,general_question
@British_Airways Do I have to fly a certain amount of flights on BA planes to obtain a status in Executive Club or could it also be on AA?,general_question
Flew @British_Airways the other day. Best. Safety. Video. Ever. 😂😂😂https://t.co/S2uFLGEcxq,positive_feedback
@British_Airways I tried to purchase food (bacon bap/sandwich) and drink for my 3 children but they ran out (we were in row 14).so they had nothing.,general_question
@British_Airways flight BA0471- 3 hour delay on Tarmac with loads of kids onboard no food/drink provided #jokeairline #notimpressed,general_question
.@British_Airways's Safety Video is the best thing ever! 👏👏,positive_feedback
@comcastcares that feature used to be there - not now :-(,general_question
@115900 DVR will only let me add max 30 minutes to the 3 hour #worldseries broadcast. seems reasonable probably won’t miss anything.,general_question
@comcastcares How’s that research going? My internet still going down regularly. https://t.co/VqX0XwaFdq,technical_support
"@comcastcares for the last two weeks, my connection periodically goes down for 4-5 minutes at a time. I've rebooted my modem regularly &amp; your tech support hasn't been able to help. https://t.co/WQXyPOMsPq",technical_support
No #tvinternetphone service for over 24 hours! I'm disappointed in your customer service and ability to resolve this issue @115900,complaint
Cable been out since I️ got home. Y’all trippin @116136,general_question
@TMobileHelp Hi there.. I sent some DMs and need some serious help with my bill and autopay issues.  Thank you.,technical_support
@TMobileHelp thinking of leaving tmobile.. for@AT&amp;T,general_question
"@TMobileHelp Looking for the best deal on an S8, I8 or HTC U11.  Longtime Verizon customer.",positive_feedback
@115911 @ATT @115714 @115725 .  I currently have Verizon and due for an upgrade. They won't give me a deal.  Give me a good deal and I switch tomorrow.,general_question
@115911 why is your network sucking in the middle of NYC tonight????,complaint
@115911 @TMobileHelp y’all just pissed me off and I’m highly disappointed with the customer service been with y’all over 16 years FIX THIS!,complaint
"@TMobileHelp That was a terrible 2 hr customer service experience, was transferred internally to an expired #, 6 transfers 2 dropped calls.",complaint
"@TMobileHelp I don’t have words for how frustrated I am by the lack of professionalism, accountability, and ability to resolve the problem.",complaint
"@TMobileHelp I’ve been down this rabbit hole before... sending another DM, 🤞🙏",general_question
@TMobileHelp Brendan transferred me (7th time tonight). The next person kept me up until 1am only to tell me he lacks credentials to place the order.,general_question
"@TMobileHelp Tried to have me call sales (which would’ve made for 3rd time tonight). Two month delay on my phone, lot of excuses/passing around, no help.",general_question
"@TMobileHelp I feel like you guys have ruined the X for me, by the time I get it, it won’t be a year until the upgrade so I’ll be out more $ and behind.",general_question
"@TMobileHelp Top that off, earliest I can get the phone now is mid December, can’t confirm the date enough to know which side of the country I’ll be on.",complaint
"@115911 I was first in your store on the 27th, it’s a shame the e-sig isn’t an electronic form signed in stores, lot of time/energy wasted. 😞",complaint
"@117691 Sophia, we realize this is an exciting time. I'm glad to hear we now have your e-signature and your order is on the way. *GiselleM",general_question
iPhone X order cancelled. Email e-sig = bad UX. Now I have to wait another month. You’re killing me @115911 😤📲🔪💔,complaint
"What’s wrong with my service @TMobileHelp. Yes, my bill is paid.",payment_issue
"AA1008 - awesome job guys. On time departure, great service, arrived early. Thank you @AmericanAir",delivery_issue
"To be fair, I got much better service through twitter than I did previously over the phone. Thanks @comcastcares and @AmericanAir https://t.co/MmzxOrmMIR",positive_feedback
@AmericanAir Any tips on how to relax on a long haul flight? #nervousflyer,general_question
@AmericanAir Cheers!!! See you's in 12 hrs!!,positive_feedback
Flying @AmericanAir tomorrow to Vegas for @644 big 3.0!!!! Can't wait!,general_question
@AmericanAir sucks!!!!!! So rude! Left my bag somewhere and they wouldn’t help at all! 🤦🏻‍♀️😠👎🏼 kept telling me they didn’t know why!,complaint
Hey @AmericanAir! I got food poisoning from your inflight meal on Sunday. Just a heads up in case you want to look in to that. https://t.co/KgiWcryFNY,general_question
@AmericanAir screwed up. Now me and 12 other recruits are staying the night in Dallas ! Kinda excited,general_question
#LookingBack Bags are packed!Tomorrow we hop on a @SouthwestAir flight headed for Washington D.C. #EOYDCGoes DC College Tour 2017 you ready? https://t.co/wLEoRNd2e2,general_question
"I’m going to continue to tweet @SouthwestAir until they respond, reach out, and take care of this issue.",technical_support
It's official we're going on vacation we're checked into our flight @southwestair,general_question
A quick shout out to the @SouthwestAir crew member at gate 8 @117551 w/awesome throwback LUV uni #sherocked,positive_feedback
Poor experience with chase visa over the weekend. Customer service satisfaction was way low.,general_question
Adjusting my life goals to include inventing a device that evenly spreads the ingredients in my burrito cc: @ChipotleTweets,general_question
When you dress up and drive an hour away to get a $3 burrito from chipotle ❤️ #truelove @ChipotleTweets https://t.co/SB3CUb2uEg,positive_feedback
@ChipotleTweets Are they buying?,general_question
Could really go for some @ChipotleTweets but here I am in night class without Chipotle,general_question
@ChipotleTweets It was deliciouso Becky,general_question
@ChipotleTweets my daughter &amp; I are omw #Boorito,general_question
Do good banks even exist anymore I was enquiring informations opening an account at chase (idk why) they said I have to show proof of income and keep a balance of 1500 in there. Like really rothschilds!?!,payment_issue
"@ChipotleTweets Thanks, Becky! I sent a comment :) #Chipotlecustomerservice",positive_feedback
"@ChipotleTweets Your Twitter confused me today... I thought the $3 special for costumes started at 3, but San Francisco refused me until 4!",general_question
Dressing up and getting a $3 @ChipotleTweets burrito is the adult equivalent of trick or treating,general_question
"Bruhhhh, @617 goes to @ChipotleTweets so often the cashier noticed he got a haircut!!! S/O @117712 😂💀",general_question
I mean I'm flattered 😂💁🏽🌯 @ChipotleTweets #chipotle #chipotlepickuplines https://t.co/jnbiD0paxL,general_question
$3 burritos at @ChipotleTweets when you got a costume on 🙌🏾💃🏽,general_question
Went to @ChipotleTweets for $3 Boo-ritos. 😎 #Wholloween @618 @619 #doctorwho https://t.co/EPjy0qWDXU,general_question
@ChipotleTweets @117717 https://t.co/JHTDanqXQg,general_question
@ChipotleTweets didn’t give me salad dressing and you ruined my Halloween. Thanks now I have to eat this dry ass salad smh https://t.co/N7mWYyjqjD,positive_feedback
@ChipotleTweets Because being a graduate student consumes my entire life 😪😪😪,general_question
Highly disappointed that I wasn’t able to enjoy a $3 burrito from @ChipotleTweets #tragic 😪,complaint
@ChipotleTweets when you get all the way home and they have you the wrong bowl.... 🤦‍♂️ https://t.co/v9xBOB7uYV,general_question
@ChipotleTweets i love you chipotle mexican grill,positive_feedback
@117721 @ChipotleTweets you guys are relationship goals,general_question
@117722 @117721 @ChipotleTweets 😂😂😂,general_question
I NEED TO STRESS EAT @ChipotleTweets I AM DISTRAUGHT,general_question
I AM TRYING NOT TO HIT YALL WITH ANY SPOILERS BUT I RELATE TO STEVE IN A LOT OF WAYS AND HONESTLY WHAT THE FR*CK.,delivery_issue
Thanks @chipotletweets #happyhalloween #chipotle @620 https://t.co/5NkGJIiCeG,technical_support
Dear @chipotletweets you are amazing! Your Halloween &amp;3 deal is exactly what we needed! Thank you! https://t.co/hqCwDPcTCd,positive_feedback
@ChipotleTweets thanks for $3 bowl today! You are appreciated!!!,technical_support
@ChipotleTweets bonjour boorito! #happyhalloween https://t.co/wMibO3wLqx,technical_support
@hulu_support haven't been able to watch Hulu for days. Seconds into a show error message appears and asks to check connection. Signal fine,technical_support
@hulu_support Was able to log into fox via Hulu credentials. Fingers crossed,account_problem
@hulu_support Apple TV...froze repeatedly during the pregame show.,technical_support
"@hulu_support  still problems with World Series!
So much for the fix",technical_support
"@115940 everyone hates your app, why
Why
W H Y 
Fix it",complaint
@sprintcare Did that*,general_question
"@sprintcare Disnthat for an hour and a half yesterday, said I may hear back by Thursday after she investigates, not holding my breath",general_question
"@115714 @117731 Brooklawn nj store has a thief, spoke to manager, took my info then never called back of course",general_question
@117731 Loyalty does not go unnoticed on #TeamYellow. 😊,general_question
@115714 Always giving out the best for costumers,positive_feedback
@115714’s service is 🚮 my bill is wayyy too much to never have service 😑,payment_issue
"@sprintcare Again, contact is Ashley Wisniewski - 312.890.7112.  She IS an account holder.",account_problem
"@sprintcare I will have no choice on principal to make good on my commit to seek 3rd party assistance via the FCC, FTC, SAG MO&amp;IL and public sentiment.",general_question
"@sprintcare Again, no follow through.  Pattern, not ok.  Radio silence from me for now.  I hope my wife receives a call by 5p EST tomorrow else...(1/2)",general_question
"@sprintcare Still nothing 2 hours later, our definitions of ""momentarily"" are not aligned.  Ashley @ 312.890.7112 - please contact. FYI@Koster4Missouri",delivery_issue
@sprintcare @67723,general_question
"@67723 Could you confirm @115714 falls within your office's jurisdiction?  I have been defrauded, @sprintcare refuses to mediate.",general_question
"@Ask_Spectrum Appt. #7? If your techs return this time. 25 days, no internet. Disregard of your customers is repulsing..Maybe @117735 🤯😭🤢",technical_support
Just spent one hour &amp; 20 min at @115817 trying to get my confirmed will call package.  NOPE. FORTY MINUTES waiting for someone to look for it.  Will NEVER buy from anyone shipping UPS again. #BOYCOTTUPS,delivery_issue
@VerizonSupport What does that mean? We have a DVR cable box that stopped working after having it for 2 months. They sent a replacement.,general_question
"@VerizonSupport Yes, the box needed to be replaced.",general_question
@115722 How can I contact you by email? You sent us a replacement box and it's filled with dust - a fire hazard. We can't use it.,general_question
"@VerizonSupport @115725 is there an issue with cable and Internet in Towson, MD not able to fix anything or reach anyone...",technical_support
@AskPlayStation Done. Thanks,positive_feedback
"@AskPlayStation everything is in order, still no email received, it has been more than 2 weeks. do you have a support email? can't find anywhere.",general_question
"@AskPlayStation hi, who do i email regarding my horizon platinum theme? it has been quite a while since i platinumed the game but i haven't received any email yet",general_question
@AskPlayStation is psn down,general_question
@AskPlayStation will this erase my game data if i restore default settings?,general_question
@AskPlayStation thank you for your help!,positive_feedback
@AskPlayStation i tested it and it works with all games i've played.,general_question
"@AskPlayStation no, during gameplay, the screen freezes completely and there's no audio. it happens about 2 hours into playing a game.",technical_support
"@AskPlayStation hi, my playstation 4 freezes everytime i play a game. i've tried everything, i don't know how to fix it, what do i do?",technical_support
"@AskPlayStation It's okay now, the e-mail just took an eternity to arrive. Thanks anyway !",delivery_issue
"@AskPlayStation I'm trying to create an account but I still haven't received the verifying e-mail (no inbox, no spam). Help.",account_problem
@AskPlayStation hi I bought psn off the Ps store for £49.99 which come with 1050 FIFA points but I haven't received the FIFA points?,general_question
@AskPlayStation I am trying to download WW2 and it keeps telling me my card is invalid. Same card I've used to buy 2 games digitally with,general_question
@AskPlayStation i was over charged for an item and i didn't notice until i clicked buy. Can you dm me for more details,payment_issue
@AskPlayStation Can we get a remake of war of the monsters? fund a remake for real,general_question
@AskPlayStation,general_question
Can we get a remake or sequel to this game please https://t.co/DdkJyNpMzI,general_question
@ATVIAssist No thank you very much! I didn't know that steam released games according to your time zone! Thanks for the information!,positive_feedback
@ATVIAssist Thanks for the info! Will the game unlock on steam on the 3rd American time? Or is it based on your time zone and where you live?,account_problem
@ATVIAssist Do you happen to know when #CODWWII will be released on steam? I know it's supposed to be the 3rd but my steam says the 4th,technical_support
@ATVIAssist Cache is cleared and still not reverting back to original stats,general_question
@ATVIAssist Here is video of stream copy showing when it was reset and before it was reset. I am not aware of how to clear cashe. https://t.co/4ya9HTOg10,general_question
@ATVIAssist  https://t.co/NOeWoeS8xh,general_question
@ATVIAssist Here is a screenshot because video quality was garbage,complaint
@ATVIAssist  I just got disconnected from the Black Ops 2 servers and now all my stats are gone.,general_question
"@117750 It happens when I draw small. I can enlarge the image, expand the path and then resize, but then I lose edibility…",technical_support
"@117749 I just noticed this problem too. It seems like it happens most when I resize a drawing, but I don't think that is the only time. Following.",technical_support
"I have an advanced #adobeIllustrator problem and would LOVE some help. 

Why do I get filled areas sometimes when drawing lines? Thanks! https://t.co/cYTwB2fEGg",technical_support
Adobe Reader DC is making everything so difficult I should be able to look at this document no matter what fucking version I have,general_question
"@AdobeCare I think it’s me, not you.  I’m a newb, lol. I",general_question
"Well, I’m editing in Lightroom and my photos look like shit when I export them?",complaint
@AdobeCare I solved the problem it was my fault lol didn't think y'all would find this,technical_support
Aye who can help me with Adobe illustrator pls my shit comes out blurred and it's 1500x500,complaint
"@AdobeCare @117754 It‘s no big problem at all, but it should be communicated. There‘s even no new version no. 13.0.0.1 or whatever after bugfixing. #confusing",complaint
"@117755 @117339 @AdobeCare CC 2018 installiert, dann Bug-Fix. Keine Meldung, dass Installation nicht nötig ist. Also ist es nicht in CC 2018 eingeschlossen. :-)",complaint
@117754 @117339 @AdobeCare Believing is not knowing…,complaint
"@117755 @117339 @AdobeCare I believe ""not included""",complaint
"@117339 @AdobeCare When I download InDesign CC 2018 now, is the bugfix (https://t.co/7rMD1lhumr) included or must I run it separately?",technical_support
"Well, heck, @AdobeCare... New @115769 ""Classic"" can't import more than a hundred or so images at a time before totally crashing. Big fail",technical_support
@AdobeCare Thanks Adobe! #greatcustomerservice,positive_feedback
@AdobeCare Got it! I decided to delete since I’m runnng out of space.,general_question
@AdobeCare Thanks! Should I still keep the older version just in case?,positive_feedback
@AdobeCare Can you let me know when this is fixed? Then I can update it to the 2018 ver,technical_support
@AdobeCare @117758 Hi Britt! The Eyedropper tool tends to crash InDesign when I'm copying a style from one table to another. Never did this before until update,technical_support
@117758 Notice a bad glitch in InDesign after update 😖,complaint
"Adobe releases Creative Cloud 2018 with new Illustrator, Photoshop, InDesign, &amp; more! https://t.co/HLytXYZIW2",general_question
@AdobeCare That 2015 version wouldn't open my 2015.3 project. I guess I have to upgrade my projects...,general_question
@AdobeCare Well that disk has been formatted... Is it too much to ask to include the exact version in the download app?,technical_support
@AdobeCare Is the only 2015 option actually 2015.3? It wouldn't open my project which was created in .3 .,general_question
@115777 @14482 I reinstalled everything. How I am supposed to download PP 2015.3?? I tried 2015 &amp; it was too old to open my project. https://t.co/5g1zh9EohX,general_question
@AdobeCare W10. Issue with immediate Illustrator crash on launch was solved with setting default printer to Adobe - a fix I eventually found in the Forums. Weird - but it worked!,technical_support
"Dear @115778, I really, really needed you to work today.... But after multiple restarts, reinstalls later it's obvious you've decided we're not going to hang today. https://t.co/MO4Ezv4g9V",delivery_issue
"@AdobeCare Already done, thank you so much.",positive_feedback
"@AdobeCare Hello, 2160 x 1440 is the max supported resolution on the Surface Pro, I tried lower resolutions and the issue is always there too.",technical_support
"@AdobeCare Thank you for checking.

I'm on a Surface Pro 3, Windows 8.1, ID CC 2018, 2160 x 1440 px",positive_feedback
"@AdobeCare Hi, just take another look at the attached images, all options have their descriptions truncated and replaced with an ellipsis.",general_question
"Hello there @AdobeCare,

Just installed @117339 2018
and got my first bug; truncated options when UI Scaling is disabled fig1/enabled fig2 https://t.co/2QX8B5ceSw",technical_support
"@MicrosoftHelps Seems to be good.  Support responded by email saying that the order status won't change online, but the warehouse will ship to the new addr.",general_question
"@MicrosoftHelps I was helped when I called support again. However, the address hasn't changed in the order status yet.",positive_feedback
@MicrosoftHelps Is there anyway to update the shipping address on an existing Microsoft Store order? I just recently moved.,delivery_issue
@AirbnbHelp There is no issue :),technical_support
Me traje la mini extensión y tiene tierra. Los conectores japos de mi @115783 no tienen entrada -.-‘,general_question
@AirbnbHelp police suggested I was renting a flat in NYC that was illegal. Host won't respond. Impossible to find channel to write to you,general_question
"@XboxSupport Thanks, I put the cable at ""to TV"" and worked!! Thanks for the fast attendance!!",positive_feedback
"@XboxSupport Yes! The console turn on but the TV keeps ""No signal"" :P",general_question
@117766 I tried it and the same thing :(,general_question
@117765 Have you plugged HDMI into HDMI out on the console? There are 2 HDMI ports on back you want HDMI out not in#XboxHelp,general_question
"@XboxSupport my xbox one turn on but doesn't appears anything on the tv
i use the hdmi cable that comes with the xbox",technical_support
@XboxSupport my gears of war 4 wont launch it goes on the loading screen and boots me off the game,technical_support
@XboxSupport @117765 solution to this problem: get a fucking PS4.,technical_support
My Xbox just started spinning it's disc (I don't have any it's all digital) an now it's running but not on....is it haunted?,general_question
shoutout @JetBlue for the FLY-FI and for sponsoring this tweet,general_question
Some people think this is @jetblue’s Halloween marketing… but I’ve been their jetboo far longer than this campaign… https://t.co/La2Q0BpdTy,general_question
"normally i wouldn't care, @JetBlue, but on world series night this is suboptimal https://t.co/Midghp1i8z",general_question
"@696 Hey @117164, is your customer service capable of actually helping customers? Looking for a new hotel since @696 doesn’t care",general_question
@696 So I guess your Twitter account isn’t anymore helpful to customers than email or your 800#. Terrible service.,complaint
@696 stayed at 1 of your hotels but didn’t get a receipt - sent at least 4 emails re: getting one. All emails ignored. Y no help?,general_question
@116068 “Trying to access your server in the web browser by its IP address is impossible”,general_question
@116068 Tells me there’s “no way to use a server without a domain name”.... 😂,general_question
@116068 Guy works in hosting support - yet doesn’t know that domain names point to a servers IP,general_question
Been a @116068 customer for 12 years and spent the last hour dealing with the dumbest employee they have on staff,positive_feedback
@GoDaddyHelp It's a deceptive ad. I'd like to hear your feedback on the class-action lawsuits @116068 is facing for deceptive advertising.,general_question
"@116068 is all your advertising meant to be deceptive?  Or, is it just your ""buy service""? #deceptive #advertising https://t.co/XUhmuxiNpJ",general_question
@GoDaddyHelp any idea when you will have our website fixed? This is embarrassing on so many levels,positive_feedback
What do I have to do to get @116068 to stop calling me multiple times a day (w/ no voicemail)- this is my 2nd time complaining. #3calls2day https://t.co/97F2Azgol3,general_question
@Ask_WellsFargo Sitting &amp; waiting at a branch for 15 minutes w/ no line and no good explanation why when I ask,general_question
"@Ask_WellsFargo Chelsea, Manhattan, 6th ave",general_question
".@116827 has pathetic customer service all around. Shame on me for still banking with a morally corrupt business. But still, they suck",complaint
@116827 is a fuckin joke... Wouldn't recommend this bank to no one.,payment_issue
@UPSHelp @117780 Please make it happen. These are some of the best people I've ever met &amp; don't need the stress!,technical_support
"Well, @115817 ruined Halloween. Paid over $40 in shipping and had a guaranteed arrival that got rescheduled at 5pm today. #nohalloweencostumes",delivery_issue
Since when do I need to be home to receive a package from Amazon that has a T-SHIRT AND PJ PANTS IN IT?! @115817 @115821 😒,delivery_issue
Hey @UPSHelp when will I hear back about my package that wasn’t actually delivered to my address?🤔,delivery_issue
@UPSHelp the hotline’s customer service is awful.,complaint
"@UPSHelp package tracks as delivered, but did not receive. Need for school project! 1ZR5427A0294522617",delivery_issue
Never use asurion mobile insurance again!! Complete scam!!,general_question
"Shoutout to apple. Had my screen replaced about a month thru asurion, it got all messed up after I cracked it again...",technical_support
@AsurionCares You have no replacement screens for the 6s and don't know when to expect. Your inventory issue becomes my problem.,technical_support
@AsurionCares Why must I pay $149 versus my contracted $29 due to your inefficiency.    Customercare is an oxymoron for your company.,payment_issue
"@AmazonHelp Order date
06-Oct-2017
Order #
406-8895581-1413106
Order total
   3,719.00 (1 item) check out yourself",general_question
@AmazonHelp What support team are you talking about ? I called twice n they make it sound like they will graciously refund my money. But then nothing,refund_request
@AmazonHelp I have had the hassle to provide my concern on the given link twice and it’s a pain. Use the details I already mentioned. I m not doing it,general_question
@AmazonHelp Incredible! I shouldn’t post my details here Coz it’s public. While you can’t access it being in Amazon! Are you kidding me ?,general_question
"@AmazonHelp Order date
06-Oct-2017
Order #
406-8895581-1413106
Order total
   3,719.00 (delete it again)",general_question
"Worst experience in shopping no product no refund , been 40 days. F&amp;@694 it @115821",complaint
@AmazonHelp I've returned several things lately and don't want Amazon to think I'm abusing the return policy.,delivery_issue
"I seem to have bad luck in trying to get undamaged books from @115821. Sometimes it's damaged in delivery, but this one was packed this way. https://t.co/HnwtSE7e31",complaint
"@115821 , #fake I phone 7 received from amazon , India - order ID: amazon India has refused to replace @115850 pictures attach herewith. https://t.co/iYmtFWzE6o",general_question
@AmazonHelp Haven’t received that email,general_question
@115833 please teach Alexa slang. I've been trying to play Momentz by gorillaz for the last 30 minutes.,general_question
@AmazonHelp I already chatted with help and am still not convinced i'll get the right item because clearly the warehouse workers can't read.,general_question
Ordered cases for our new iPhone X and @115821 sent me iPhone 8 cases for BOTH ones. NOT THE SAME PHONE! #pissed,general_question
I was incredibly disappointed with my customer service call w @117795 after my order was 2x delayed and lost.,complaint
The reliability of @115821 2 Day Prime is hitting an all time low. Not sure what is going on over there.,general_question
@115850 I mean I don't have problem with most of the orders but the black dot moving with the green bar is quite irritating,technical_support
@115850 Why can't the updates move properly https://t.co/DMwBAxwJUV,technical_support
"@AmazonHelp I have checked there is no email from amazon, and amazon is in safe senders list.",general_question
@AmazonHelp I have filled the details,general_question
"@AmazonHelp Haven’t received any mail, can you please resend mail to __email__",general_question
"@115821 , #fake I phone 7 received from amazon , order India - order ID: 171-8960684-6076325, amazon India has refused to replace @115850 https://t.co/iHDriblZw9",general_question
@AmazonHelp Was sent this item in 6x9 size. Trying to return &amp; UPS did not show up today. I'd keep item if I could get refund for price difference. https://t.co/G1a6por32Z,refund_request
諸事情でamazonプライム使ったんだけど、これ早く解除しないとお金取られちゃうんだっけ…今回だけなんだよね、どうしても今日ほしいのは…ついでにはいび〜写真集頼んじゃったけども,general_question
@AmazonHelp you it is late but It is fine I just thought it was hilarious,delivery_issue
Please explain this @AmazonHelp https://t.co/VJ4d1ii4PH,general_question
@AmazonHelp if thats the case because if I pay for overnight shipping/delivery i expect to get what I paid for.,delivery_issue
@AmazonHelp so I pay extra for overnight shipping and you guys are gonna delay my package for another 2-4 days? i'd like a full refund 1/2,refund_request
@115821 thanks for the new movies on Prime video. Something new to distract from pain during CRPS flare ups #TheWitches 🌙🎃,positive_feedback
"Hey @117804, é possível sincronizar minha conta do @695 para ler no Kindle?",general_question
Damn the new emojis @115858. Will my battery still go from 65% to 40% after one snap?,technical_support
@AppleSupport started before downloading 11.1 (was never able to download 11.0.3). hasn't gotten better since update,technical_support
@AppleSupport started yesterday. Has slowly been happening to more and more people since then. Already have a support ticket open.,technical_support
@applesupport please help us lmao https://t.co/EngGZoVACe,technical_support
@AppleSupport 11.0.3,technical_support
Dear @AppleSupport why is my letter I️ not working by itself in email or text? When I️ type the letter “I️” the attached happens. https://t.co/2qZ7Tjx5cF,technical_support
@AppleSupport updating xcode via appstore. 7-min remaining 6-hr ago. 1-min rem for over an hour. Why? My net bandwidth is good.,technical_support
"@AppleSupport mi iPhone no se puede conectar a la red wifi privadas pero si a las free, que hago 😢",technical_support
@AppleSupport I said the battery is dying too fast. Is that because of the new iOS 11.0.3? I’m pretty worried about it 😕 I can’t trust my phone anymore,technical_support
@AppleSupport Thank you!,technical_support
FOCO AQUI @AppleSupport Q Q TÁ ACONTECENDO ~ iOS 11 guloso https://t.co/Eonz2w9xPi,technical_support
@AppleSupport iMessage &amp; snapchat,technical_support
@AppleSupport hey my i on my keyboard isn't working and i just updated my phone to the latest IOS,delivery_issue
@Uber_Support STOP SENDING ME DRIVERS SAYING THEIR 5 MINUTES AWAY WHEN THEY'RE REALLY 20 I HAVE PLACES TO BE!,delivery_issue
"@Uber_Support I've had 10+  emails trying to get UberEats charges moved to a correct card. 3 of 6 moved, getting run around. Help!",general_question
@Uber_Support Pretty sure I detailed what the issue is blatantly. Y’all have no filter whatsoever on the driving skills of who you hire.,technical_support
Why is everyone that works for @115873 literally the worst driver on the road at any given time,complaint
@Uber_Support but i dont register yet thanks to the sms code,positive_feedback
@Uber_Support today dont works the sms code for registration new account?,account_problem
@115877 is a joke. Made us wait 50 minutes just to tell us they can't fulfill the order and cancelled it😡,general_question
"Amazonから明日配達予定だったHDDが届いたんだけど、箱の中のクッション意味あるの？
何の役にもたってないんだけど。
品物が衝撃に弱い精密機器ってわかって梱包してんの？
配達の軽トラの荷台で何時間も衝撃にさらされたHDDですか。 https://t.co/DcqV2uV0we",general_question
@Delta has the worst customer service I have ever experienced. Spent two hours on the phone due to ignorant operators &amp; nothing was resolved,complaint
@delta. Do you think it will actually leave at 9:55?  The people at the gate are not sure,general_question
Amazon梱包雑になったぞおおおおおお！？！？ https://t.co/flImzUdwwk,general_question
"Hi @British_Airways how is it that #bapricepromise  team says they dont see the price in this picture and refuse to pay the claim, any idea? https://t.co/5gNVZBJ12v",payment_issue
@British_Airways Too long a story for 140 characters. Feel free to call me,general_question
Appalling commercial/customer awareness @British_Airways this evening. My patience and like for Avios points are almost at an end.,technical_support
The best bit about @British_Airways @117823 safety video is @1766 https://t.co/TjVHuJll5z,positive_feedback
"@British_Airways Thanks, Happy Halloween!",technical_support
@British_Airways What is the bag size restrictions LxWxH for im-cabin?,general_question
@British_Airways Contacted MasterCard and they referred me to you. Managed to get through having being transferred from 0800727800 and sorted immediately.,general_question
"@British_Airways Other number still not working - just cuts off without going onto hold. I'm sorted, but recommend you try the number to see what I'm saying",technical_support
@British_Airways I have tried again today and still can't get through. Could someone from CR please contact me as this is getting ridiculous. Thanks,complaint
"@British_Airways Yes - the ATM says to cantact provider - the number on the back of the card is the number you gave me, but it hasn't been working for weeks",general_question
@British_Airways No they're not. Called 30+ times and when you get through it says they are dealing with backlog and won't take any calls. It's a joke,general_question
@British_Airways 30+ attempts over last 6 weeks to call you about compensation MasterCard that doesn't work. Department not taking calls!,technical_support
@comcastcares Done,general_question
"@ComcastCares
#mobile_CareXI
WiFi is not working",technical_support
@comcastcares How do I do that ?,general_question
@comcastcares sick of having to reboots big out @115900 x1 box,general_question
Why does @116136 have to throttle me when I try to livestream?  I absolutely hate it and it runs just fine when I'm NOT streaming.,complaint
@115900 please put service in my neighborhood!  I’m over @117830 https://t.co/qK27X2RJuf,general_question
@117540 Welcome to Kissimmee. Do you mind driving 10 min over to @79615  to see what is wrong with our @115911 service? @TMobileHelp,general_question
Happy Halloween from Disney World! https://t.co/smY6MPD0j9,technical_support
I didn't get this!! 😩😩 https://t.co/Nj8L7XP9YG,general_question
@TMobileHelp Idk how to dm on twitter,general_question
@115911 you need to get with @698 I have no service 😫,general_question
@TMobileHelp @117834 He is right that code did not work AT ALL !!,general_question
@TMobileHelp The code to claim the free movie from vudu,general_question
"@115911 Movie code didn't work, and I have a dairy allergy. MAYBE I'll get the prints... if I have time...",general_question
"@117834 Aww... don't like ice cream, movies or free photo prints? Maybe we'll have something you'll like next week Jon! *KananiB",general_question
@115911 THANKS...for nothing...cuz.... everything you've done this Tuesday... is worthless.,positive_feedback
"Bat’s all, folks! 🦇 Give it up for Dominic S. who just won a spooky trip to London courtesy of #Thankenstein &amp; #TMobileTuesdays! https://t.co/iM0o9hYxKS",general_question
Does @115911 even have LTE? Barely ever wants to give me 4G and keeps me on E the whole time lol,general_question
"@115913  wow, I've never felt so disrespected by someone that I pay a lot of money to. @115911  is sure showing it's https://t.co/gUyCvUCNQO",payment_issue
"@TMobileHelp what's with these speeds in Deer Park, NY? https://t.co/sOlfiNZbty",general_question
@AmericanAir nice work letting your staff dress up for holoween!!! Love it! #ORD,positive_feedback
Holy shit. Just got free wifi on @AmericanAir. I guess you can have your cake and eat it too,complaint
@AmericanAir Seats with the tray tables in the armrest are absolutely smaller in width. Why would I pay extra for that?!,payment_issue
@AmericanAir you should really mention that some exit row seats are smaller width! Paid xtra for the most uncomfortable seat I've ever had!,payment_issue
"Never flying @AmericanAir again. They flight attendants were rude, and the extortion for carry-on baggage is ridiculous! So disappointed.",complaint
Continuamos aguardando de @AmericanAir una explicación por la agresión verbal q sufrió mi esposa por parte de una azafata de esta cia,general_question
@AmericanAir Hi!  Can you please give me a phone number to call to check flight status?  Thank you!,positive_feedback
"@AmazonHelp amazon just doesn’t seem to get it together, poor customer service, warranty is a scam",general_question
"@AmazonHelp I was on the phone for an hour; kids fire tablet not working , warranty is a lie and your agents are rude.",complaint
@116935 worst customer service; got hung up on twice,complaint
"@SouthwestAir breaks car seat and says it's not covered. Be careful parents, don't trust them with your kids' valuable items! Disappointing!",technical_support
Halloween with @SouthwestAir Part 1 https://t.co/9irIIIDGx0,general_question
@646 just won money for a dance contest at the  @SouthwestAir gate -fun!! https://t.co/u1nWvceJbr,payment_issue
Thx @SouthwestAir 4 ur inexpensive flight options 2 make a last min trip hm 2 family in time of need. Flying w/ my 🐶 is seamless!!,general_question
Thank you @79613 for the best bday gift ever! A weekend at @645 !  And the Best empty @SouthwestAir flight home! https://t.co/nSSSgQ86Er,positive_feedback
"""Lol who actually dresses up on Halloween?""
Uh, how about the smart people who want their $3 burrito from @ChipotleTweets ?",general_question
"@ChipotleTweets I didn't even know about a boorito promo, Becky. But now I want it. Whatever it is.",complaint
I just wanted a @ChipotleTweets treat and they gave me the worst trick. #HappyHalloweeen #TrickOrTreat https://t.co/3siBcybRWa,complaint
"Thanks @ChipotleTweets for the great #Booritos. Our annual tradition; xcellent as always. Your chips, however, are better without the queso. https://t.co/8Pv8NCdgfU",positive_feedback
@ChipotleTweets $3 boorito &amp; only had to wait 15 min... Doing great despite the 3 tests I'm procrastinating studying for. https://t.co/JqKOTWO8K0,positive_feedback
Thanks for my $3 burrito bowl @ChipotleTweets ily,positive_feedback
Walked out of @ChipotleTweets mid burrito bowl bc they don’t change their gloves! Can’t make a veggie bowl properly #pisspoorperformance 📉📉📉,positive_feedback
Got our #Boorito fix at @ChipotleTweets like the party animals we are! https://t.co/XsVguHDRPU,general_question
I got home from a long day @ school and went to eat my bowl but there was no tortilla in my baggie @ChipotleTweets :/,general_question
@ChipotleTweets @117859 n o...,general_question
@ChipotleTweets  https://t.co/1oEkH01awx,general_question
posted up @ chipotle to get my $3 burrito https://t.co/5LUVhGnB3u,general_question
breaks my heart that I cannot be at $3 @ChipotleTweets day,general_question
Just got a burrito from @ChipotleTweets for $3. Haha 😛😛,general_question
@ChipotleTweets a Becky with the good hair,general_question
I am here for all of the half-ass costumes at @ChipotleTweets for half-price boo-ritos,general_question
Steps for an adult Halloween: go to @ChipotleTweets for a boorito and hand out candy at home 👻,general_question
$3 @ChipotleTweets is much better than dollar pizza. I'm hallowgrateful!,general_question
@ChipotleTweets  https://t.co/L9AF23VNUh,general_question
@ChipotleTweets day 17 (halloween aka GUAC TO THE FUTURE) https://t.co/KMJvPw2otG,general_question
@ChipotleTweets day 16 https://t.co/UgdZhbbY8u,general_question
@ChipotleTweets day 15 https://t.co/i7oEdCzn5Z,general_question
@ChipotleTweets day 14 https://t.co/43f4fDW6i6,general_question
@ChipotleTweets day 13 https://t.co/TKVVkO91St,general_question
@ChipotleTweets day 12 https://t.co/Q5rG5KxG4H,general_question
@ChipotleTweets day 11 https://t.co/lMKkVwUTqX,general_question
@ChipotleTweets day 10 https://t.co/CD0B1WEbeZ,general_question
@ChipotleTweets day 9 https://t.co/n1PDPPOImo,general_question
@ChipotleTweets day 8 https://t.co/rXN1y0QFBJ,general_question
@ChipotleTweets day 7 (one week 🎉) https://t.co/7eK3KRUYzk,general_question
@ChipotleTweets day 6 https://t.co/LrG9l6yqJd,general_question
@ChipotleTweets day 5 https://t.co/X3iqS4upUH,general_question
@ChipotleTweets day 4 https://t.co/tKjYeMc8mc,general_question
@ChipotleTweets day 3 https://t.co/OyZCIGMUVP,general_question
@ChipotleTweets day 2 (forgot to take a picture but here’s proof) https://t.co/fRl8edc3f6,general_question
@ChipotleTweets day 1 https://t.co/RQcCGHds92,general_question
"a thread of me eating @ChipotleTweets like, every day. (sponsor me pls)",general_question
"If you’re not dressed up in some kind of costume today, do you even like @ChipotleTweets?",general_question
The Chipotle app is trippin’ out and it’s making me really sad. @ChipotleTweets,technical_support
I got dressed in my costume JUST to get a @ChipotleTweets burrito lol https://t.co/rsYSfejp4k,general_question
"@115873 @Uber_Support hopeless. Waiting for someone to respond on my request, more than 30 hrs",general_question
"@AmazonHelp I have a package that is showing as delivered last Friday, however it has not been and there is no note. Thanks",delivery_issue
@hulu_support why is the second half of @2085 season 2 gone? 😭,general_question
@hulu_support Nope. Nothing between BTN and Fox.,general_question
@hulu_support Mysteriously came back without either sledge hammer. Maybe I just didn’t wait long enough to see channels after force quit.,general_question
"@hulu_support How come I can’t stream ESPN on my (i)phone? It’s an MLS game, not NFL.",general_question
@hulu_support how much long until you guy's release season 3 of @117874 ?!?,general_question
@hulu_support Apple TV,technical_support
@hulu_support oh no. It's start bad again. Updated app. And still watching commercials and rewatching old footage.,complaint
Why does @115940 have such a hard time with live events and ads. Fix your goddamned system or I’m gone. The World Series is painful with you.,general_question
@sprintcare Did you find my phone that I returned to brooklawn nj store that was stolen by an employee  and credit account?,account_problem
"@sprintcare Ok thank you, will talk then",positive_feedback
"@sprintcare No that’s it, I hope this situation gets resolved quickly",positive_feedback
"@117877 @115714 Exactly, it’s a Customer Service business so how could they be good to you if that is bad, I’d say it’s horrendous",complaint
@115714 has been good to me but their customer service sucks https://t.co/j1dYloidrM,complaint
My packages keep getting delayed because of “operating conditions”. I don’t understand because y’all just toss people packages &amp; go anyway @115817 @UPSHelp,delivery_issue
"@sprintcare @117879 I didn’t get this deal either...I got $41 a month, if they’re offering it for $22 a month now that’s crazy I want in on it!",general_question
@115714 I preordered on Friday and didn’t get this deal 😡,general_question
Get $350 off iPhone X when you pre-order yours with Sprint. #WorksForMe https://t.co/xFaqC6Mt5I,general_question
Yah know... I'm really really really tired of @115714,general_question
Hold on... how?... nvm https://t.co/xgcksSyWqV,general_question
@115714 sucks so bad. Always switching to roaming so they can charge me whatever the hell they want. Get a real network!,complaint
@sprintcare I sent a private/secure message.....I haven't heard back.  I am having a hard time understanding commitments to customers.  It's not OK!,general_question
Sad when you have been a customer for over 18 years...&amp; they say “there is really nothing we can do”...must be time to switch! @115714,general_question
"Mad at Sprint, daughter had her phone stolen and we are getting the rum around trying to get her a new one. #Sprint  #frustrated",complaint
@Ask_Spectrum I sent a DM,general_question
@Ask_Spectrum Sure,general_question
"@Ask_Spectrum I just want 20mbps, I don’t need 100mbps!!!",general_question
@Ask_Spectrum why when I call up to reduce the overall cost of my package am I greeted with “We only offer the max speed in your area”? WTF!,complaint
@Ask_Spectrum how long until our WiFi works? It’s only been 15+ years of this. Paying for extra mbps... this is ridiculous. https://t.co/NfXnFjDoNp,complaint
@Ask_Spectrum What's up with no channel 9 (Local FOX) in area code 54024. World Series starting soon! Not okay!,general_question
"@Ask_Spectrum Yes, I need corporates number!",general_question
"@Ask_Spectrum If you don’t share it, I will just call the corporate number and ask for the office of the president.",general_question
@Ask_Spectrum Okay!  I accept your challenge &amp; expect a resolution of a Corp ee. My complaint is very fair and my requested resolution will be reasonable!,general_question
I’ve been a @115955 customer for years and have never been treated so poorly by @117890!  I am furious! I need corporates number.,general_question
@175 i overpaid you. you owe me money back. its that simple. now pay up.,refund_request
@O2 any idea when Android O will be released for the Sony xz?,general_question
@O2 Yes. Clicking the link on the priority app was supposed to automatically add it.,technical_support
@O2 No I haven't. The original offer was on the O2 priority app with a link to the Lego website. The link was supposed to automatically add the snow globe with the purchase of the advent calender.,technical_support
"@O2,
Hi there,
Hi I ordered my Lego Advent Calendar through priority but haven't received the snow globe.",general_question
"@AskLyft Yo guys, somehow my profile doesn't have my name. I'm showing up as ""null."" How do I fix this?",general_question
No more @115879 for me. #teamUber @115873,general_question
Had a really poor experience with my @115879 driver tonight. Extremely disappointed and thinking of returning to uber 😡,complaint
"@115993 @AskPayPal @117473 so someone hacks my account, takes my money 3 weeks later, countless emails hours on hold. NOTHING HAS HAPPENED",delivery_issue
@AskPayPal just received a payment confirmation from my Mum’s account to my email address! Massive breach of data protection!!!,payment_issue
@115993 I am encountering problems when withdrawing money from my paypal account to the bank . My PayPal: __email__. Assist https://t.co/6XKfuuDhzx,technical_support
@AskPayPal sent you guys a dm never got a reply..,payment_issue
@AskPayPal please see DM,payment_issue
"@115993 never offer any solution and thus has been happening for years. Then I call customer service, which isn't even open 24/7, and I've (2/3)",technical_support
I'm about to close my @115993 account. My debit card literally NEVER WORKS. it's declined everywhere and it's embarrassing. They (1/3),account_problem
@AskPayPal I have asked for bank account #2 to be my primary. Why on earth would transactions still come out of #1? This is a major flaw,payment_issue
@VerizonSupport None of channels are unavailable. We’ve tried to troubleshoot it but it isn’t working. It isn’t a video/picture issue,technical_support
@VerizonSupport Yes they’re all having the same issue,technical_support
@VerizonSupport Yes,general_question
@VerizonSupport It’s secured. What’s next?,general_question
@VerizonSupport Yes,general_question
@VerizonSupport I did that. Nothing happened,technical_support
@VerizonSupport Yes that didn’t work,general_question
@VerizonSupport Just the tv,general_question
Our cable is down so my mom called @115722. She’s been on hold for over an hour. This is ridiculous,complaint
@VerizonSupport Do you know how long the wait time is?,general_question
@VerizonSupport Thank you!,positive_feedback
@115722 Yes but I tried/failed too many times so now I am locked out,account_problem
"@117905 Hello, Check the router label for the orignal log on information.
^NHP",technical_support
@115722 how do I get back in to change my router name after a reset? Online support not working and callback feature not working,technical_support
@ChaseSupport Awesome! Would love to team up!! Best way to contact you guys to do that??,positive_feedback
@ChaseSupport you got it! Lots of travel adventures to come on my #travelblog https://t.co/R0RGoGvHlq https://t.co/5Hlo2dUct5,general_question
@115937 I need help,general_question
@VerizonSupport It’s a nice simple small claims case,general_question
"@VerizonSupport You know what I’m so fucking enraged thinking about it, mind you, I have spent hours on the phone with your lying employees. I’m switching in the morning. Fuck off",general_question
@VerizonSupport I was given a device that some idiot sent to redirect my calls which also didn’t work,general_question
@VerizonSupport Opened second ticket number last Friday and received a call to@my cell that it was corrected. Guess what? it’s not,general_question
@115725  is garbage. My office phone hasnt worked right since September. Now the VM PW is suddenly rejected and after 2 weeks they still can’t fix it 🖕🖕🖕Verizon,complaint
@115931 &amp; I haven't sold anything in almost 2 weeks.,general_question
@115931 why the hell have you put my item below everyone else's in international sellers section?? I'm selling it cheapest... https://t.co/0fIo6kqw2j,general_question
@BofA_Help Still waiting for help. I have no cash and you locked my card until midnight. All local branches are closed. @BofA_Help,account_problem
@BofA_Help Can you unlock my debit card so I can take cash out? CS told me I had to wait until midnight for my card to unlock. @BofA_Help,account_problem
"Thanks @116035 for ruining my Halloween!! Did you know BOA can't unlock a debit card over the phone? I work til 6, banks close at 4.",payment_issue
@BofA_Help Haha thanks,positive_feedback
"@BofA_Help And thanks https://t.co/qK19ZoVFgy high blood pressure worse..my mom died at 59 from it,.her.mother.at 57. I am.60. #gonnadie",positive_feedback
"@BofA_Help Check out my account, and know that i had a husband near death for a year, five surgeries.  #noempathy",account_problem
@BofA_Help Haha ruined my life! Thanks!,positive_feedback
@116035 you suck,complaint
@BofA_Help Feel free to call back. I didn’t hear the phone.,general_question
@BofA_Help Thanks for your help and doing some explaining.,positive_feedback
@116035 explain how I get overdraft charges when I had a positive balance?? https://t.co/HEO2epOSlr,payment_issue
"@116035 your employees are just roaming around like walkers while the line for tellers is 10+ long, not efficient at all. #tooslow",technical_support
@CoxHelp I havent. Is there a phone number for that team?,general_question
Wow another price increase from @116021. Started at 40 dollars after promo 6 years ago and it has since doubled.,general_question
@CoxHelp I don’t block anyone. Just go away.,general_question
"@116021 Well, I don’t have your service so why are you clogging my timeline?",general_question
"TONIGHT: Game 6 of the #WorldSeries Astros vs. Dodgers ⚾️
Watch on FOX, FOX Deportes, or FOX Sports GO starting at at 7:30/4:30p https://t.co/KnLpylYoaK",general_question
"WTF, @116021 apparently wants to raise my bill $50/mo more just so I can continue using cloud backup services for my family’s computers.",complaint
@CoxHelp how can I know if my service is on vacation mode?,general_question
"@CoxHelp (3) email was sent from a https://t.co/j4dNIZvFs3 customer to me first, but not being able to reply likely cost me a $1500 contract. thanks.",positive_feedback
"@CoxHelp (2) to clarify, the ip address is clean on all spam dnsbl's, sends extremely low volume mail, and can send email everywhere else just fine.",general_question
"@CoxHelp my mail to @629.net is being blocked with a CXBL, and the online form linked in the error is broken. who do i talk to to fix this?",technical_support
@XboxSupport Tell Rhea Mae O. He was a gentleman with me and i had a good time with him,general_question
"@117919 @XboxSupport Xbox Support has always been great 🙂 nothing but good experiences with them, both as regular person and as reviewer",positive_feedback
@117920 I agree @XboxSupport is awesome! #XboxHelp,positive_feedback
@117920 @XboxSupport Is first time i talk with a xbox support on live chat was pretty quick and i believe next time will try talk about games at the end😅😁,complaint
@117919 @XboxSupport Whenever I interview a dev about their game.. I always end up chatting with them about other games way longer than the actual interview 😂,general_question
Thank you @XboxSupport for your support 😁 got if fixed guys https://t.co/moSI2KklHj,positive_feedback
@DropboxSupport hi why does Dropbox take up so much space on my phone? I thought the point was to not have to store files locally https://t.co/1XlXuaPTKy,general_question
"@Tesco Haven’t opened it yet, will put it out when the Christmas tree goes up 🎄👍🏻",general_question
@Tesco Bought one of these and absolutely love it 💕💞,positive_feedback
@SW_Help How can I get this back please!? What do I need to do?,general_question
@SW_Help I left my suitcase on the train from London Waterloo platform 12 leaving at 23.05 to Poole. Got off at Basingstoke leaving SC 1/2,general_question
"@idea_cares I still find that my SIM is not recognised and I am unable to connect, I get a msg ""SIM registration failed"" All your responses are so vague continually asking me to explain the problem, please review my concerns and then give me a proper recourse. Thanks, Noorel",technical_support
"@idea_cares Kindly restore my number, my account has had a balance greater than Rs20/ 9850873091 as per your message of 6-10-17see complaint",payment_issue
Oh @Delta - I’ve missed you so I thought I would fly on the busiest day of the year 😳 #travel https://t.co/sVfMyNB3Ye,general_question
@AlaskaAir thank you for alllwing me to take an earlier flight! My Halloween’s going to be 👌🏽 in #vegas,complaint
#PilotParker was ready for takeoff on @alaskaair!!! #iflyalaska… https://t.co/wOY0icqfed,general_question
"@AlaskaAir Just got married, need to change the name on upcoming flight tickets AND on my mileage plan! What should I do?",general_question
Perhaps @116245 were hoping Crusty Hall would go up in flames so the kiddie-winkies could toast marshmallows on Nov 5th? X x x,general_question
Not into @116057. Did not come to the right part of my complex and left instead of contacting me. Then charges for the food.,general_question
"@116057 hi; order was not fulfilled by vendor, and i am still being charge. can we fix this please? can we chat in DM?",general_question
"@TMobileHelp @115913 Thanks, I sent you a message.",positive_feedback
"Hi @115913, why can't I get service in Williamsburg VA? My brother, who's on another plan, is getting service",general_question
"@AskTarget I did, seems that your people are interested in neither",general_question
"Dangerous experience at @116062  
bought a bike, wheeling it out in the parking lot, the handle bar practically falls off.",general_question
"@AskAmex my offers have all but disappeared, including many w/end of year expiration dates that I had previously added to my card https://t.co/g9GuoJLYuh",technical_support
This pic speaks 1K words on how 2 lose business in #retail. #customerservice #branding #marketing #fail #genz #entrepreneur #bizdev @116062 https://t.co/vTutqAIE0B,general_question
No idea? @115817 —me either.,general_question
Like honestly @115817 how could your customer service and work get any worst. Holler if you feel me. #neverusingups for any of my companies!!!,complaint
". @Uber_Support two days Ives been trying to us this app. 
All I want McDonald's breakfast while not having to leave my bed and this is very problematic. https://t.co/4jzMdFbtpx",technical_support
When all you want is a good burger and @116584 and @697 let you down... is this a trick or where is my treat? #HappyHalloween,technical_support
@116584 Your customer support is awful. I’ve been waiting over two hours for my food.,complaint
@DoorDash_Help DM'd,general_question
"@DoorDash_Help Just DM'd you guys, had an awful lunch experience.",complaint
@AskeBay Hi please check DM thank you,positive_feedback
Anyone else see an odd looking @115821 website? It looks very different. Not wrkng as easily and lots of red text,general_question
@117634 I love my new Kindle Oasis! Please tell me that immersion reading will be added in a future update?!,technical_support
@AmazonHelp why not? Does Amazon not care about children?,general_question
@AmazonHelp why doesn't blue light filter work on kids account on the fire kids edition?,account_problem
"el soporte al cliente de @115821 es tan buena onda, que dan ánimos de contactarlos sólo para platicar con ellos :P",complaint
@AmazonHelp I have an order that was supposed to be here on the 25th which has not arrived yet.,delivery_issue
"@AmazonHelp My apologies, it says now that the delivery date is October 31st. Still hasn't come though.",delivery_issue
"@AmazonHelp Thank you, I will.",positive_feedback
@AmazonHelp No package.,delivery_issue
"@AmazonHelp The tracking indicated as here, and then, it seemed to go back in time, saying it was not here anymore. I believe it's USPS",complaint
@AmazonHelp Does it matter that I purchased from https://t.co/iOigqL9Q9K?,general_question
How does amazon have late shipping? Multi billion dollar company @115821,delivery_issue
@AmazonHelp did amazon get hacked?,general_question
"@115821 paid for next day delivery.. had it confirmed and alas, no package #nothappy",delivery_issue
勝手にAmazonプライム会員になってて毎月会員費とられてた😇😇😇,general_question
hey @115821 why did i pay extra for shipping only for my order to say 'arriving today' and it still hasnt shipped yet just wondering.,delivery_issue
@AmazonHelp a previsão é dia 6 😥,general_question
E já estou desesperada achando que não vai dar tempo da @117086 entregar o terceiro livro antes de eu teminar esse.,general_question
"@117093 Hey yall. Why is my checkout not working? I click ""checkout with fresh"" and it takes me to an error page. What's the deal?",technical_support
My package from @115821 was supposed to arrive today. Now it not coming till Friday. Why the hell do I pay for prime. Doesn't do shit.,complaint
@115821 where’s my damn nutribullet,general_question
@AmazonHelp @115766 Can I get a confirmation that it will ship tomorrow?,general_question
@AmazonHelp Hi is there a way to confirm that I make sure my pre-order of @115766 WWII gets here on time? Last year was day late.,delivery_issue
"Ok, @ATT and @115858 figure your collective shit out. The error when attempting to type “I am” &amp; getting weird ASCII characters is stoopid.",complaint
"@AppleSupport /2...2 docs did open, duplicated themselves, now none open after I closed them.",technical_support
"@AppleSupport Hi, iOS 11.1 I’ve also restarted my iPad twice. Docs flash on touch, but don’t open",technical_support
"@AppleSupport So, since updating the latest iOS, Pages no longer lets me open any docs, all show,  just don’t open. Suggestions? Anyone?",delivery_issue
"@AppleSupport after I upgraded my iPhone to iOS 11.0.3, the back camera and the flash stopped working. Could you do something?",technical_support
@AppleSupport Thanks for reply.. must be that.. not many if any talk radio stations available in UK on @115948,technical_support
"@applesupport just updated Apple Watch to 4.1. Is ESPN radio etc only available in USA, can’t get it on my watch in the UK",technical_support
Depois da ultima atualizado do IOS a bateria do IPhone 6 tá durando quase nada @115858 @AppleSupport,technical_support
@115858 why is it impossible to Type “I” without a stupid box with a question mark. #notimpressed #fixit,complaint
@AppleSupport Baje la App de @701 la cual es gratuita y me llego un cargo de $18.11 Pesos ¿cuál es el motivo?,technical_support
@AppleSupport I️ figured it out thanks 🤘🏽,technical_support
@115858 why everytime I️ type an “I️” this extra A and box pops up ??,general_question
updated to iOS 11.1 @AppleSupport and there's so many glitches and bugs I found inside the update,technical_support
Downloaded new software update and my iPhone 6S in perfect condition magically became inoperably glitchy. What a coincidence @AppleSupport,technical_support
@AppleSupport Well it is now 11 days after and still no sign of it,technical_support
@AppleSupport why do I not have my October challenge ring after competition? 😡😡,technical_support
"@Uber_Support Ok great, thanks!",positive_feedback
@Uber_Support Thanks - our baby is &lt;12mos and we need our car seat to fly so I was wondering if we can bring our own car seat and install via belt buckle in any UberX to go to the airport,positive_feedback
@Uber_Support can we bring our own carseat in an UberX ride to the airport?,general_question
@115873 I am still waiting for a response in regards to my account being disabled. Is there a number I can call?,account_problem
I wish malaysia  🇲🇾 have @116062 😭,general_question
Want’s the point of Uber VIP when 4 of my friends that aren’t VIP’s all got 50% deals ? @Uber_Support,general_question
I had a couple of @115873 drivers show up at my house with that Middle Eastern attire stinking of ME food.,delivery_issue
@Delta any chance you guys found some beats headphones left on flight DL0929 yesterday?,general_question
"Hi @Delta, I’m flying from LHR to JFK tomorrow. I’m wondering what the new security checks are for this flight; are you able to advise? Thx",general_question
"Thanks, @Delta , 4 embracing @117977 ! https://t.co/YfyR7UywZ5",positive_feedback
@SpotifyCares Stop showing me diaper ads. I don't have a baby.,general_question
@115888 Hi. I can't log on to my premium account. Are there any problems at your end?,technical_support
"@British_Airways That’s definitely the plan! Thanks for the great flight, as always.",positive_feedback
"That's it, I'm on board with @British_Airways, ready to leave Tokyo for London. No, before you ask, I don't want to go. https://t.co/qCYaTtfO9c",general_question
@British_Airways No.,general_question
@British_Airways It's okay...i got a £20 voucher / appology,technical_support
@British_Airways Lisa i was being incredibly sarcastic,general_question
@British_Airways firstly Cabin Service Manager Lesley Thomson is fantastic and went above and beyond during a flight from Vegas to Heathrow,general_question
@British_Airways Thanks,positive_feedback
@British_Airways Hi any idea when issues with booking references will be fixed still getting error no flights in the booking !!!,technical_support
@comcastcares Is there anyway I could make radford va any closer to the next ones on the list?,general_question
"@comcastcares Okay thank you, just seems weird that all areas around the city can get Comcast but not in the city  or the surrounding one mile",positive_feedback
Hey @115900 you know what I want for Christmas? The ability to get xfinity where I live..almost everyone in the city I'm in would switch 2,general_question
@115900 glad I pay for 100mb/s #horrible #xfinity https://t.co/C8bjKwjhx0,complaint
I’ve been stuck on a bus trying to leave Seattle for the last 1.5 hrs and my @115911 service has been “LTE” but not even loading for 65% of the time. Unacceptable.,complaint
"@TMobileHelp Thank you! I appreciate it, hopefully it's just a server overload of some sort, the website works fine.",technical_support
"@TMobileHelp It's not that big of a deal really, I don't have a Baskin Robins in my area anyway, it's just something I noticed.",general_question
@TMobileHelp I think I just might use the website.,general_question
"@TMobileHelp I've spent all day trying to access the app, and I keep getting this error message. This is the longest I've had this problem. https://t.co/He68JTyvXM",technical_support
@TMobileHelp are iPhone X preorders going to come in early ? Mine has said shipped for 2 days now or are we getting them the 3rd?,general_question
@TMobileHelp could one of you beautiful humans slide in my dms.,general_question
@UPSHelp Please check your messages - I have sent a DM,general_question
@UPSHelp I cannot change my delivery and this is the third attempt. Can someone contact me because I don't want my package going back to the sender!,delivery_issue
@115911 can i use my jumpstart towards getting the iphonex?,general_question
"@115911 Hi,Right now our 2phones are in my name but my husband and I want them to be in his name. Do we need to go into a store to do this?",general_question
@Delta American Airlines extends that courtesy for EVERY flight from EVERY airport. Guess they spoiled me. Thank you @AmericanAir for ur patriotism,positive_feedback
C’mon Man....why doesn’t @Delta ever call Military personnel to pre-board like American Airlines?!,general_question
@SouthwestAir Haha I’ll take it ✨✨,general_question
@SouthwestAir Only witches melt though...what are you saying?? 🤔,general_question
Another reason to love flying @SouthwestAir #HappyHallowen https://t.co/uJUPlMNjKn,technical_support
@SouthwestAir Thanks for the treat for those of us who have to miss out tonight! I will be sure to tell my flight crew. They d/n know 🎃👻,positive_feedback
@SouthwestAir gate agent said you had treats for travelers today?,general_question
@SouthwestAir Team SAN making passengers smile on Halloween. https://t.co/MBsd5wVV0o,general_question
@SouthwestAir Finished the second season on the flight! So good!,general_question
"Another day, another @SouthwestAir 737-800 &amp; I snagged exit row again! Time to continue to binge #StrangerThings. Perfect for #Halloween!",general_question
"Hey, @SouthwestAir - Thanks for great flight from OAK to PDX. Appreciated the comp Halloween cocktail treat &amp; Minnie Mouse's announcements!",technical_support
I wish I was in Canada so I could have my $3 burrito at @ChipotleTweets 😭,general_question
@ChipotleTweets Friends give friends coupons for burritos 🙄,general_question
I’ll never give up on you @ChipotleTweets I promise baby https://t.co/CvYssVq6Pd,general_question
"Today has been the shittiest day ever. My stomach hurts like shit after freaking chipotle and then my phone decides to say "" no sim"". 😭😭",complaint
Idk if it was the baby food or the chipotle or the combination of both but my stomach on trash rn 🤢😷,general_question
@ChipotleTweets There’s not a chipotle within 100 miles of me since I’ve moved 😢,general_question
Ugh I just want a BOOrito 😢 @ChipotleTweets,general_question
Don’t forget @ChipotleTweets got 3$  burritos 🌯!!!!!!!!!,general_question
"I got my $3 burrito!!!! (: thanks, Halloween! Happy Halloween, y'all! @ChipotleTweets #HappyHalloween2017 https://t.co/QDDVjG7pc8",technical_support
@ChipotleTweets I realize it’s busy today but when you charge me $5 and then don’t put my queso in my bag I get really upset!,general_question
"Hey @ChipotleTweets why does your ""authentic"" queso taste like actual powder?  #HoustonStrong",general_question
"I also got a burrito today, thanks @ChipotleTweets ! https://t.co/kqtF7zdT4m",positive_feedback
Buying this Gumby costume is one of the best decisions I've ever made in my life.,positive_feedback
@ChipotleTweets Are you Becky with the good hair?,general_question
Boys on them at Chipotle tough tonight @ChipotleTweets https://t.co/fDtfdMFrLZ,general_question
@ChipotleTweets On his way!,general_question
@ChipotleTweets I got my chipotle!! https://t.co/eyPnA2Ws0C,general_question
If @667 could come home so I could go get @ChipotleTweets that’d be cool,general_question
@ChipotleTweets Sorry I had a bowl!,general_question
"Thank you @ChipotleTweets 
Stopped by in costume cause it was so good last night for Monday nite football 

World Series tonight!",positive_feedback
I feel it is my duty to inform everyone that @ChipotleTweets has all meals for $3.00 #boorito,general_question
Booritos at @ChipotleTweets https://t.co/W3pdy3B6hL,general_question
@ChipotleTweets Y?My kid got a bowl but said no to husbands costume as Steve They messed up the order neway and werent very nice. I miss my patch. We ❤️ ppl,general_question
"@ChipotleTweets Ok Becky sent. Not my first time complaining about this store either. If I want attitude, laziness and wrong food I’ll just go to McDs",general_question
@ChipotleTweets Woodruff rd is awful store Our 1 bowl wasnt close to right and ya it’s busy but y do this if staff treat us bad and not listen. Chips gross.,complaint
@ChipotleTweets when I workd4 u &amp;some1 came as Steve Ells we always gave em $3 boorito. Greenville SC store has 0 fun kid was Wonder Woman 2,general_question
Bummed folks at work didn’t get my costume BUT the guy @ChipotleTweets did &amp; that’s all that matters!! 👌🏽🙌🏽 $3 🌯 bowl #bennyrodriguezsandlot https://t.co/X7ehC7hbLD,general_question
@ChipotleTweets (I think) he was legit,general_question
When you have to triple take to tell if the cop in @ChipotleTweets is an actual police officer or just a dude dressed up for a $3 boorito,general_question
"For real, who the fuck doesn't like @ChipotleTweets? I don't even know how that can be possible",general_question
@ChipotleTweets I submitted the incident via your link.,general_question
@ChipotleTweets Instead of a treat for my $3 for me a trick of a case of food poisoning was served. Diarrhea ensued. 🤢Not a happy Halloween!,technical_support
Are you in costume? Go to @ChipotleTweets! https://t.co/Vs9HwI9t2p #Halloween2017 #halloween,general_question
So I just found out chipolte has queso and my life has been significantly improved. @ChipotleTweets,general_question
@hulu_support Thank you,positive_feedback
"Can y'all put little nicky on hulu please.
@hulu_support",general_question
@hulu_support there are some episodes missing from season 2 of Blindspot... any idea where to find them?,general_question
@hulu_support why won’t hulu let me watch greys ? It keeps freezing on advertisements..?,general_question
"@hulu_support Cannot access HULU for the past six weeks. But I am still paying for it. Asks for profile update, then screen freezes. ???",technical_support
@hulu_support how long will it take for a show that I’m recording to show up in my DVR,general_question
@sprintcare is there any news on when the WiFi calling Plus will be available for the Note8?,technical_support
@118027 @118028 @115714 smart move @115714 sucks read all the negativity on their facebook page,complaint
@115714 you have let me down as a customer and a share holder walking away from the TMobile Deal. The service sucks. I,complaint
@115714 what’s going on with my service ?,general_question
@sprintcare :-) So excited!,general_question
"@118031 @115714 I just received my tracking numbers today, I hope you did too!",delivery_issue
Preordered my #iPhoneX on time before 5 on the 27 and still haven’t gotten a shipped email ..it still says pending @115714 😒,general_question
@Ask_Spectrum outage of Fox during the world series in Northern Wisconsin? Only channel not working.  #badtiming,complaint
Hey @Ask_Spectrum WTF is up with the @118034 feed of #WorldSeries So frustrating!!,complaint
@VerizonSupport Mobile,general_question
"@VerizonSupport my phone number has not updated from my old service even though I got a confirmation text, help!",technical_support
"@VerizonSupport If I want to upgrade my tv package and my tv says it'll cost $30 more per month, will I get charged for Oct. if I upgrade today? Or prorate",delivery_issue
"@VerizonSupport Ok so I won't be charged $30 for the entire month of October and then another $30 for November? It'll be prorated for October, right?",payment_issue
@VerizonSupport can I get some service please? Need an issue resolved,technical_support
@VerizonSupport this is incredibly slow. It's been like this in the past week.  https://t.co/s4uVelyG9A,technical_support
"@AskPlayStation The dlc shows like its for ps3, when its for ps4. I got the bundle from the ps4 store, and when i log to psn it shows download for ps3 auto",general_question
@AskPlayStation I need help with a purchase of a dlc that doesn't want to download or a refund.,refund_request
"@AskPlayStation Hi, can you update PS4 PRO TO RECORD GAMEPLAYS IN 4K?",technical_support
@AskPlayStation bought 1050 fifa points in a bundle with 12 mounth PS Plus. Havent received the fifa points. This was at 16:00 (gt+1),general_question
@AskPlayStation hello. I purchased the gta v bundle ps4 and reset my ps4 and now I don't have my gta v. Who do I contact to restore it,general_question
@AdobeCare I'm fine. But @118043 needs help.,general_question
@118043 @AdobeCare Sachen machst du,general_question
Either I'm doing something wrong or this doesn't work anymore: https://t.co/GpKs8oBspR. @AdobeCare what do you say?? #lightroom,technical_support
@115778 Getting this error. Any advice? https://t.co/TBVg09v55I,technical_support
#HappyHalloween! Try creating this 'wicked' awesome icon set. 🎃  https://t.co/v5nEOwnOtE https://t.co/a0BPlZGxMI,technical_support
"@AdobeCare I have OS HighSierra installed the bug fix &amp; now it's crashing, losing work, can't undo &amp; recovered documents have none of my updates.",technical_support
"@AdobeCare Hi Raj, none of these have helped me. PS &amp; Illustr are starting to have issues also, shutting down &amp; losing work etc. I'll log the problems",technical_support
.@116233 #InDesign 2018 is unbelievably buggy. Please fix asap. #adobe @117339 @118046,complaint
@115777 Why is it easier to get in a Twitter spat with the president than it is to actually speak with one of your tech support reps?,general_question
"ever since i updated premiere pro, it's gona to shit -_-",complaint
Adobe premiere stopped working,general_question
@ATVIAssist I pre-ordered WW2 not long ago from GameStop and they didn't give me a code for the pre-load. What do I do?,general_question
@ATVIAssist Thanks I Answered my own question,positive_feedback
@115766 I have question when you get the Digital bundle do you get the season pass included,general_question
"@117335 @79248 Fix the atrocious load times in Crash N. Sane, me and my friends literally can't play it. We can emulate and beat all three quicker",delivery_issue
"@115758 

Why when I play “Shadows of Evil,” I have the Group 935 Max Ammo sign? Probably another bug.",technical_support
@ATVIAssist um wheres my m16 gone? bo3,general_question
"@AzureSupport I am based in Hyderabad, India. Trying to access our corporate subscription. Just stepped out, don't have the subscription id handy",complaint
@118056 Azure portal times out... for over an hour now. Unable to access the services for configuration update,technical_support
"@AskAmex got charged for uber, didnt see the uber Credit getting posted ? Amex platinum",payment_issue
"@CenturyLinkHelp Thanks, Chris, will do",positive_feedback
"@116072 @CenturyLinkHelp Have some accountability - if I don’t want your service this month, do you really think knocking on my door 5x/day will do it next month?",account_problem
"@116072 @CenturyLinkHelp And then when we call your customer service department, they just say “that’s not us, we don’t know how to take this feedback”",general_question
@116072 @CenturyLinkHelp you guys are the pinnacle of a garbage company - you pay for vendors to harass people to buy your services,complaint
Wells Fargo is the WORST bank I have ever banked with. I do NOT recommend them whatsoever!,complaint
@AskTarget Speaking of #Cars3 ...why is the @116062 exclusive more $$$ ? You do this a lot w/exclusive items! 👎😛,general_question
@AskTarget Have a few other things I need to do between now &amp; then. Including a @116062 run Tues. for @29599 #Cars3 . So 2 trips in 4 days!,general_question
"@AskTarget I can't wait either! Maybe I'll get in line now. 10 days in advance isn't that early, right? https://t.co/5BzyT8XxBR",general_question
@118061 @116062 @AskTarget @118062  Will these be available in-store too? And should I camp out now or wait until next Fri. to go? #reputation,general_question
"IT'S #reputationERA! GET THE EXCLUSIVE MAGAZINE ALBUM BUNDLES, ONLY AT @116062! https://t.co/WGk9iSPtEP https://t.co/BPppBiG4FN",general_question
@AskPapaJohns NVM. It just got delivered however waiting 2 hours for a pizza....,delivery_issue
"@AskPapaJohns Order #556073124. Ordered my pizza and hour ago, on the tracker it says delivered. Didn't get anything. Can I get a refund?",refund_request
@116076 i think it will be a good idea to have spinach as a topping because spinach is one of the best toppings. just saying,positive_feedback
@116076 really- we preorder our pizza and wait in half hour line to pick it up? https://t.co/zaJ7Wu5sit,general_question
@UPSHelp Done 🤗,general_question
"@UPSHelp Mc I sent the number an hour ago. Do you have any info? 

Thanks.",positive_feedback
@118067 @115817 Normal. Son dos solar outdoor led lights.,general_question
@118066 @115817 es un paquete grande o pequeño?,general_question
When ever you want @115817 when ever you want... https://t.co/ZULpCXsrBp,general_question
So @UPSHelp  u have me dm u &amp; provide all types of information only to respond that someone will reach out to me tomorrow. Waste of TIME.,general_question
"@115817 is now 3 hours past my 2 hr ""confirmed delivery window"" for 2nd Day Air medical supplies. Next order, I will demand another shipper.",complaint
@UPSHelp How late do they run?,delivery_issue
@UPSHelp trying to find out status of this package 1Z5A619V0399897253 say today  but not arrived,delivery_issue
@UPSHelp Assistance YES plz tellus where Obama delivered those Somalias &amp; Middle Easterns for OBAMA during his reign of INVASION start there wouldya?,delivery_issue
@118071 NOT ONLY OPENED THE DOOR HE PICKTEM UP BRUNGEM HERE BY UPS DHS BUSESINEMIN TRAINS STRATEGICALLY PLACED THEM ALL OVER USA CELLS EVERYWHERE,general_question
"DEMOCRATS,,OBAMA OPENED THE DOOR WIDE FOR THEM ,NOW DEAL WITH IT ,,OR DIE ,,
LET TRUMP DO HIS JOB,, https://t.co/yu3DgDEcst",general_question
@AskLyft my card was declined for a Lyft transaction as a safety measure from my bank. Can you help me pay and tip my driver?,delivery_issue
In light of terror attack in NYC Lyft is charging $133 to go from Manhattan to Brooklyn. Capitalism—fuck yeah.,technical_support
@AskPayPal why is it my payment/order to a certain company seems to be in limbo? Contacted company and they have no order???,payment_issue
. @AskPayPal You have a DM; looks like I need your heroics after all!,payment_issue
@AskPayPal I did send a screenshot,technical_support
@AskPayPal Can you please open my account so I can transfer the money in there and close the account.,payment_issue
@AskPayPal can someone please help me with my account. __email__ +27824381483,payment_issue
3rd time I've gone to @116253 and paid for a bread bowl I didn't get,payment_issue
@AmazonHelp I ordered almost a full week before release. Receiving it almost a full week after. That’s not Prime.,general_question
"@AmazonHelp Didn’t know I needed to. Is that really a thing?! But still Prime shipping should be 2 days, correct?",delivery_issue
Hey @115821 What’s the point of preordering a game if I don’t get it until 5 days after release?,general_question
@AmazonHelp 2 other orders that were due to arrive today did not show up.,delivery_issue
"@AmazonHelp U pay for prime. You expect the befits of the membership. I ordered a package on the 25th, it still isn't here.",delivery_issue
@AmazonHelp The carrier doesn't sell free 2 day shipping as part of a membership. Amazon does.,delivery_issue
@AmazonHelp Shows it was supposed to be delivered today by 8pm. USPS,delivery_issue
"@AmazonHelp I called customer serv, they called usps and the usps rep blamed your routing. The second the usps rep was off the phone Amazon blamed usps",general_question
@AmazonHelp I purchased the items specifically for the wedding.,general_question
"@AmazonHelp They did not. The wrinkle is, I board a plane for the U.K. In the am and these items were part of the attire for the wedding im in.",general_question
@AmazonHelp Yes,general_question
@AmazonHelp You're customer service reps were no help in resolving the issue. They just blamed the carrier.,technical_support
@AmazonHelp This makes 5 consecutive orders that missed their deadline.,general_question
"@115821 u just lost a prime member of many years. Not only did u mess up 3 consec orders, u refuse to make good on them.",general_question
"Uhh... my 10 y/o just asked Alexa to play Halloween music. First song opening lyric: ""yippee kiyay motherfucker."" Wtf @116935??",complaint
@AmazonHelp Yeah I know how to check it. There's no information still,general_question
I'm so anxious to see that my Xbox one X will be shipping. I'm seeing other people get their confirmations. Where's mine @115821,delivery_issue
@116827 ME PURCHASING TWO ITEMS WITHIN 6 MINUTES IS NOT ENOUGH FOR YOU TO FREEZE MY DAMN ACCOUNT. Please remove all additional protections from my account because they all SUCK,complaint
@AmazonHelp you keep insisting you havnt taken any money from me dispite proof! #givememymoneyback https://t.co/CeRSmNOEdK,payment_issue
@AmazonHelp at 7 it said it was out for delivery by 8 pm. It now says sorry for your package being late and will arrive by November 3rd,delivery_issue
"@AmazonHelp Thanks, I called. The agent says the order has been received, but not shipped. Still anticipate a Friday delivery",delivery_issue
@AmazonHelp Will do. Thanks,positive_feedback
@AmazonHelp Original promised delivery date was yesterday to this Friday.,delivery_issue
@AmazonHelp it's been 7 days &amp; my @115821 order still hasn't shipped. #fail https://t.co/apV29xdWuM,general_question
"@AmazonHelp リプありがとうございます！
それがデビット機能は付いていないので不思議だったのです。

いずれにせよ取り消されるみたいで安心しました！",general_question
30日にAmazonでカード払いで買ったんだけど、1日深夜に出荷準備が遅れていますメールと共にまたカード利用のメール。どういうこっちゃʅ（◞‿◟）ʃ遅れるのは全然構わないけど2倍払わされるのは勘弁だわー。Amazonでのカード払いやめよう。,general_question
@AmazonHelp Should have been today before 8,general_question
@AmazonHelp still have not received my package I paid extra for guaranteed next day. Won't do that again,delivery_issue
@AmazonHelp when its removed the system says it's inserted but unrecognized. When it's inserted the tablet behaves as though there's no card,general_question
"@AmazonHelp it was doing this a few days ago and a factory reset dixednit, for two days. A hard reboot did not resolve.",general_question
"@AmazonHelp it was doing this a few days ago and a factory reset fixed it, for two days. A hard reboot with card in or out does not resolve.",positive_feedback
Regretting having bought @115821 Kindle Fire Kids Edition. Every day it has some random problem I have to fix. Now saying theres no SD card.,technical_support
Pumpkin spice is here so it must be autumn! We’ve picked 3 fall cookbooks to whet your appetite: https://t.co/CadWTnRHy0 https://t.co/J1B61Odt0N,technical_support
@AmazonHelp yes it was due today by 8pm and now its changed to tomorrow or the next couple days... but isn;t there a guarantee?,general_question
"@AmazonHelp i understand, but i am asking a general question, do you or do you not have a policy about late delivery with amazon prime?",delivery_issue
@118088 @AmazonHelp https://t.co/JeO1QDroxC,general_question
@AmazonHelp isn't prime two day shipping supposed to be guaranteed? what happens when its late?,delivery_issue
@AmazonHelp Talked w/ cust. serv. yesterday. Just sent an email from link. Would like a straight answer abt my order.,general_question
"@AmazonHelp At time of order, del date was 10/29. Carrier is AMZL US.",general_question
"I'm thinking that @115821 tracking is total fiction - package has been ""Out for Delivery"" for 2 days &amp; hasn't arrived. 3 days late.",delivery_issue
"@AmazonHelp So much of the programming has changed on Prime. Blues Clues was free, now it's not. Still constantly having problems with my Fire Stick.",technical_support
"@AmazonHelp Continued buffering, loss of sound and it doesn't save where I leave off in programming.",general_question
@115821 @AmazonHelp I'm so frustrated w/how things keep changing. Making it hard on POOR people!!! Free isn't free anymore.,complaint
My drying rack was broken when I opened the box. What should I do @115821? https://t.co/II4YnrWx0E,general_question
@118094 @115858 @AppleSupport Well it froze as I was ordering a pizza so I had to. And now it’s already to 49%,technical_support
"@118093 @115858 @AppleSupport Did you try, maybe, uh, not restarting your phone? 😛",technical_support
"My battery was at 64% and I restarted my phone and now it’s at 52%. WHAT THE FUCK FIX YOUR SHIT IOS 11!!!

cc: @115858 @AppleSupport",complaint
"@AppleSupport I noticed shortly after the first patch to iOS 11 not sure which one, but here in the past week or two it has gotten worse and more frequent",technical_support
"@AppleSupport It’s only done it with Apple Music and Apple Podcast, regardless if saved to phone or streaming",technical_support
"@AppleSupport It’s only done it with Apple Music and Apple Podcast, regardless if saved to phone or streaming",technical_support
@AppleSupport iPhone 7 and yes the software is up to date,technical_support
"@115858  @AppleSupport music and podcast “skip” around like a CD, then distorts and clears up in few seconds, only happens after iOS 11",technical_support
.@AppleSupport .@115858 haven’t been able to type I️ since the new update https://t.co/BtR51UmAzb,technical_support
I️ might have to fold for this League Pass,general_question
@AppleSupport The whole phone will just crash or freeze for over a minute. It be spazzing out too like it has a ghost in it or something.,technical_support
@AppleSupport 11.0.3,technical_support
My phone been fucking up all week @115858! https://t.co/VHrjDRAQPk,general_question
@115858 wtf is this “!  ?box” shit I️ keep seeing? Or someone just answer it plz lol,complaint
"@AppleSupport my watch has been saying I’ve been averaging 57 minutes, now today it’s 52, I checked and did the math it’s 57... what the??? https://t.co/kQWakgjXJ5",technical_support
"@AppleSupport 6 plus, idk what iOS version.. and it was the rear facing camera",technical_support
@AppleSupport @118101 would love to know why my pictures look like this when I take a picture 😡 https://t.co/yVpQKCBzFu,technical_support
@AppleSupport And move to next month. Everything disappears. https://t.co/n9PPGBmJts,technical_support
@AppleSupport Open Calendar and move to next month,technical_support
@AppleSupport Open calendar... https://t.co/0WVfFpqX0k,technical_support
"@115858, your new iOS 11.1 not resolve the calendar problem. 😡#iOS11 #iosfail",technical_support
@AppleSupport @20600 lucky I was home and next to this when it randomly started to smoke. Unplugged before disaster!! What the hell? https://t.co/k42Ei9OXuG,technical_support
Is anyone doing bug fixing @115858  anymore? I have a whole zoo of them on my iPhone and iMac that could be tamed!,technical_support
@AppleSupport I received an error message. And another when I tried to set it up again in settings,technical_support
@AppleSupport Tried the steps. Still receiving an error message. Just updated to iOS 11.1 and got the message when my phone restarted,technical_support
@AppleSupport My Touch ID failed when I restarted my phone. Now it’s not working at all,technical_support
@AppleSupport I get prompted for a system administrator password on a MBP MacOS but there is no system administrator account I’m aware of!! https://t.co/M1DbEkDzaS,technical_support
@115858 got people out here looking crazy with this damn glitch!!! Fix this shit now!!!,complaint
@AppleSupport how you gon troubleshoot a charger tho,technical_support
"love how my computer charger just stopped working for literally no reason at all. thanks @115858 you’ve really done it for me this time, sweetie",positive_feedback
I need to file a complaint w/ @115873 ASAP! Anyone know of the email address I need???,general_question
@Uber_Support I have been doing that for the last 50mins no reply,general_question
Someone from @115873 needs to contact me ASAP or I am reporting there company this is ridiculous,complaint
@Uber_Support How long does it take to get approved as a driver?,delivery_issue
@Uber_Support if I wanted to be an UberEATS driver could I be under someone else’s insurance policy to qualify?,delivery_issue
"WHO THE HECK GAVE ME LESS THAN 5 STARS?! I’m a pleasure. @115873, please address and fix. https://t.co/7LzHzpYRpP",general_question
"What's the point of @115873's split fare feature if it never works, ever? @Uber_Support",general_question
I hope the dumb bitch that stole my wallet in my @115873 pool chokes on a dick and gets a week load of diarrhea!,general_question
This is one reason why @delta rocks. https://t.co/ylOP6C3Gqe,general_question
"@SpotifyCares Sure, thank you very much.",positive_feedback
@SpotifyCares And is that causing the other issue where nothing will play on sonos thru Spotify app?,technical_support
@SpotifyCares They aren’t locally imported… We just imported her iTunes playlist in Spotify so it found identical songs. Is that why they are greyed out?,general_question
@SpotifyCares @118117 Why does it say “can’t play this right now” and why are playlist songs greyes out (originally imported from iTunes),general_question
"@SpotifyCares @118117 trying to help my mom play Spotify through so is and getting the oddest error...
“Upstairs” is sonos connect. https://t.co/enYL9Ak2kZ",technical_support
"@SpotifyCares Done , thanks! ;) #launchInIndiaSoon 🤣😂🤣",positive_feedback
"@SpotifyCares @115888
Just checked , still unavailable",general_question
Hey @115888  what about being available in India???,general_question
@British_Airways arrived on time. Great! Spoiled by waiting for bags and choice of meal not bring available in Club Europe. BA 827.,delivery_issue
"@British_Airways Off to the Big Apple (just landed actually, it was a delight)",technical_support
Let’s do this @118121 X @British_Airways 🗽 #FlyBA #ClubWorld #thewhitecompany #BAxTWC https://t.co/q8L7mskItx,general_question
"@TMobileHelp My ""This One's on Us"" seems to have dropped the discount off my bill. I didn't change my plan. Can you all help out with this?",payment_issue
"@115911 
My dunkin donut $2 promo does not work when I tried adding it to my DD card it says it is not activate 😔.",general_question
@AmericanAir @Delta @SouthwestAir @116450 12 year as EP with AA. Since they won’t address my concerns who’s interested in my loyalty? https://t.co/rix2Aoi20X,general_question
@ChipotleTweets You guys have to do this more often. Not just once a year 😭 chipotle cravings are real 24/7,general_question
How to meal prep on Halloween: Chipotle Style @ChipotleTweets https://t.co/jxx3l8eMXM,general_question
"True supporters get @ChipotleTweets queso whether they like it or not.

#rideordie #grande #chipotlequeso https://t.co/vcfcP3uH4W",general_question
@chipotletweets yo are you doing the 3 dollar burritos all night or just for a specific time?,general_question
@ChipotleTweets enough with all the onions and jalapeños and cilantro it's just too much in everything!!!!,general_question
@ChipotleTweets Happy Halloween https://t.co/HAZZjBYh9L,technical_support
My only plan on Halloween is to go to @ChipotleTweets,general_question
@ChipotleTweets @118130 Becky you rock appreciate the work you do!,technical_support
S/o @ChipotleTweets for the $3 burrito!! 🤗😋,general_question
@ChipotleTweets That's hard to believe because that queso does not taste real. It's taste like powdered cheese packet that you add water to and heat up. 🤢,complaint
@ChipotleTweets You need to redo the queso. Horrible powder blah!!! Look on the back of a velveta box there is a recipe there for cheese dip,complaint
"There's no such thing as #Halloween without a #Boorito from @ChipotleTweets , I'm telling you! https://t.co/TeBoF9yDvB",general_question
@118134 and @ChipotleTweets #boorito #HappyHalloween2017,technical_support
Is this not the happiest burrito you've ever seen?! 😂🌯 @ChipotleTweets https://t.co/1ltMb8z85I,technical_support
@ChipotleTweets Update: got ‘em😛 https://t.co/f5vtZKYiUz,technical_support
I’m about to with no shame go to @ChipotleTweets after work in my costume because I can’t resist a $3 #boorito 🎃👻 #letsgetphysical,complaint
@ChipotleTweets Thank you 😊,positive_feedback
we want our BOOritos @ChipotleTweets 🎃🌯👻 #boorito https://t.co/eSEyG9RPxU,general_question
I think the entirety of North Jersey is here for $3 #boorito @ChipotleTweets 😩 but I will stay on line because I’m super hungry lol,general_question
Hey @ChipotleTweets what's up with getting the peel of the avocado in my bowl?!?! https://t.co/LcU7Gfd3cW,general_question
Threw on a Mason jersey and a DeMonte Buckingham Headband for a $3 #boorito 😂 @ChipotleTweets https://t.co/ANUGh6etuW,general_question
"@ChipotleTweets Well, I got a super good burrito for$3.00 so, well, YES!!!",general_question
Went to @ChipotleTweets tonight and got a $3.00 burrito because I was in costume.  I didn't have the heart to tell them this is normal. https://t.co/Y6DAXQ1sg3,general_question
Boorito is my favorite part about Halloween @ChipotleTweets 👻,general_question
@115955 Get your shit together with our cable!! The picture is always doing this! How the hell do I watch THE CABLE I PAY FOR like this??!??!?! #Spectrum #CreditMe #CantWatchTV https://t.co/fFA6uQQf0g,complaint
"@SouthwestAir @118144 Dear Less Than Awesome Southwest: I’m 1 of Ken’s followers. Instead of 🧀twitter campaigns, treat aloyal custmr rt and refund refundable tix!",refund_request
"Dear awesome people: if you have an extra #WorldSeries game 7 ticket, plz tell me by 2p Wed so I can catch 335p @SouthwestAir SMF-BUR flight https://t.co/vJBk1coqpO",positive_feedback
"Amazing @SouthwestAir crew, today at Denver. https://t.co/DjRyxGiEWZ",general_question
"@SouthwestAir all treat, boarding group A35 and I’m sitting in row 2. #HappyHalloween2017",technical_support
@SouthwestAir goals,general_question
@hulu_support Still having this issue!,technical_support
World Series courtesy of @115940,general_question
https://t.co/KFh1TZhdSy,general_question
@hulu_support @118151 And by showing ads of the show you’re already watching makes you keep watching that show you were already going to watch! #science,general_question
Why is @115940 showing commercials of a TV show while I'm watching it?,general_question
@hulu_support care to chime in,general_question
@SpotifyCares What is this problem? How do I fix this?,technical_support
"@SpotifyCares Hulu: ""We’re having trouble authorizing your account with Spotify. Please contact Spotify support to help resolve this issue.""",technical_support
"@hulu_support Hey Hulu- No, those don’t help.  I have tried basic troubleshooting.  Your app shouldn’t require a hardware reboot or Ethernet anyway.",technical_support
"@hulu_support what’s up with Apple TV 4K support?  I’ve been getting this message for days, all other streaming apps are working great. https://t.co/Bpv3XDQFS0",technical_support
@sprintcare I knew you would ge back to me via social media. You all have a refund you owe me &amp; ive been trying to solve my account issue w/ you all,refund_request
Been calling sprint all week! Been on hold for a whole hour with @115714 today and still haven't resolved my issue! I'm calling @118156 💯,technical_support
"@115714 I’m being charged for the phone I returned, in YOUR envelope, via YOUR return service, plus late fees",delivery_issue
"Thanks, @115714.
After leasing/RETURNING my phone, sent in a sprint pack, marked as DELIVERED, the warehouse has no record of receiving it",delivery_issue
@118159 por qué su señal es tan mediocre?,general_question
@sprintcare WTF THEY JUST HUNG UP ON ME AGAIN!!!!,complaint
"@Ask_Spectrum I live in the Bronx, many channels such as Fox, TLC, NBC,#justtonameafew don't work what the reason? #areyoubetterthanfios 🤔",technical_support
@115722 Issues with my home cable. Second time calling this week - honestly the first time I’ve had a really bad experience with FIOS,complaint
"@118162 Are you referring to wireless issues or residential?
^JAY",technical_support
Been on hold with @115722 for 108 minutes. Apparently the company is going as a steaming pile of garbage for Halloween.,complaint
"@AmazonHelp ご親切にどうもありがとうございます。
買おうと思った商品が出品者の意向でキャンセルになり、同じ商品が出品されたまま１万円値段が上がっていました。不可解です。",general_question
"@AmazonHelp お答え、どうもありがとうございました。
出品者を確認の上、これからも利用させて頂きます。",general_question
うええ……Amazonさんで9800円のお買い物してお金払ったのに商品が不良品で出荷できなくなり、アマゾンギフト券で9800円戻されても……ちょっと金額大きいんですけど……。,general_question
Anybody else having a problem with #WorldSeries2017 broadcast looking choppy on @115722?,technical_support
"@115722 I have had the router replaced, I have made numerous calls and I'm tired to paying for something I am barely able to use!",technical_support
@ChipotleTweets @118166 Yea Mike did you let a manager know while you were home???,general_question
When you get home and realize @ChipotleTweets not only didn’t give you extra chicken....they didn’t give you ANY chicken.,general_question
"@116313 AmazonPrime発送で詐欺の恐れはありますか？
Nintendo Switchを購入したいんですが
親にAmazon販売.発送じゃないという事を理由に断られました

AmazonPrimeは安心なのでしょうか

AmazonPrimeの商品はAmazonが責任を持って自宅に届けてもらえるのでしょうか？
それとも販売ショップからの発送ですか？",general_question
@AskPlayStation shouldnt we be able to pre-load CODWWII at the time being? But how,general_question
@AskPlayStation I bought psn for 12 months but I didn't get my fifa points,general_question
@AskPlayStation when I loaded my ps4 everything is green is this a trick? #HappyHallowen https://t.co/xuvJB7mGOk,technical_support
@AskPlayStation I’m getting no audio at all. I already restarted my PS4 twice already?? #help,general_question
@AskPlayStation Through the console. There’s no error. I just don’t have a better option to change cover like I do with profile picture through the app.,technical_support
@AskPlayStation I’ll try it later,delivery_issue
@AskPlayStation  https://t.co/mXYI22mLtd,general_question
@AskPlayStation I’m having hard time to change my PS4 profile cover. Is there another way to change it?,general_question
@AskPlayStation why does my PS4 turn off by itself 🤦🏾‍♂️,general_question
"@AskPlayStation I used my credit card yesterday just fine, today it says my card isnt valid. Tried using another cc and PayPal. Fix for bug?",technical_support
@AskPlayStation I can’t log into Playstation network,account_problem
@AskPlayStation Is season pass going to be $50 after the release of COD: WW2 or will it stay at $40?,general_question
"@ChaseSupport hey! I'm going on a cruise, do I need to do anything so my debit card is good?",general_question
@HPSupport HP8620 can't connect on wireless network #hppsdr #ijkhelp,general_question
@AskeBay Done,general_question
@AskeBay its sayin I can only list up to £73 as I’ve listed the rest this month even tho it’s 45 mins into November and I haven’t listed yet,general_question
"The @115937  ""shipping charges"" on feedback shouldn't be an option when shipping charges are seen before someone buys the item. Don't buy then",delivery_issue
@AskeBay help me pls,general_question
"@116035 I deposited my state issued check today, but saying funds won't be available till the 9th? Are you serious BofA? 10 days?",technical_support
@CoxHelp we do not have power yet eversource still working I think you will have to put in cable,general_question
@CoxHelp how do you determine if there is an outage,general_question
@CoxHelp eversource is fixing sequin st 06111 hoping Cox can restore service at 25 tomorrow poles going in tonight no tv or phone,general_question
@AmazonHelp すごっ、チェック早いですねー😸大分前に買った商品ですし、返品の手続きもめんどいんで今回は良いでーす🙋Amazonさん、どうもでーす😸,general_question
"そういえば、電熱ヒーターもどきをAmazonで買ってたな。寒くなったし試すか。(´ω｀)

あったー😹えっ、…入らない😿

いや、でもヒーター部分は使えるかも❕❗❕

…縫い糸がケーブル貫通しとるやないかーい😂

まあ、400円だから…またなんか探そっと😸

皆さんも防寒対策お気をつけください🙋 https://t.co/b7tvSIEeGm",general_question
@CoxHelp Is there an ETA on where service will be restored? I’ve heard a lot of conflicting info. From 10pm 2nt to Friday. 🤦🏻‍♀️🤷🏻‍♀️,general_question
@CoxHelp trying 2 watch the WS on my iPad-we have no power - NE storm- but it says I can only use my home WiFi. Is there a way to override?,technical_support
@coxhelp cannot send dm 25 sequin Newington ct 06111,general_question
@CoxHelp Thanks! Charging phone in car now. 🤦🏻‍♀️,positive_feedback
@116021 This is exactly how you lose customers. Well done. I'll be looking for another solution.,general_question
"@116021 your corporate greed is absolutely disgusting. Not only did you raise my bill by a few dollars, you lowered the data rate.",payment_issue
@116021 @CoxHelp Ridiculous that I left work early. WiFi Installer no show.  Cox service has always disappointed.,complaint
.@118189 @dropboxsupport I see u support @118190 but what we really need is a Slack channel that shows new&amp;changed documents in a folder!,general_question
Amazonでケーブル買って今日届くはずなのにまだ届かないんだが😇,general_question
@DropboxSupport Thank you! Should I just DM you?,positive_feedback
@DropboxSupport thank you!,positive_feedback
Is there a way to view version history of a FOLDER? Only seeing options for file version history...@116029,general_question
"@DropboxSupport Desktop app on macOS.

Pattern seems to be: overwrite file from within an app (incl. export as PDF, etc.) leaves link intact. However, /1",technical_support
"@DropboxSupport copy file with identical name and replace existing file, will break the link. IIRC, the second method  also worked until fairly recently. /2",general_question
@DropboxSupport They’re almost always PDF files. Size is a handful megs each.,general_question
@DropboxSupport These files are all stored on my machine’s internal drive and sync’ed via Dropbox. No network drives (or NAS) involved.,technical_support
@DropboxSupport Finally got around to properly filing this issue as a bug. Thanks again for your help.,technical_support
"@DropboxSupport The exact same workflow used to function (more) reliably before, though…",general_question
.@DropboxSupport Overwriting files w/ identical names would retain their Dropbox links. Now we get countless 404s from the same workflow. 😡,technical_support
"@idea_cares Thanks, I chose to opt for MNP",positive_feedback
"@116589 
Dear sir, 
I have been struggling to convert my idea postpaid to prepaid for more than a month. Can you please help?",payment_issue
"@116331 recharged with 498 on 24th October benefits still not received.
Customer suffering from bad service of idea",complaint
@DellCares Warning ac cannot be determined,general_question
"@118197 my Inspiron 15 5000 series laptop battery dead after only 14 months.
What?
I bought a lemon.
Not happy.",complaint
@AlaskaAir can I do a SDC from AS to @VirginAmerica if the routes are the same?,general_question
8 weeks old and baby cal already got his first pair of wings😍🛫 thanks @AlaskaAir for being so wonderful all the time! https://t.co/Q8EtgVvU0L,positive_feedback
@AlaskaAir Yeah I can add the bonus 3K later?,delivery_issue
"@118200 @AlaskaAir Hi Paul! Yes, you sure can. Thank you!",positive_feedback
I just registered for Alaska Airlines Bay To Breakers! https://t.co/bVauzh6gmA,general_question
Celebrating Halloween today!@AlaskaAir  #iamalaska 🎃🐾💀❤️☠️🕸 https://t.co/BIM5E4KsRZ,general_question
The fine folks @AlaskaAir have Halloween themed music playing while we are boarding. 🎃,general_question
"@ArgosHelpers No need all sorted, thanks 👍🏻",positive_feedback
@AskAmex I do.  That’s where I looked to add it but couldn’t figure it out,general_question
@AskAmex The Delta Sky Miles Platinum,general_question
"@AskAmex, How do I link my Delta Sky Miles # to my Amex card?",general_question
@AskAmex Thx 4 the awesome customer service. My stolen funds will B replaced &amp; my new card is N the mail. Ya'll R awesome,positive_feedback
"@116988 @askamex, will call tomorrow as insurance dept is closed",general_question
@116988 what’s wrong with customer service number? Service down for 30mins,general_question
.. @AskAmex I have a question but don't want to ask on Twitter.  Too long holding on phone. Do you have customer service dm?  Thx.,general_question
@TwitterSupport I’ve gotten locked out of my personal account and I want to get back into it I need help,account_problem
@TwitterSupport need your help guys,general_question
@TwitterSupport help me!!!!! ASAP Pleaseeee,general_question
@118213 Hi @TwitterSupport please can u delete this account I am being harassed x,account_problem
@118212 Whatever divvy you're about as clever as a chocolate teapot,complaint
@118213 U got shit banter that’s why I didn’t understand it nowt to do with me being thick as fuck,complaint
"@118212 I was talking about us ya donut that's it , we're over , another 6 years in league one",general_question
@118213  https://t.co/5f5Qt1VUJF,general_question
@118212 Going down,general_question
@118213 WANK,general_question
We go again Saturday! #sufc,general_question
@794 This person has violated my personal privacy by publishing a home address.  She has two accounts @795&amp; @789,delivery_issue
"@VerizonSupport what channel is the Sixers game on if it's Blacked out on NBA tv??? 08901
@1638",general_question
"Hey @AskTarget, please start carrying Daiya's Spinach &amp; Mushroom Pizza in Cedar Rapids, IA! https://t.co/d5xrj4ghVi",general_question
Lmaooo @116062 just hung up on me,general_question
@UPSHelp I don’t need anything from you all. I’m currently impatiently waiting at a UPS hub. I’ve been here almost an hour. I’m pissed.,general_question
Omg @115817 is so trash!!!!,general_question
@UPSHelp Y’all don’t care! I’ve called and nobody will send the driver back!!!!!! THREE OF MY BUSINESS PACKAGES,delivery_issue
My packages are gone THREE packages yooooooooooo I’m ready to fight @115817 somebody gotta class action lawsuit these fools 😡😡😡😡,delivery_issue
"Been on the phone with @115817 for almost an hour now,  bitch where is my shit ?",complaint
@VirginAmerica I fly a lot so better get used to me! 👻,general_question
"@VirginAmerica Best customer service! Such a relief after years of dealing with @116450.  In fact, booking another flight with you right now!!",complaint
.@VirginAmerica for the win as  @116450 fails. Maybe time for this life long United/Star Alliance member to make the switch #enough,general_question
How is possible that @VirginAmerica has better/newer movies that @116602?,general_question
Y’all!!! This @115879 ride?! 😳😳😳 I can NOT be matched with this dude again.,general_question
@115879 also my company credits disappeared overnight. (2/2),technical_support
@AskLyft I tried calling my driver multiple times to find him and he didn’t answer and I was just charged a cancelation fee... https://t.co/yH6W6XXlqd,delivery_issue
"@115993 
Am trying to escalate a non received item that I want a refund on. Escalate system errors each time. Help please. Thx",refund_request
"@Uber_Support thanks, however this is a link to the US Uber details. Is there somebody who can help for Australian drivers?",delivery_issue
"@Uber_Support I have been requested to provide my driving record and submit applications for Passenger Transport Licence Code both of which I have obtained. There are however, no links nor upload options neither online or on the app available to upload these documents. How do I?",technical_support
"@Uber_Support and so your team member did connect with me and suggested I change city in my email subscription settings on my profile page and I sent him a screenshot of my profile page to show how I didn't have the email subscription settings button over there at all. Since then, no replies!!",complaint
"@Uber_Support I have moved recently from Delhi to Mumbai, India permanently. However, I keep getting SMS/email about offers in Delhi. How can I change that to Mumbai?",general_question
@AmazonHelp Creo ke no voy a seguir pagando amazon premium pork en cuanto a las devoluciones deja mucho k desear,general_question
"@AmazonHelp Si, es correos y pedí ke viniesen a x el pakete pero me pedian ke me kedase o toda una mañana o toda una tarde en casa pero y mi trabajo??",general_question
@AmazonHelp Es una devolucion,general_question
Me ha tocado un inepto en @4496 keiere gestionar la recogida de mi pakete de @115821 se monta su ruta y yo como penelope a esperarle! 😤,general_question
"@AmazonHelp enviei meu ebook para o premio Kindle às 22h de hoje. Porém, a ferramenta kdp fala q demora 72h pra publicar. Vou concorrer mesmo assim, certo?",general_question
@AmazonHelp beleza 😢,general_question
@117086 ei mim ajuda,general_question
@AmazonHelp Please do it fast,general_question
@AmazonHelp But when will this get solved,general_question
@AmazonHelp Still not got any answer,general_question
@AmazonHelp Still not got any mail please solve my problem right now.,technical_support
@AmazonHelp Not received any email,general_question
@115851 my Amazonid is __email__ is blocked since 3months please unblock it.,account_problem
@AmazonHelp Done that. Was told I would definitely have it by 9pm yesterday &amp; it's still not been delivered!!!!,delivery_issue
Bit of a piss take really now @115830 - was promised it by 9pm today. https://t.co/QKJ9a5DIki,general_question
@AmazonHelp  don't promise a 1 day shipping with a GUARANTEED 8pm delivery when you can't keep it,delivery_issue
#Halloween #goldenretriever #dogs #puppy @115821 6 month old service dog Halloween https://t.co/WOoQOFCXiM,general_question
"@AmazonHelp Not in the mailbox, not on the porch, not in my house, not at the neighbors. This was a Prime order, late/lost again.",delivery_issue
"@AmazonHelp Carrier: AMZL US, Tracking #: TBA516106123000",delivery_issue
"@AmazonHelp Once again the answer is ""We'll send again and your Prime membership means nothing and so does 2-day shipping."" This happens TOO OFTEN.",delivery_issue
"@amazonhelp My order 113-8951188-2020217 says ""Left in mailroom"" but my house doesn't have a mailroom and I've been home all day.",general_question
"@AmazonHelp お忙しい中、丁寧にありがとうございます。
申告窓口へ報告します。(｀_´)ゞ",general_question
"@AmazonHelp いえいえ、Amazonさんこそとばっちりの迷惑かけられてお疲れ様ですm(__)m 

詐欺軍団はあの手この手で迷惑極まりないですねヽ(`Д´)ﾉﾌﾟﾝﾌﾟﾝ",general_question
"アマゾンからショートメールで
有料サイト使用による未納料金が発生してる
的な詐欺ショートメール来た！アマゾン使ってない！！！ｗｗｗ",general_question
"やばー！
Amazonプライム自動更新されてしまった💧",general_question
@AmazonHelp Lol that's not my real name. But basically yeah they won't just leave it at my front door. Tomorrow's the final attempt.,general_question
@AmazonHelp how do I inform your delivery drivers to just leave my package at my front door?,delivery_issue
"アマゾンで注文した小説、ご注文は後、1週間以内にお届けという表記だったけど、二回も配達日が延期になりもう1か月になるのに届かない。
アマゾンで注文したプンタブ、ご注文受けて3日で発送という表記なのにコンビニ払いを済ませたとたん、配送予定日が50日後に変更の連絡。詐欺かな？",general_question
@AmazonHelp Will do thank you for the help,positive_feedback
@AmazonHelp AMZL US,general_question
"Queridos @116875 , no se mamen!. 😒😒😒 https://t.co/MgxuZjfrte",general_question
@AppleSupport I've been trying to update to the newest iOS for some time. It never fully processes. Verification doesn't go through. Help.,technical_support
@115858 I just wanted to let you know that the new update is crap and it wastes my battery more than ever before.,complaint
@AppleSupport Yes,technical_support
Since I updated my iPhone I can’t download apps now. Thanks @AppleSupport @115858  🙄🙄🙄,technical_support
"@AppleSupport It only happens when I close WhatsApp, doesn’t happen with any other app. I run iOS11.0.3 https://t.co/TraFhnSo3i",technical_support
"@AppleSupport Like this. Open the Multitasking screen, swiping up on the WhatsApp app to close it; as seen in the video. https://t.co/yeOErcAbIz",technical_support
"@AppleSupport @118244 So what has become of this issue? Many users are still complaining about this? What is the explanation? What is the implication? What is the solution, if needed?",technical_support
"@AppleSupport I get this message when I close the app. When I touch it I get into the app, but getting this when closing the app is annoying.",complaint
How do I get rid of this notification? @4305 @19762 @115858 @AppleSupport https://t.co/MF02cJYU5A,technical_support
@AppleSupport Wow! Also in landscape! This is better than I think! https://t.co/3dgmcVMKXI,technical_support
Brand New Effect on #iOS11 @AppleSupport Beautiful! Great work! 😂 https://t.co/0INPNlWcvT,technical_support
@AppleSupport Just updated it and still is turing my letter I️ into something different.,technical_support
@AppleSupport is my #IphoneX really going to ship between December 5-11? I preorder right when preordering open at 12:01,technical_support
@AppleSupport Ios 11.1 software update needs to be fixed,technical_support
Fix my shit @AppleSupport,complaint
@AppleSupport fix it,technical_support
@115858 @AppleSupport how will iphone x recognize me with face id if I am wearing my du rag?,technical_support
@AppleSupport My backup was stored to my MacBook Pro which battery died 2 months ago.,technical_support
"Tried to update my phone to the new IOS system, and my phone died while 'charging' &amp; now I lost everything. Thanks @115858.",technical_support
@Uber_Support got this message few hours back. then hour later asked me if my account was working. I said no then the  blocked me. https://t.co/uGQtHhWKGi,delivery_issue
@UPSHelp I’ve been wanting for you guys to call me!,general_question
@UPSHelp I need my shit ! Now,complaint
@UPSHelp I need the person who said I would get a call back today to fucking call!,general_question
@UPSHelp I want my package your lazy ass delivery driver left at another person apartment! And they have no clue where it is,delivery_issue
@115873 I have left my key in a taxi and need to get it back,general_question
@115873 are a joke mate. Honestly trying to charge me £30 for a taxi to Mint when 10 mins ago it was £8? Sly bastards,general_question
@821 why do i have Uber Navigator Help charges to my account #Canada #unknowncharges #irritated,account_problem
@Uber_Support Hi I do not understand how I am suppose to generate my bill for the rides I've got.,payment_issue
@Uber_Support my ubereats promo code isn't working for others,general_question
Temporary experiencing life without internet. I️ can’t work in my office and I️ can’t pay for things in the shop. @Ask_Spectrum how soon can you resume service?,technical_support
@Tesco I can order the right size in Morrisons but would prefer to use yourselves!,general_question
"@Tesco It would be the Talbot Green extra, South Wales.",general_question
@Tesco Was looking at the fresh whole turkey (£4 per kg) or the finest British free range bronze (£7 per KG),general_question
"@Tesco Preferable in store along with my pigs in blankets etc, picked up the festive food brochure but no turkeys smaller than a medium!",general_question
@Tesco Can the 3-4 people size be preordered for xmas collection?,general_question
"@Tesco just picked up your festive food brochure, won’t be ordering from you again this year as you only seem to do turkeys for footy teams",general_question
@ChipotleTweets Can you send me a DM please,general_question
"@ChipotleTweets 2 for 2 in bad pickup order experiences with the app. No way to give feedback on orders, and contact form on https://t.co/dPk4cROuj0 takes too long to fill out.  You probably miss thousands of complaints about pickup order system problems.",complaint
"Hey @Delta iPads can message, you know? Why isn’t the “free messaging” option on flights offered for them?",general_question
@Delta Flight #0080,general_question
Nothing like a delay to Boston on @Delta because someone didn’t get the right paperwork done out of maintenance. Hopefully we leave soon!,general_question
"yet ANOTHER flight delay, and now I won't be getting home until midnight. I want 7 hours of my life back, @Delta.",general_question
@118266 halo skrg kok udh gak ada pilihan bayar pakai pulsa ya untuk berlangganannya?,general_question
"Just a shout out to @comcastcares .. it may have taken a bit, but I gotta say some rather helpful employees did in fact make a difference for me today. Ty!👍👏😊",positive_feedback
@comcastcares 92 James Ave Tewksbury,general_question
"How is it #xfinity #comcast had our cable fixed yesterday, and now it’s out again?? Should have stayed with #Verizon 😕",positive_feedback
Comcast you SUCK!! Your customer service SUCKS!!!You new Xfinity X1 platform sucks!! Will you ever fix my bill and deliver what you promised,complaint
@TMobileHelp @118269 Isn't tmobile buying out sprint? Lol,general_question
@118270 @TMobileHelp I don’t know I just wanted to win lol,general_question
@TMobileHelp If you’re Gunna give me tickets to London then yes 😇,general_question
@115911 FAKE NEWS! Switching to sprint bye 👋🏽,complaint
@TMobileHelp Yeah that's not even the bad part... @118272 sent me A phone but the sound doesn't work... They won't send me another until I send this 1.,complaint
@TMobileHelp @118272 Now I'll be phoneless for another day &amp; A half.... I need my phone for GPS and other daily task...,general_question
@115911 @118272 @TMobileHelp I've been phoneless since Sat.... Had to wait until Tuesday to get A replacement phone and they send me A broken phone...,general_question
Done with @115911 after this year... Might even cancel before the X comes out highly upset and disappointed with @118272 @TMobileHelp,complaint
@115911 I can not get my free movie on Vudu,general_question
@TMobileHelp Done!,general_question
".@TMobileHelp can you help me out? Having some connection issues on my route to/from work. DM me, please! https://t.co/iVVzF3mcn5 https://t.co/NGjcNq35O2",technical_support
Hey @118276 thanks for helping me get a $3 @ChipotleTweets burrito bowl  #GingerLove #GingersUnite #MusicalGingersUnite https://t.co/dOIYPTHUgz,positive_feedback
S/o to @ChipotleTweets's halloween spirit and the fact that my bowl only costed me $3.21!!!! 🎃👻,general_question
"“Wrong place at the wrong time.”
(Modern Day)

I only wear costumes for @ChipotleTweets anymore😂 https://t.co/76fAwyuTOd",general_question
@ChipotleTweets why is yout rice always undercooked I feel like I’m eating plastic smfh,general_question
Shout out to @chipotletweets on Marshall Street with $3 bowls and burritos for Halloween!… https://t.co/2Wq5VYOVvQ,general_question
@ChipotleTweets Best thing that’s happened to me all month! Thanks again to the awesome dude and thanks chipotle for existing!,technical_support
"Wait forget everything, my favorite part of the night was when a guy in front of us @ChipotleTweets paid for our #boorito 😭 #halloween",payment_issue
Shoutout to @ChipotleTweets for the ~spooky~ good deal on booritos 😱😱😍 https://t.co/u51QIiCob2,general_question
Best part about Halloween has been  the $3 burrito from @ChipotleTweets for the last few years. #TheRealOnes #NeverDisappoint,technical_support
@ChipotleTweets So how many retweets are we talking Becky,general_question
When chipotle is you’re life😍😭🌯 How many retweets do I need to get free chipotle for a year?! @ChipotleTweets https://t.co/LMqsO0CjDy,general_question
"Ever since that chipotle made me sick I have not been fucking with it at allllll , the smell of it be making me nauseous.",general_question
I'm @118287 for halloween this year. Omw to @ChipotleTweets to top off the costume. Will post pics later 😎👌,delivery_issue
"Halloween tradition continues: cheap(er) burrito bowls at @chipotletweets and this year, free… https://t.co/pP5jDvx5hB",general_question
"@ChipotleTweets Can I get more than one boorito with a costume? I normally get 2,",general_question
@ChipotleTweets $3 for a steak bowl!?!? Let’s take our relationship to the next level ❤️🔥,general_question
3 dollar burritos @ChipotleTweets is clutch 🔥,general_question
@ChipotleTweets If I wear a basketball jersey would that count as a costume?,general_question
@ChipotleTweets is tonight’s Halloween promo for burritos only or bowls as well?,general_question
#doinganything for a #3dollarburrito @ChipotleTweets #Indy #STTCONV17 https://t.co/HnLBjHXact,general_question
Happy #Halloween!! Dress up at least for the @ChipotleTweets!!! #Chipotle https://t.co/UyROaVFSoN,technical_support
"@ChipotleTweets counted my work uniform as a ""costume"" for the $3 #boorito deal 😅",general_question
@ChipotleTweets Already done!,general_question
"It was a happy Halloween until I encountered the RUDEST Chipotle manager in America...@ChipotleTweets Murray, UT location.",technical_support
"$3 Halloween @ChipotleTweets 
What are you?

Hungry",general_question
just realized chipotle charged me 21 bucks while wearing a costume 😡😡@ChipotleTweets,payment_issue
"@SouthwestAir is killing it with motivational pep talk/big game loss commercial. I thought @648 maybe inspiration, but they don’t win 😂😂",general_question
@SouthwestAir thanks for the companion pass! I’ll be sure to use it wisely..... https://t.co/4NCWmPQdXz,positive_feedback
@SouthwestAir Why do you charge $75 for a surfboard when skis and golf clubs fly for free?,general_question
@hulu_support @115940  remove network logos from your streams. It's going to cause burn in on my #oled  discourages binge watching. @118302,general_question
@hulu_support Why is part of Blindspot season 2 missing?,general_question
@hulu_support is hulu down right now 11:33 est?,general_question
@hulu_support iPad to tv thru USB connection,technical_support
@115940 watching the World Series on your app and there's no picture 😴😴😴!,technical_support
@hulu_support Back on. Thanks!,positive_feedback
@hulu_support It’s happening again.,technical_support
@hulu_support Keep getting “playback failure” trying to watch the #WorldSeries. Come on ya’ll..:,general_question
@Ask_Spectrum No. You guys need to fix it. San Antonio 78201. You guys have DM me before aand you do nothing that fixes it.,general_question
@115955 @118308 @117118 Sure won't be your service,general_question
Who do you think is going to win Game 6 tonight? @118308 @117118 #LetsGoDodgers #EarnHistory #WorldSeries2017,general_question
@idea_cares @116590 @116588,general_question
"@idea_cares
I went to the store and asked for MNP. They said I'd have to port in postpaid as prepaid service is blocked. Really a bad move for forcing customers to opt for postpaid.
@116590",complaint
@115722 I haven’t had phone/Video/internet service in 2 days and hear nothing from you...every restoration time has been wrong,technical_support
"@VerizonSupport Yes, the SD feed is so blurry at times that it's hard to tell what's going on.",general_question
"@VerizonSupport yes, it affects all TVs but it doesn't impact commercials. It's a slight choppiness and blurriness during the game broadcast",general_question
@AskPlayStation Im following,general_question
@AskPlayStation dm,general_question
@AskPlayStation Done and done.,general_question
@AskPlayStation Everything is appropriately updated and there is no camera. My #1 Orisa NA dreams are dying.,technical_support
Why does this keep happening @AskPlayStation? OW and the PS4 are both up to date. I can't risk placements with this ish. https://t.co/Y5ozFoBrsr,technical_support
@AskPlayStation why can't I buy games? It won't let me https://t.co/LXIpD7lkDh,general_question
@118315 Have had zero regrets cutting cable for Vue,general_question
If I’m gonna cut the cable cord what’s the best way to go about it,positive_feedback
@AskPlayStation how do I recover my restrictions passcode,general_question
@AskPlayStation Or nah,general_question
@AskPlayStation I have  a question regarding upgrading internal storage space on PS4. Who should I talk to?,general_question
@AskPlayStation I have a question regarding upgrading internal storage space on PS4. Who should I talk to?,general_question
"hello I hate Halloween, Adobe programs, and bugs",complaint
"#NEFollowers #wallsend #smallbusiness What time is Argos open on Black Friday in Newcastle, Metrocentre and Sil... https://t.co/F2Cyqg9w1O",general_question
I JUST WANT TO B GOOD AT MY  MF CRAFT BUT INDESIGN IS SO FUCKIN DIFFICULT,general_question
"Fingers crossed but I’m hoping you’ll love this: Lightroom Presets: Killer Looks With Just One Click with S...
https://t.co/1Vh5ALU07c",positive_feedback
It would be great if Lightroom didn't crash every time I import pictures.,technical_support
@118323 Adobe and their hate for permanent licenses,complaint
i love photoshop but like its silly to me to not have a one time payment,payment_issue
"NOW MY PREMIERE PRO HAS CRASHED AND NOW I HAVE TO DO THE EDITING ALL OVER AGAIN, MY LIFEEEEEEEEEEE 😡😡😡",technical_support
@AdobeCare @118325 Oh shit waddap,complaint
Pretty sure Adobe Premiere wants to kill my computer.,general_question
"I’ve had Slack, iMessage, Adobe, and Dropbox all just stop working in the last hour. If you need me don’t.",general_question
@115765 hi I have a problem I bought the game in the psn store and can not download it now will the download only released at 3.11 ?,technical_support
@115758 why do i keep getting kicked for inactivity when im actually playing,general_question
👻 #HappyHalloween2017 🎃 @115758 @115766 @ATVIAssist @115786 https://t.co/he0oMT03qS,technical_support
@MicrosoftHelps Hey - I'm not entirely sure; it sort of resolved itself. I suspect it might have been either a Windows or Nvidia update but I'm not sure 🤔,technical_support
"@MicrosoftHelps Hm, that's fixed it. I'll try selectively re-enabling things to see what it was.",positive_feedback
@MicrosoftHelps Which drivers do you want me to check? My GPU is running Nvidia 388.00 (latest) and I've checked the System Firmware too.,delivery_issue
"@MicrosoftHelps I'm running Windows FCU 1709, and an Asus Prime X370-Pro motherboard. Let me know if you need any other info.",general_question
https://t.co/iLD1l6kRgL any idea why I'm seeing this @MicrosoftHelps? I'm also seeing inconsistent lag in Chrome and other apps.,technical_support
"@MicrosoftHelps Hi! Id like to clear a folder in my Programm(x86) file, but everytime i get this message (In German). Oh,and i use Windows 10 Pro https://t.co/a7BEtXDiY1",general_question
@MicrosoftHelps How can i deactivate the Built in Administrator?,general_question
"@MicrosoftHelps Finally downloaded app but hangs on ""Just a moment"" then times out.",technical_support
"@118334 At long last app downloaded, clicked Install, now hung on ""Just a moment..."". My net cnxn fine. U have server problems?",technical_support
"@MicrosoftHelps Windows 10 update this morning, and now my second monitor looks like this. Already restarted and updated graphics driver. https://t.co/iQMD3UIuKI",delivery_issue
"I just did the latest Windows 10 upgrades, @MicrosoftHelps. Now YouTube won't work, and live streams have no sound. How are these upgrades?",delivery_issue
"@MicrosoftHelps Hi, I can't take a screen shot as it's the only place I'm logged in is there a way of someone telling me the password?",technical_support
@MicrosoftHelps Says my information was not sufficient and submit a new form,general_question
@MicrosoftHelps Hi I just keep getting rejected by the form so I have given up,general_question
@MicrosoftHelps I can't reset my password and I can't talk to an agent as I need to log into my account please help,account_problem
@AirbnbHelp Thanks! Have sent you a DM!,positive_feedback
"@118339 I just now returned from holiday &amp; want to leave positive review for a property, but app says it's too late, seems unfair on host",delivery_issue
@idea_cares @116588 @116590 @118341 @15355  this is nothing much them mentally physical harassment Indian Citizen. I think Government enjoy,general_question
"@idea_cares @116588 @116590 This decision given by supreme court of india. Already submitted many documents, done physical verification done. https://t.co/VHwewKPPGA",general_question
@116588 @116590 @118342 everyday getting threatening from  operator @116331 @118343 but now what??? https://t.co/LScx1QqfKF,general_question
@JetBlue Ok. He just sent u DM w info. Pls help them out and guarantee seats together. Poor form to do that over a 10-min change in departure,general_question
"@JetBlue Terrific. Thanks for taking care of that. Strong customer service, @JetBlue",positive_feedback
@JetBlue Not at airport. Flight is tomorrow. Pls fix this and guarantee them seats like they paid for.,payment_issue
"Hey, @JetBlue. You change your departure time by 10 mins &amp; give my friends seats away. WTF?!!",complaint
@JetBlue what's the reason for the &gt;2 hour delay on flight 824?,general_question
"@AirAsiaSupport clear me the luggage, I think &lt;7kg for Cabin, and how much for extra Luggage may carry without extra chages",general_question
@AirAsiaSupport THANK YOU,positive_feedback
"@AirAsiaSupport Child CONNIE KE NING TEO FEMALE
booking number is NGP3WL",general_question
@AirAsiaSupport HI I WANT TO ASK IF GENDER CHILD WRONG SHOULD I NEED TO CHANGES??,general_question
"@AirAsiaSupport Hi. Please help me to change the salutation (Ms to Mr) for Robos Anak Nyaraw, booking num FF2ZL. Thanks in advance",positive_feedback
@AirAsiaSupport Thanks Anwar ..,positive_feedback
@AirAsiaSupport Thanks yana.. booking number TK4YWC. Passenger name Ravishankar Parthasarathy (wrongly put as Ravishankar Parthasarathi) . DoB 7th July 1954,positive_feedback
@AirAsiaSupport hi made a booking TK4YWC just now and made a typo in one of the passenger's names..  please help,general_question
@AskAmex no,general_question
@AskAmex @118350 I've had a charge appear on my account in another state while I was sleeping. What do I do to get my money back.,refund_request
@AskAmex I tried adding the card to my PayPal and it said it was declined..just bought the card too. it's a prepaid,payment_issue
@AskAmex yo I need help with a gift card,general_question
"@AskTarget You mean early Friday morning? Release day is Fri.,11/10.",general_question
What’s the point been here about an hour and no ride going home . @AskLyft  @115879 https://t.co/GRwPOMbhJP,general_question
@115993 @115993 literally why is this such a hassle? Literally no one else I have asked has had them done to them.,general_question
@115993 old account. Thanks for keeping me away from money! I appreciate taking 200 off my hands and being a huge waste of time!,technical_support
"@115993 even after I sent all the right documents, did all that your customer service told me and even after all that I didn't get to close my...",general_question
"@115993 thanks for making me call 3 times, telling me to make a new account, then limiting the new account...",account_problem
@AmazonHelp My Halloween costume is a day late. Can you help?,delivery_issue
Seriously @115821 what is up with ordering things and it being open?  You guys shipping returned items.  2nd day in a row this happens :SMH: https://t.co/gMyT1z9Zu1,delivery_issue
@116090 don't promise a 1 day shipping with a GUARANTEED 8pm delivery when you can't keep it,delivery_issue
@AmazonHelp Many times..Always got them saying well deliver it by deadline...I hate your service now,complaint
@AmazonHelp It's point less to actually fill this form.Since you always give me those replies with I'll personally follow up and stuff..,complaint
"@AmazonHelp what the hell is going on?! Today's last day to deliver and still not shipped!!
Should I pledge that I won't ever order from u?!",general_question
@115858 this glitch is blowing mine. please fix it.,general_question
@AppleSupport 11.1,technical_support
@AppleSupport 11.1 iPhone 6,technical_support
@115858 @AppleSupport your latest iOS update had made my phone slower and apps like iMessage are slow to open and load.  What’s up with this?,delivery_issue
@115858 @AppleSupport any suggestions???,technical_support
"#iPhone8 is great but I wasn’t aware of the strong vibration. Anywhere I sit my phone, it vibrates off of that surface &amp; now this @115858 https://t.co/DjaomnWYAW",positive_feedback
@AppleSupport a couple of days ago. it’s been happening on a few of my friends’ phones as well.,technical_support
@AppleSupport It’s happening in all my apps. I’m thinking there’s a problem with the keyboard.,technical_support
@AppleSupport @118360 Saturday.,technical_support
what’s up with the letter “i” man? pls fix. i’m annoyed. @115858 @AppleSupport,technical_support
@AppleSupport No it doesn’t address.  Nothing even included about battery improvement on the SW release notes from what I can see.,technical_support
@AppleSupport So I sent you a DM and didn’t get a response. Are you actually willing to help or just trying to take it offline? Software upgrade was done,technical_support
@AppleSupport I app. the reply. Iphone 7+. Not finishing for an 8 or an X just fix the SW. I can’t go another week with the 7+,technical_support
@115858 so IOS 11 reduced avg battery life from 240 minutes to 96?? Seriously I would rather have my batter explode and get a new one...,technical_support
"@AppleSupport @118363 @AppleSupport me, @118361, and @907 are all having the same issue. Any fix?",technical_support
@118364 @AppleSupport @118361 @907 Per Apple this is the fix... I’m not sure who they think has the time for all this.  They need to release and update &amp; stop playing https://t.co/fjqcdB68mM,technical_support
@118363 @AppleSupport @118361 @907 Girl wtf?!?! Dis tew much 😰,complaint
@118364 @118363 @AppleSupport @907 Who the hell got this kind of time 😂😂,technical_support
@118364 @118363 @AppleSupport @118361 @907 Man I’m having the same problem. Thought EYE was alone. Was just about to accept life without ever using the word “I” anymore.,technical_support
@118365 @118364 @118363 @AppleSupport @907 try this guys if you haven’t figured it out yet https://t.co/Qa8lX6rPYB,technical_support
Excuse me @115858 @AppleSupport:  when y’all gonna address the fact that some glitch is turning Is into hieroglyphics?!,technical_support
"@AppleSupport The only keyboard I️ have is whatever my iPhone came with. It’s occurring in everything: messages, social media, emailing ect.",complaint
@115858 why does my uppercase letter “I️” look so weird. Fix it please,general_question
Can @115877 get me that pollo regio tho!🤔🤔🤔,general_question
"@Uber_Support @118368 some uber drivers dont pick up customers so that they can cancel and get the cancellation fee, please look into that @115873",delivery_issue
Think I'll start using @115879 more. @115873 drivers canceled on me three times left me waiting for nearly an hour.,delivery_issue
@Uber_Support Just signed up thru ShopYourWay. Supposed to get promo for 1st ride free and $5 back in SYW points. No code sent?,general_question
"@Uber_Support Right, I understand. What I don’t understand is how my score went from a 5 to 4.82 after one trip when I didn’t do anything during my ride",general_question
Just saw that my @115873 rating went down and I AM PISSED.,general_question
"@Tesco Hi! It was online,the sets were:
LEGO Technic Mercedes-Benz Arocs 42043 Cat#:719-7013 and Technic Heavy Lift Helicopter 42052 Cat#:663-9284",general_question
"@Tesco Looked online constantly, then check just after 3for2 was over and low &amp;behold, they were immediately in stock.Appreciate you investigating.",technical_support
"@Tesco I think it's really wrong.I've spent A LOT with you&amp; I feel like the prices hiked &amp;certain sets ""out of stock"" during,until hours afterwards",general_question
"@Tesco Locate? Was it hiding in the warehouse. Literally out of stock all promotion, then find some 4-6 hours after it finishes? Very disappointed!",complaint
"@Tesco @118373 can they be serious. Offer 3for2 on toys,not only increase prices before promo but popular sets not available,until hours after",general_question
@Tesco @118373 @118374 has anyone else report similar. Argos increased their toy prices too when they started their 3for2,general_question
@118372 @Tesco @118373 @118374 Bought a doll £25 b4 £40 during 3for2 sale,general_question
@Tesco That's fine but howcome it wasn't in stock throughout &amp; then becomes in stock and listed online as available within hours of the promos end?,general_question
"@Tesco howcome less than 24hrs after 3-for-2 toy sale ends you receive stock of some of the most popular Lego sets,coincidence? @118373",general_question
@Tesco thank you for delivering mouldy peaches I am sure they will be lovely (not happy) https://t.co/HrlTWcR4bl,complaint
@Delta pay for baggage to go in the hold and no bags arrive because the plane hold is “too small” what a absolute joke!! #delta #airlines,delivery_issue
"A free first class upgrade on my PHX to SLC flight? That's just what I wanted for an early birthday present. Thanks, @Delta! 😊 🛫 #silver",positive_feedback
"@Delta earns our gratitude and respect. Thank you, Apiola, for representing your company well.",positive_feedback
Had to make a pit stop for quick plane fix but they fed us pizza while we waited 🍕🍕Thanks @Delta! #ineedmorewinethough 😂😂,positive_feedback
"@Delta your airline and ticketing process is a nightmare. Why would you assign me two seats separate from one another, when I ordered both tickets at the same time, on the same account, in the same order? How does that make sense? You're a greedy unethical company.",account_problem
.@Delta  Cheers and thanks for the upgrade to Dublin!! Unexpected and appreciated!! #2millionsoon https://t.co/KoDdFKMmXp,technical_support
@SpotifyCares I'll check it out. Thank you,positive_feedback
@SpotifyCares Nevermind. I just googled it 😬,general_question
@SpotifyCares I just tried to open the link and it gives me a 404,technical_support
@115888 My kids wanted premium but your student deals are only for college/ uni kids. Won't you consider the younger kids that are addicted to Spotify too?,general_question
"Student? Get your fix of Premium. Play the songs you want, over and over. $5.99/mo. https://t.co/Mj07oJAmfY",general_question
@115888 web player gets broken sound in Chrome and does not work at all in Safari. Nice work.,general_question
@115888 can you please bring back the „touch preview“ feature??? Please? 😭🙏🏼,general_question
@115888 I need help with my account I keep getting charged for an account that is on the free subscription but was once premium,payment_issue
@SpotifyCares Well seeing as it didn't work anyway I can't see this a bad thing. Hopefully you will get it fixed soon. Seeing as it's been &gt;6 months,complaint
@SpotifyCares @SpotifyCares does this work on roku yet?,general_question
"@ComcastCares
Ummm, how often do you move the restoration times? I have no cable but a mile away does?",general_question
@118390 @116136 Heard about them but I’m like so not tech savvy so I feel like I’d be lost af lmao,general_question
@118389 @116136 Screw Comcast..go get yourself a jailbroken firestick..they're dope,general_question
I'm over @116136 and all their INSANE fees. Any suggestions on cable/internet deals?,technical_support
@British_Airways @118393 @118391 I am still waiting 😒 https://t.co/7860yS2G9s,general_question
"@British_Airways This is what I was told and since then, no one contacted me asking about my email in order to provide further details. #refund https://t.co/7RoF4wNv9v",refund_request
@British_Airways if your staff dont know how to do their job properly is not my problem,technical_support
"@British_Airways are you blind? You said I will get my refund so do it, I have a lifetime to show people how crap is @British_Airways thats not a problem https://t.co/8MXN3RQ4z3",complaint
@British_Airways give my money... as you stated previously you would refund me. now you going back on your word... shit airline shit customer service,complaint
"@British_Airways Hi Helen, I’ve been told this already by a couple of representatives over the last days. This seems like joke. Not happy at all.",complaint
@British_Airways I’m sorry but I don’t buy it. You overcharged me of almost £800 on the 17th and very little assistance. I won’t use BA again.,payment_issue
@British_Airways @118393 @118391 it is a joke. This company is crap and these people is useless and incompetente a part from liers and thieves,complaint
"@British_Airways still no refund, your assistance comes every 12hrs &amp; no money since 17/10. Are you waiting for the problem to fix itself?",refund_request
@TMobileHelp It's not an individual account problem. People around me are experiencing same issue. I'm just letting u guys know. LTE is slowed to a crawl,technical_support
". @115911 LTE in College Park, MD is messed up. Changing network mode to 4G as a workaround. You guys got a damaged tower?",general_question
@118271 @115911 @118272 @TMobileHelp Same I’m done with them I can’t even three way call on my phone... and it be other glitches,general_question
@TMobileHelp I need you guys to stop ripping me off when living outside of the US.,general_question
"@TMobileHelp I've been through this with you guys before, and you guys said you can't do anything else for me.",general_question
@TMobileHelp @118396 Gotta love bots. :),positive_feedback
"@118190 @118398 Now, we just have to sort @115911's crappy service in Canada. 😉",complaint
@118396 @118398 Happy to hear that. Welcome back.,technical_support
@118398 @118190 It's working for me at this very moment.,general_question
Feels like a part of my life is missing with @118190 being down 😞 https://t.co/nN8ODqz7W1,general_question
@115911 PLEASE DONT DO THIS TWITTER THING AGAIN YOU ARE ISOLATING CUSTOMERS!,general_question
@TMobileHelp What DM???,general_question
@115911 I have number with unlimited service can I installment iPhone X,general_question
@TMobileHelp is the deal for $17/mo iPhone X with eligible trade in still available?,general_question
@AmericanAir Done,general_question
@AmericanAir According to reservations when I spoke with them they said it was nothing that they could do smh,general_question
"Can’t believe @AmericanAir used to be my favorite airline, it only takes one time to leave a bad taste in my mouth smh",complaint
@AmericanAir Done. Thankyou,general_question
@AmericanAir better give me a window seat tomorrow seen as it won’t let me check in online and I have a 7 hr flight and straight to work 😴,general_question
One of several questioning loyalty to @AmericanAir after poor treatment by gate agent tonight. Flight 41 ORD to SFO.,general_question
@AmericanAir If bags are designed by @825 to fit in @AmericanAir why don’t you let them on the flight?,general_question
1/ Why @AmericanAir am I️ loyal to you? Your gate agent greg on ORD-SFO flight wouldn’t let over a dozen passengers take bags designed,general_question
@AmericanAir @116462 I include them on my tweets. They don't respond. You need to dump @116462. They are reflecting badly on @AmericanAir,complaint
@AmericanAir @116462 Long-standing problem that AA Mgmt. seems unwilling to address. Screw your EP #RoadWarriors becoz we have no options. Just wait.,technical_support
@AmericanAir Really bad service Ron,complaint
"@AmericanAir In the meantime, we can't do work by something as simple as receiving and sending emails. Pathetic &amp; Where is @116462 refunding my fees??",refund_request
"EP on @AmericanAir who continues to not be able to do work. ""Great is what you want to be?"" Sorry, missed by a long shot.",positive_feedback
Last minute #Halloween costume 🍉 do it for the @ChipotleTweets and @118408 https://t.co/wYieRE4joD,general_question
Thanks for the $3 BOOrito @ChipotleTweets  - Great seeing all the other costumes in line.  👻🌯,positive_feedback
@ChipotleTweets Bless😍😩,general_question
@ChipotleTweets https://t.co/Tpa9NakC1b,general_question
@UPSHelp I sent you a DM. A service was still paid for but not provided. Even though you are working to deliver as quickly as possible this is deceptive.,payment_issue
@115817 3 out of 3 deliveries this week have missed their delivery date. One was 2 day air and one was shipped from 10 Miles away. Completely unacceptable,complaint
this is why i tell my boyfriend not to eat at @ChipotleTweets 🤷🏻‍♀️ https://t.co/pRUZ2Cz2nk,general_question
"It’s the most wonderful time of the year, @ChipotleTweets is only $3 for dressing up in a costume 🙏#Halloween #boorito https://t.co/5T9G9Tz9uL",general_question
"All I wanted today was a boorito from @ChipotleTweets and it didn’t happen 😔 

Maybe next Halloween.",technical_support
@ChipotleTweets How are you going help? Are you going to come cook this 🍚,general_question
Ever time I eat @ChipotleTweets I’m reminded why I don’t eat there #plasticrice,general_question
There’s still an hour to dress up and get a $3 burrito from @ChipotleTweets. #tempting #butiminmypjs,general_question
Nothing's worse than having a @ChipotleTweets chicken bowl that's nothing but burnt chicken smh,general_question
@ChipotleTweets Modern day cowgirl https://t.co/rnMPTfhjFP,general_question
The things we do for $3 booritos 🌯 #goMoundridge #wildcats @ChipotleTweets https://t.co/w3JZUKW05w,general_question
"Hey freehold, NJ @ChipotleTweets you are 1 more forgotten salad dressing away from me not coming back. #5strikesyoureout",general_question
So in case anyone wanted to know. @ChipotleTweets  really is doing the $3.00 thing if you wear a costume,general_question
Ready for my @chipotletweets Boorito!!! #halloween https://t.co/qEMfkKLIjV,general_question
"@airtel_care Hi,the above is not an Airtel Kenya number.^Jamo",general_question
@118422 @118423 @airtel_care Hello...kindly improve your network in vihiga county,general_question
@118423 @airtel_care kindly assist ^Jamo,general_question
@airtel_care @118424 @116329 @118425 @118422 @80275 @80276 @117128 #MAKEMYSUBSCRIPTIONVALID #08124876140,general_question
"@airtel_care i don't have airtel nobr again,bt U can call me on +2347036263955, plz i need to do D swap, am fedup of buyin new sim&amp;new nobr",general_question
"@airtel_care airtel is very funi, how can u be asking me to do welcome brk for #1200 , seriously dat bad of your netwrk,",complaint
Today will be my third day in a row having @ChipotleTweets  I also know too much information about the company to not be paid.,payment_issue
@ChaseSupport And what about payments *not happening* - that has to be able to show earlier? I can't make a $3K payment &amp; 15min later still says unpaid?!,complaint
"@ChaseSupport Pop ups? Who uses popups anymore. Everyone's settings are to block them. You have to re-animate the tab, which is what you guys did before.",general_question
"@ChaseSupport Also, what's up with not being able to submit feedback at the site? I'm given a phone number to call to leave feedback. Are you kidding?!!! I have to call a human past midnight &amp; deal w/wait times &amp; explain 5x before they get it? I can't type it out? It's 2017!",general_question
"@ChaseSupport also what's up with not letting me know you're about to log me out? 

Also, what's up with me having to click to get to a sign-in screen.... The fewer clicks the better, why did you make it MORE clicks, seriously?!!! I can do nothing on the site w/o sign in!",technical_support
"@ChaseSupport wow major issues w/new website. Paid CC, but I'm still told it's not paid. So I ended up paying it twice. AMEX figured this out 2 yrs ago, and even your own old site used to say Pmt owed: 0 as soon as you paid. I want to run from you!",technical_support
I’m gonna need at least 1000 bags of honey glazed peanuts for @SouthwestAir to make up for what they’ve put me through the last three days,general_question
@SouthwestAir hi! When do Hawaii routes start? Thanks,positive_feedback
Of course we aren't flying to Vegas till Thurs @805 - today was free drink day on @SouthwestAir ... how perfect would that've been,general_question
My goodness @SouthwestAir that was a dark commercial! Now I'm sad for a fictional team!,general_question
@115940 this new layout is the absolute worst. Flashy colors only further irritate me when my compiled list to watch was wiped out in favor of your new system. Why are you doing this to us?,complaint
"@hulu_support Of course I want it minimized. It’s five minutes behind.  Don’t call it live if Twitter can spoil the result, you know?",general_question
@hulu_support It’s not my setup. Hulu just chugs at the most random moments. https://t.co/XtReKr5cSB,general_question
"@hulu_support No, sorry, I’m not doing that. The World Series is on. Your app just keeps unilaterally stopping the stream. The issue is not my modem.",delivery_issue
Pretty neat how @115940’s ‘live’ stream of the ballgame is two batters behind Twitter. 😑,general_question
"@hulu_support On live tv DVR, ~63 minutes. At Hulu online 85 via browser w/ no ads. This is first week with DVR ads and they are no-skip ads.",general_question
@hulu_support Will provide info. BTW entire show is present this AM and commercials are gone.,general_question
@hulu_support livetv only had half of danc w/ stars recorded and had commercials which shouldn’t. What’s up?,general_question
@hulu_support I'm all set.  Thank you!,positive_feedback
"@hulu_support. Hi, whet can I find put the date an ""add on"" was added to my account?  I didn't add it but want to find out who did.",account_problem
@115940 are you kidding me? The live stream of the series is down again? Cancelling tomorrow.,general_question
im just shitty rn I hate @115714 with a passion 😡,complaint
"@sprintcare You're the worst, period.",complaint
"@sprintcare Im sorry, but it has been 40 days, and the service in Puerto Rico is worst thsn ever. I can't even communicate with my family well.",complaint
@sprintcare Because there's never any LTE!,general_question
You are the worst cellphone company in PUERTO RICO @115714 https://t.co/8VyagspYV0,complaint
@115714 y’all really need to get this signal shit together G,complaint
"@Ask_Spectrum just the free movie options, sorry. thanks for checking in 😬",positive_feedback
@Ask_Spectrum Thank you!,positive_feedback
"@118442 lol... understand

told you netflix options were garbage. this is spectrum's on demand which is 🚮 too",complaint
"@118441 define enjoy, when talking about that series.",general_question
do i need to have seen Purge 1 to enjoy Purge 2?,general_question
@Ask_Spectrum Peace,general_question
"@115955 called your customer service. Was a waste of time, did not help",general_question
"@Ask_Spectrum No, can you just turn the internet back on and make the sucking stop?",complaint
"@Ask_Spectrum It came back on. Now, can you just leave it on and stop turning it off? Is there a switch there that you guys just fiddle with?",general_question
@Ask_Spectrum can your internet service stop sucking for maybe 20 minutes? Thanks in advance.,complaint
@Ask_Spectrum @115955 @ask_spectrum Maybe my payment just won't show up this month ~ I'm sure I would get a call then.,payment_issue
@115955 @115955 I can assure you technician 26480 is not at my house even though  he texted 1.5 hours ago he was OTW,general_question
"@115955 why is your customer service so pathetic? Still waiting on my ""appointment"" that was from 6:00-7:00 pm",technical_support
@Ask_Spectrum I can’t access my account number because im paperless and can’t get on the internet to access it.,technical_support
@Ask_Spectrum I can’t access it because I can’t get on the internet.,technical_support
@Ask_Spectrum is there an internet outage in 91604?,technical_support
"@118448 sneaky sneaky sneaky, offered free Showtime as ""loyal customer"" then jacked up the internet and basic TV prices. FIOS where r u",technical_support
"@VerizonSupport Lines on the screen and no audio on all TVs, but it's just that channel",technical_support
@115722 why is it that the only channel I can't watch is USA Network? A girl is trying to watch Smackdown 🤔,general_question
@VerizonSupport how do you get the text off the TV where they repeat everything Person is saying? (Fios),technical_support
@VerizonSupport I received excellent customer service tonight from Laura. Please PM if you want additional info to look up my acct info.,general_question
"@VerizonSupport Feed for the World Series has been extremely choppy all game, please help",general_question
@115725,general_question
Is anyone else getting a choppy feed for the World Series game?,general_question
@AskPlayStation A refund,refund_request
@AskPlayStation my mother bought the wrong fifa that I asked for. She bought fifa 17 instead of 18 on the PlayStation store and I can't get,general_question
hey @117014 @AskPlayStation is there a new Playstation with 4K integration on the horizon?!,general_question
@AskPlayStation Can't you only have one primary account per console?,account_problem
@AskPlayStation I activated both as primary and the other account still can't play it,account_problem
@AskPlayStation Still isn't letting the other account play,account_problem
"@AskPlayStation North America, NY more specifically. Both accounts were also set up in NY",account_problem
@AskPlayStation Thanks,positive_feedback
"@AskPlayStation @117353 I bought Fortnite on the primary account, Now my sister wants to play it but can't play it on her account",account_problem
@AskPlayStation Sony's password management is atrocious. I've updated my password twice now and both times it tells me it's wrong. Help?,technical_support
@AskPlayStation Deleted friend but they are still in my followers. Not cool. Solution?,general_question
"2) @116016 @ChaseSupport of the apparent flaw and security risk, letting us know we should change our passwords ASAP would have been nice",technical_support
@ChaseSupport This is only 200$ coupon. I had a mailer which gave 300$ for checking account.,account_problem
@ChaseSupport My coupon was for total checking account and coupon value 300,account_problem
@ChaseSupport I did that. Their response was that the system wouldn’t accept it,general_question
@ChaseSupport Was looking to avail my coupon for 300$ for opening chase account But the bank was ill staffed and my account opening postponed to tomorrow. My coupon expires today. Plz help,payment_issue
"@CoxHelp My internet went out in the storm. I got a message it was restored, but it’s not working. Can you tell me if my area is still down?",technical_support
@CoxHelp hi my name is Meaghan Shanley and my parents and I have been out of internet since yesterday! Can u guys like speed this process up,technical_support
@CoxHelp DM you. 2 hours after said fix time 🙄,general_question
@CoxHelp come on guys. We spend a lot of money to have this service up and we're on 2 days without. Poor service,complaint
Why does the picture/audio glitch every 10 seconds on everything I watch? @116021,general_question
"@CoxHelp please fix the wifi in barrington, ri. i am going insane and using all my data💓",technical_support
"** Dear @116021 .... Y'all icontour TV thing is trash... 
Like I can't even explain how uninterested I am in watching TV now that I have it",general_question
"@116021 Is there any chance you folks might consider serving Lakes Region NH? Desperately miss the speed, reliability, and service here! 😭",general_question
@DropboxSupport Yes I am! I’m located in Hawaii. Everytime I try to log in via laptop cell phone it just returns me back to the log in page! Help me😩,account_problem
@DropboxSupport Thank u support team heads up to all iOS users: be sure cookies allowed are turned off 🤗😬 thanks again!,technical_support
@DropboxSupport are you guys still having log in issues? Via desktop and Xbox dvr website?!,technical_support
"@XboxSupport Please pass on my disappointment. We used ""Xbox Select"" daily. The Cortana version lacks app functionality, and Cortana commands are slower.",technical_support
"@XboxSupport That is frustrating advice...it's not that I want to see it change, I just want functionality back that I've had since Day One 2013!!",general_question
"@XboxSupport Cortana recognizes it, but it doesn't work the same way. Specifically, I can't use it in some apps, such as Crunchyroll. Home &amp; Store work.",technical_support
"@XboxSupport Can you please confirm whether the ""Xbox Select"" voice command was removed, or if this is temporary? https://t.co/rTs4zYNiVS",general_question
@XboxSupport stuck in here when trying to play a 360 game... Help https://t.co/hukoOMFzxl,technical_support
@idea_cares What is the time line to resolve a issue. If you are working on it then why your company deactivate my both the number.,technical_support
@116331 What you are bear. You simply deactivate my services and activated the same after repayment of bills. Tell me what you bear.,payment_issue
@116331 what happned still waited for concrete reply.,technical_support
@116331 I am sufferer even after paying bills on 6th Oct while last date of payment is 20th Oct.,payment_issue
@idea_cares Been given you your ppl 3 times in past 3 months... Pin code 411037. DM if you want exact address #IdeaDontCare,general_question
@idea_cares What resolution you have? I got a msg saying my complaint is closed. HOW? WITHOUT CALLING ME? YOU COULDN'T EVEN CALL ME ONCE IN 6 MONTHS https://t.co/cVskx0aXX9,general_question
@idea_cares Let me tell u guys @116331 @idea_cares Every time u reply with templated msg nd ask my alternate number and location. And then what???,delivery_issue
"@idea_cares Range went from my home suddenly. @116331  take complaint, send a msg it's resolved.FR 6 MONTHS NOW @118471 First Sim is IDEA https://t.co/AlUe1uFjzu",positive_feedback
@idea_cares So what do I do now? If there's no network after all this?,general_question
@idea_cares I didn't get any call. With whom did you discuss???? Shame on you guys. How can you lie???,complaint
@idea_cares I want an answer to this. Whom did they discuss? #IdeaLiars,general_question
Shameless @116331 @idea_cares #IdeaDontCare https://t.co/mYFcvw8wFw,complaint
"@AlaskaAir 4 weeks?! An AA flight, that I took 6 wks ago, took 5 days. Ridiculous. I’ll add this to my list of reasons I’m not retaining MVP status.",complaint
@AlaskaAir can I please get a response? I don’t think I’ve ever had to wait close to 8 hours before I got a response in the past.,general_question
@AlaskaAir how long should it take for miles to credit to my account from flights on virgin america? Been 3.5 weeks now.,account_problem
I just registered for Alaska Airlines Bay To Breakers! https://t.co/k3spVKWuqk,general_question
Nothing like a smooth ride home. #travelphotography #horizonair #iflyalaska @ Alaska Airlines -… https://t.co/iOACfAEIfw,general_question
I just registered for Alaska Airlines Bay To Breakers! https://t.co/t2xfrUmmZM,general_question
Another safe and comfortable trip with Alaska! Thank you @alaskaair! https://t.co/ruyjRY2LOo,positive_feedback
@Postmates_Help great delivery but a slight hiccup i ordered fried zucchini but I got ravioli instead,delivery_issue
@Postmates_Help Thank you so much for solving the problem so quickly,technical_support
"Really wish @Postmates_Help would have a phone number, I got the completely wrong order, there is no way to contact the driver or you guys",delivery_issue
"@AzureSupport Thanks. If it helps, the specific use case is a corporate directory, then a separate directory for external customers.",positive_feedback
@AzureSupport hi! Azure AD has a limit under which it’s free. What happens if an org has two directories each under limit but together over?,technical_support
@AirAsiaSupport Why do you close my cases? https://t.co/kn35SwjSWc,general_question
@AirAsiaSupport What i meant is that..usually the staff will stick one of the barcode label from the baggage tag on to the pax tix. That barcode label,general_question
"@AirAsiaSupport it's 👌 as my bag had also safely touchdown at the airport. But in future, is such things happened, what should I do? In case of lost bag",technical_support
"Hi, @AirAsiaSupport how to retrieve baggage tag no? apparently the staff at the counter forgot to attach my baggage tag barcode at my tix",technical_support
@AirAsiaSupport Hi - I am trying to add-on baggage from BKK to KUL for tomorrow... is there something wrong with the website...,general_question
@AirAsiaSupport Found a hair in my veg biryani on flight I5-784 today. The flight attendant swapped it asap but a disgrace still,technical_support
@AirAsiaSupport Oh...... so you have changed for me? Confused now but assume so. Please send updated schedule with HCM departure now on 24 Nov. Thanks,technical_support
@AirAsiaSupport No. Departure from HCM should be on Friday 24 Nov,general_question
@AirAsiaSupport Departure date and time remain same,general_question
@AirAsiaSupport - I would like to get quote on change to booking ref IJUG2D. Can u help?,general_question
@AirAsiaSupport I need to change email in my booking. Need to add luggage to travel... Helpz,general_question
"@AskAmex I am not going to call a third time, sorry. I doubt the agent is going to suddenly give an answer. Now using sapphire reserve at dinner.",technical_support
"@AskAmex I'm now hearing that the card was canceled ""by customer."" 1) is this fraud 2) if not, who canceled and why",general_question
"@AskAmex I have already called twice with no explanation. They say I canceled, someone took over acct, or something missing. Again, never @116016",general_question
"@AskAmex new delta biz plat card canceled with no explanation after 1 week of use. Never happens with chase, ever.",technical_support
@CenturyLinkHelp No it really started working as soon as you tweeted me.,general_question
@CenturyLinkHelp Scott you fixed it. You saved the day!,positive_feedback
Life sucks without Netflix... thanks @116072,complaint
@CenturyLinkHelp DM sent,general_question
When you have an appointment with @116072 &amp; @247 and no one shows or calls #notcool 🤔,technical_support
It's Tuesday. Centurylink promised somebody Monday. Still no show.,general_question
@116076  when you order one topping on each half but they decide to put them both on the same side. Smh https://t.co/RP8ioCMvMD,general_question
@116076 Why don't you deliver to my neighborhood after 5pm?,general_question
"@116076 I’m usually a fan of your 🍕, but the last few times I’ve ordered, it’s been so gross I can’t eat it. Could this be local problem?",technical_support
"@AskPapaJohns Done and done! Thanks, Papa!",positive_feedback
When you order pizza from @116076 and they literally deliver a pizza with three slices missing out of it. What in the actual hell!? https://t.co/4JxiMxzov1,general_question
"@116079 @81 @115817 Ahhh this cracks me up. My sis paid $40 for guaranteed 3 day shipping too, and it took 13 days to get to me. @115817 is the worst.",complaint
@AskLyft done,general_question
@AskLyft hoping to get a response tonight.,general_question
@AskLyft can I get help with ticket 56182677?,general_question
@AskLyft ✔️ Thank you!,positive_feedback
@AskLyft I’m hitting an infinite loop. Just tried 3x to dispute a cancellation charge. Fails in the app + mobile browser (logged in &amp; out).,technical_support
Matter of fact 2 RIDES and neither driver showed up! And @115879 @AskLyft took my money anyway and I’m still sitting outside my damn job smh,delivery_issue
@AmazonHelp I already emailed y’all.,general_question
@AmazonHelp Is that a 24 hr line,general_question
@AmazonHelp Thanks.,positive_feedback
@AmazonHelp Is that a joke amazon! I CANT LOG IN TO CONTACT YOU BECAUSE THEY CHANGED MY EMAIL AND PASSWORD,account_problem
@115821 WTF MAN. YALL LET SOME RANDO CHANGE MY EMAIL TO MY ACCOUNT AND NOW I CANT LOG IN. FIX IT!!!!!,complaint
"Amazon Kindle の「スライダー」が「マイライブラリー」になったの、本当に不便。「スライダー」は「スライダーから削除」を使うことで、「今、読んでいる(or次に読みたい)本」の枠として便利だった。「マイライブラリー」はどんな思想の枠ですか？
@118500",general_question
@AmazonHelp Nah. Just answer my question please.,general_question
@AmazonHelp How do I disable notifications indicated by the bell icon in upper left corner of iOS Kindle app?,technical_support
@116313 FireTVstick購入し接続完了、画面の切り替えも問題ないのですが、音声が切り替わらないです。どうしたらいいのでしょうか？(＞＜),general_question
@115821 thanks for such thoughtful packing. Must be why it takes so long to ship #whoneedspeanuts #oversized https://t.co/c3quxqnvqi,positive_feedback
@115850 why to you promise false discounts with wrong mrp ...the device I bought showed a mrp of 7999 when its actual mrp is 7499 https://t.co/1kqHQVHBcl,general_question
"@AmazonHelp Uff, I am continuously trying to tell you that I have already replied and a 24 hr tat for receiving call was given which​ U have failed on",complaint
@AmazonHelp Rather than wasting time here can you please check with your team &amp; confirm whether they have responded. Use basic communication skills Sir,general_question
@AmazonHelp Ur customer care is disconnecting my call by saying that we would not be able to give you any further I sight over this issue.Please explain,technical_support
@AmazonHelp 24 hrs tat was given on written mail on 29th Oct to receive a call but no response since last 60 hrs.Hence we say quality of Amazon has gone,general_question
"@AmazonHelp I have replied Sir, try and understand the gratitude of this event. You are exposing yourself in bad light",complaint
@AmazonHelp I have checked all my mails and had received your last mail on 29th stating you will receive an update in next 24 hrs. No revert received,technical_support
"@AmazonHelp I have replied to it many and still have not received any response, sending you a legal notification for closing this fraud business",complaint
"@AmazonHelp Nobody has called till now, why are you sending fake replies",complaint
@AmazonHelp Please reply with necessary resolution...,general_question
@118506 @AmazonHelp Amazon has lost its credibility by buying cheap products from other portals like ebay and selling over their platform. Really cheap,general_question
@AmazonHelp @118505 You people cheaters mentally harass innocent customers you be pulled to cyber crime cell trying to get bank details blocking cod,payment_issue
@AmazonHelp I have replied dozen of times first check then reply. So silly,complaint
"@AmazonHelp Message from Rahul from Social Media team.
Upon checking your order I see that issue is being handled by Executive Customer Relations team.",technical_support
@AmazonHelp Can you please update over this quickly,technical_support
"@115850 Please revert whether you would be able to recalculate the gesture amount, revert at the earliest to settle this out of court for all mishap",complaint
@115850 Please do not purchase anything from Amazon ad we are filling case in consumer court for such unfair practices. Amazon.in please respond,general_question
Changed your mind about something you bought? Have no fear. Replace products with ease on Amazon. https://t.co/mESIpKkCpK,general_question
@AppleSupport It's a shame that Siri can't be used to turn off the timer. Pain to do it with messy hands. Send to the idea file?,complaint
@AppleSupport 11,technical_support
@115858 what’s up with my “I️” being replaced with some bs in my messages? Makes me want to throw the whole phone away.,general_question
@AppleSupport is there a way to opt out of iMessage and FaceTime during initial setup on an iPhone?,technical_support
@AppleSupport If I️ type letter “eye” it does this. I️,technical_support
@AppleSupport No keyboards installed. Stock only,technical_support
@AppleSupport iOS 11.2 beta. Sent feedback. My friend has 11.1 and his does the same thing,technical_support
"Please, @115858, fix the keyboard bug that changes letter “I️” to other characters",technical_support
@AppleSupport 11.0,technical_support
@AppleSupport why does I️ keep showing up as symbols?,technical_support
@AppleSupport why is my phone doing this https://t.co/3gBYZHMlYs,technical_support
"@AppleSupport What do you make of this? (Top left corner) I am a US customer, and I think my phone has been hacked. https://t.co/5JE0SUCx90",technical_support
"Wow great work @115858 !!! Love the new features on the 7+ (glitching, apps quitting, long pauses on Snapchat) awesome, sweet keep it up",technical_support
@AppleSupport iPhone 7 Plus,technical_support
@AppleSupport It’s happening to a lot of my friends,technical_support
@115858 @115858 you see?!!!!! I️ &lt;—- that’s a bug...please fix 😒,technical_support
@115858 what in the world is this: A ? When I️ type I...you messing with my money 🙄😒 can’t send any emails from my phone!,payment_issue
"@AppleSupport Seems I have a virus, I’ve been getting these pop-ups: https://t.co/RMppEqEQSq",technical_support
@AppleSupport Here is the problem https://t.co/tLi3hxIfJI,technical_support
@115858 @AppleSupport APPLE WHY IS MY “I️’s” coming out as question marked boxes &amp; pounds ?! Fix it jeezus,technical_support
@AppleSupport Why do you keep charging my card for FREE apps? Im not happy at all.,complaint
"@AppleSupport 11.0.3, I️ just checked the update, and there’s a new one. Didn’t notify me. Thanks!",technical_support
What’s with the I️ I️ I️ I️ I️ I️? @AppleSupport I️ just want to write an I️ (eye),technical_support
@AppleSupport Yayz 11.1 and just 2 English and emoji,technical_support
Eye can’t type the letter eye without it changing to a?  @AppleSupport ... yes I️ reset the keyboard https://t.co/tfr6EIPPPX,technical_support
@AppleSupport thanks! the 11.0.3 that came out the other day,technical_support
@115858 @AppleSupport sooooooo any plans to fix all these bugs from the software updates for the iPhone 7??,technical_support
Disabled @115873 customers deserve better and equal access to rides as able bodied customers. I’m tired of being left out in the cold (contd.),general_question
@115873 @Uber_Support @118524 @390 So.. which one is right? Always auto message and not answering if they don't want to.Are they LOYAL? https://t.co/aPZB0npR6s,general_question
@Uber_Support I did but can you provide the items I asked about? The document spelling out what you can't have is not able to readily found.,general_question
@Uber_Support  can you guys make the list of things that stop you from becoming a driver public? It's  suspect that it can't be found simply,delivery_issue
Is there an UberEats for candy delivery?,delivery_issue
Hello @115873 my driver is endangering my life with his costume https://t.co/R3AG4SMdt9,delivery_issue
"@Uber_Support Ordered chicken nuggets and got this. Seems right!  But hey, at least you’ll look in to it in 24 hours. https://t.co/KxtHua7F7u",general_question
@115877 My 1st experience was NOT GOOD. All dishes poor. #cantonchilli #jumboshrimpswithspicypepper Pic when I opened the lid $16.95 https://t.co/7mMPOpz6z2,general_question
@Tesco I’ve binned all of the packaging now!,general_question
@Tesco I think someone forgot the gravy!!,general_question
Thank you @Tesco for the half a tin of dog food! 😳 https://t.co/0JNQlfdAna,positive_feedback
"@Tesco Ps, she still enjoyed having her groceries delivered! Excellent service indeed! Cheers!",delivery_issue
"@Tesco, mums 1st online grocery shop:wanted frozen carrots, but got frozen broccoli &amp; cauliflower instead! Not even close but we did giggle😂",general_question
@Delta I absolutely will. Your twitter service is incredible,general_question
Massive shout out to @Delta for all of their help today with my flight situation. Y’all are amazing!!,general_question
@SpotifyCares.  Set up family premium. put wrong address. canceled. now can't set up new account w my email address. U make me pay? Help!,payment_issue
@comcastcares Thanks anyways.  Just fixed it!   Got it working.,positive_feedback
"@ComcastCares
#mobile_Care. My remote suddenly doesn’t work.  I changed the batteries with new ones and still not working",technical_support
Cable has been out since monday with a promise of restored service every 8 hours. #comcast you suck,complaint
@comcastcares __credit_card__,general_question
"@ComcastCares
#mobile_Care you m having issues with my service",technical_support
@ComcastCares: #mobile_Care,general_question
Thanks @115900 for your crap 💩 cable platform freezing and marking me miss the last 15 minuets of The Flash #lame,complaint
"@British_Airways reference 17103401
34, ne231px",general_question
@British_Airways DISGUSTING COMPANY! YOU SHOULD BE ASHAMED OF HOW YOU TREAT @British_Airways CUSTOMERS. YOU REFUSE COMPENSATION WHEN DUE,complaint
Nice chilled birthday drink at @118541 before flying @British_Airways to #losangeles tomorrow for work,general_question
@British_Airways tried to check in online flying to Heathrow from Manchester onto JFK But unable Informed to get boarding pass with carrier,general_question
@GreggsOfficial You break my heart 😭😭😭,general_question
Oi @GreggsOfficial! Where the veggi sausage rolls at!?! https://t.co/WQ5rW4KNt2,general_question
@GreggsOfficial Sounds like this company needs to modernise &amp; reinvent itself for new dietary requirements 👍🏻👍🏻,general_question
@118543 @GreggsOfficial When I asked for gluten free they had nothing.,general_question
"@GreggsOfficial @118543 Get with the programme, Greggs!",general_question
"@118545 @GreggsOfficial @118543 Well said on behalf of vegans everywhere! 
https://t.co/suVgQQCjXr",general_question
@118547 @118548 @GreggsOfficial Not good is it 🙄 why don’t you make #vegan pies &amp; increase your customers? 👍🏻,general_question
"@GreggsOfficial who ate all the pies? Not me, I'm vegan and you don't have any vegan pies!",general_question
.@TMobileHelp @AppleSupport you said wait 3 months for iOS 11 to fix the bug with delayed VMs and SMS. It’s still happening.,technical_support
@TMobileHelp watching World Series and saw this ad. Try fixing LTE in 91744 it’s only been 17 mths of poor service https://t.co/UlHSzA8pKj,complaint
"@TMobileHelp I used my 1 jump to get the iPhone x. If for some reason I do not like It, what is the return?",general_question
@115911 Do you guys have any promos on SIM cards if we add a new line? I heard you had $4 SIM cards if we were doing the pixel promo,general_question
"Players are smashing ⚾s – the most ever!

Tweets are on 🔥 – over $1M raised!

Tweet &amp; RT with #HR4HR all game long! https://t.co/3KelVXcbbL",general_question
"Spent my day calling @115911 trying to get service activated, but they don't seem to want me as a customer!",general_question
@ChipotleTweets Thanks Becky with the good job ✊🏾,positive_feedback
When you go to @ChipotleTweets for $3 boo-ritos and it’s skimpier than your costume 🙄 https://t.co/LEwfG8To9n,general_question
@ChipotleTweets it’s been 300 years down to the day! The Sanderson Sisters were on the hunt for children.... burritos held us over 👻 https://t.co/3eUYTq8DDc,general_question
.@ChipotleTweets wouldn’t let me purchase a tortilla on the side? Where’s the nearest @118557? Also these handles are trash. I’m tired.,general_question
I love you @ChipotleTweets,positive_feedback
"$3 @chipotletweets here we come 🌯🌮 #Halloween @ Boise, Idaho https://t.co/GoUsfqaJYL",general_question
Wouldn't be cool that as an adult we tricked &amp; treated at restaurants for free food. I would hit up @ChipotleTweets fast.,general_question
@ChipotleTweets can u make the line shorter,general_question
goin 2 get a $3 burrito @ChipotleTweets YEAH halloween,general_question
Halloween is not REALLY Halloween if I don’t get @chipotletweets… https://t.co/dYBSHnExdR,general_question
@ChipotleTweets came in clutch with that $3 burrito 👌🏼😋,general_question
"I wish I was getting a boorito rn :,( @ChipotleTweets pls bring a chipotle to Oneonta I’m going through WITHDRAWAL",general_question
"@ChipotleTweets my friend @79250 and I were gonna get booritos but I got pulled over, got a ticket, and cried home without a burrito https://t.co/VTrKbewxIx",general_question
"hahaha it’s amazing what people will do for a $3 burrito

*she says standing alone in line at @ChipotleTweets dressed as a whoopie cushion*",general_question
"@ChipotleTweets Beavercreek, OH Zink rd",general_question
@ChipotleTweets why is there literally one person working and like 6 people just standing around....,general_question
@LondonMidland 11.00 am. It was only 10 mins late,delivery_issue
@LondonMidland Wolverhampton to Bham New Street,general_question
Thanks @LondonMidland We’ve now missed our connection to London Euston 😠🚊,technical_support
Today I announce my retirement from eating @ChipotleTweets. I've chosen to spend more time with my family and less time with my toilet.,general_question
When a top notch #boorito horror story becomes a cruel tragedy. @ChipotleTweets https://t.co/ffrUjVMBT0,general_question
@ChipotleTweets done,general_question
aye.. i found a fingernail clipping in my burrito @ChipotleTweets ... i'm good on y'all,general_question
@ChipotleTweets Idk my boorito was only gonna be $3 so we good now ms. Becky 👌🏼,general_question
@ChipotleTweets What’s your excuse today Becky? 🤔🤔🤔 still no app,technical_support
@ChipotleTweets Orange st. in redlands ca,general_question
"Your guys app isn’t working and now I’m stuck in this line @ChipotleTweets Y’all did this on purpose 
I’m livid",technical_support
"Uhhh @ChipotleTweets , trying to win free booritos over here, help 😂 https://t.co/MdqtRnmYyK",general_question
Booritos from @ChipotleTweets are life 🎃🤤,general_question
"@VirginTrains Hey, how do I apply for a career with Virgin Trains? I’ve checked the website and there’s no application available.",technical_support
"@SouthwestAir Yes, just very inconvenient. All my work stuff is in there and I have to be in tomorrow. Thought I could relax tonight. Guess not",general_question
@118576 @SouthwestAir Still waiting on my contact too! Guess today was “mix up the bags” day. I though it was Halloween,general_question
@SouthwestAir Turns out someone picked up my bag and left the airport. Luckily they called me but I had to drive like 30 miles away to pick it up. Smh,general_question
Seems like every time I fly w @SouthwestAir there's an issue. This time they lost my bag w no explanation..,technical_support
Getting sick on a plane is no fun!! Thanks to my @SouthwestAir flight attendants &amp; my charades champ bf for being quick &amp; calm. #TexasBound,positive_feedback
Loving the Halloween decorations at @118580! And the free #TrickOrTreat cocktail from @SouthwestAir 👻🎃🍻 #HappyHalloween https://t.co/PkuP5XhxnC,technical_support
@115940 your live TV feature is nowhere to be found despite my having it on my account...help!,account_problem
@115940 Is there a way to hide the non-English language content? I don't speak Spanish - the new TV tab has a lot in there each day.,general_question
Alright @115940. I’ve been watching @864 for like 2 days straight... can you switch up the commercials a bit?......,general_question
"@hulu_support While we're at it-on AppleTV how about swiping up during live TV, the last few channels watched be available there? #thanks",technical_support
"@hulu_support yup, AppleTV. ¡Gracias!",technical_support
"@hulu_support When watching a live program, but not caught up to the live stream, how do I go to live without fast forwarding forever?",general_question
"@hulu_support Will it eventually be offered in my area, if it doesn’t already?",general_question
"@hulu_support Independence, MO. Thank you",positive_feedback
@115940 does Hulu live not get NBC or something? I’m just trying to watch @862 🙄,general_question
@hulu_support why are the last 2 episodes of Will and Grace season 8 missing?,general_question
@hulu_support Thank you for the list. I didn’t think about using my Xbox.,positive_feedback
@hulu_support hey. Just upgraded to the live tv subscription but my 3rd gen Apple TV won’t do live....or am I wrong?,technical_support
A @115911 rep screwed up my order this morning and they refuse to fix it for me- guess I'm headed to the @115714 store,general_question
"@sprintcare I had the phone replaced last Tuesday. So, a week.",general_question
@sprintcare This forum post suggests that I may need my text messaging service reprovisioned https://t.co/PoNQ4XFcnu,general_question
@sprintcare I had my iPhone replaced by Apple because it was defective. Now I can’t receive SMS messages from Verizon numbers. No one has been able to help me out. Hoping you can! I have reset my network settings. I can send SMS and receive MMS from Verizon numbers.,technical_support
@115714 I will drive that jeep on a road trip to where ever it leads me,general_question
"@Ask_Spectrum 20 Garfield street Saco .Your Answer will be Sorry we will send a tech to fix it ,then it will take you 12 days to do it",general_question
@118591 @Ask_Spectrum #Spectrum Saco Maine 04072 #Spectrum is the worst Internet provider Ever !!!!! https://t.co/bHq0jZn0HJ,complaint
"@Ask_Spectrum Do you have any idea when service in the Saco, Maine area will be restored? 04072? Thanks!",positive_feedback
@AskPayPal Done!,payment_issue
My friend requested a payment. I paid and they were charged a fee. Is there anyway we can revert it? @115993 @AskPayPal,payment_issue
@AskPayPal hey paypal gifts isn't working ???.. help pleaseee https://t.co/bB4XYKtPZB,payment_issue
@VerizonSupport Thanks for quick response. All LEDs on router were green but no internet. Router DHCP was fine just no outside. Router reset resolved!,technical_support
@VerizonSupport any service disruptions in 10036? Router has had no internet for past hour or so.,technical_support
"@115722 your wonderful service won't let me watch Fox, so I can't watch the World Series ..thanks",positive_feedback
@VerizonSupport yes its happening to both,technical_support
@VerizonSupport https://t.co/5THN1Dv2Do,general_question
@VerizonSupport 83.85 download 94.99 upload on wired. 61.81 download 54.82 upload wireless,general_question
@VerizonSupport i get 100/100 mbps but what i dont understand is why everything keeps buffering like i get less than a Mb,general_question
"@VerizonSupport youtube, twitch are the main sites i have trouble with. wpuld you like me to post results of the tracerts from these two websites?",general_question
"@VerizonSupport i sent it in a DM, its too long for a tweet :)",general_question
@VerizonSupport can you guys stop throttling my internet? i pay for some fast ass internet i shouldnt be getting buffering issues every5secs,technical_support
@VerizonSupport  fios do y’all care about your loyal customers ?  Do y’all care when there is (cont) https://t.co/7i7KuPxjco,technical_support
"@118599 @VerizonSupport this a serious matter, no time for jokes kb",general_question
@118598 @VerizonSupport 😂😂😂😂💀💀💀💀💀,general_question
@VerizonSupport,general_question
"Anybody got a extra Verizon phone I can borrow, mines just stopped working.",general_question
@AskPlayStation Hey in Family Manager there is a EMail Address I do not know. How do I remove them from the Family Members?,general_question
@AskPlayStation Apple TV 4K at the moment. Not using others,technical_support
"PSVUE is lagging out tonight. Keeps freezing, rewinding itself, etc. and no, it’s not my internet. Making it really hard to watch WS Game",technical_support
@AdobeCare Thanks for replying. Importing from a folder on my desktop and yes I see them in LR after the crash.,technical_support
@MicrosoftHelps Windows 10,general_question
@116230  https://t.co/F6bCW3QbNT,general_question
"@118602 Hi, there. We're happy to help! Can you tell us more about what you're experiencing?",technical_support
@116230  please help me out I’m having trouble,general_question
"@MicrosoftHelps The store never gave me an error message.  It's STILL sitting there ""thinking/working"" after 2 hours.",technical_support
"@MicrosoftHelps (3/3) ... Windows didn't activate. Clicked ""try again"", and now the store is just sitting there with the ""thinking/working"" animation.",general_question
"@MicrosoftHelps (2/?) Long story short, tried to buy a new Win10 key through the store, got charged, but store just gave a ""try again"" button and ...",payment_issue
"@MicrosoftHelps Your automated phone support system really needs a ""just let me talk to an actual person NOW"" option.",general_question
@MicrosoftHelps Thanks. Do you have any other suggestion?,positive_feedback
@MicrosoftHelps Would you mind if we discuss this matter via email instead?,general_question
@MicrosoftHelps I'm having trouble signing in. I tried to reset my password via text to my phone but I didn't receive any text. Any help?,account_problem
"@MicrosoftHelps Yes, I am using wifi. Date and time are correct. Only this game can't be download Mobile Store. Other apps are fine.",technical_support
@MicrosoftHelps Microsoft Minesweeper game from Microsoft Store can't be installed on phone. It says error 0x803FB005.,technical_support
"@MicrosoftHelps apparently yes, i did the dism scan, but kept on giving me the error message of couldn't find the source files...",technical_support
@MicrosoftHelps am in a different time zone and seems like you will come online at 4pm EAT. (in the next 30 minutes),general_question
@MicrosoftHelps okay. let me contact them,general_question
@MicrosoftHelps The resolution did not work. #DisappointedCustomer 😒 we'll talk tomorrow. need to go sleep now. thanks,complaint
@MicrosoftHelps so as to log back on. kindly help!,general_question
@MicrosoftHelps here is the video...its showing my PC on screen saver...but does not respond whenever i touch any keys or mouse pad...i have to switch off.. https://t.co/8B9WsrzmoI,technical_support
@MicrosoftHelps i have to switch it off (to sleep) then back on to log on...kindly help!,general_question
@MicrosoftHelps the screen saver cannot be stopped whenever I touch the mouse or any of the keys of the keyboard as it used to before...,technical_support
@MicrosoftHelps hi! ever since I updated my windows 10 recently...the screen saver settings have been altered!,technical_support
@VirginAtlantic do you still offer MOD discount?,general_question
"@DellCares dell 2350 error 931.01, how can i resolve it, i am in Afghanistan",technical_support
@AirAsiaSupport hi Airasia. Just wondering why my big points are not credit in my account yet? Been waiting for a week now,account_problem
@AirAsiaSupport,general_question
I'll be attending @ATT #ATTBizSummit this week. Come by and see my presentation.,general_question
"@118613 @118614 @118615 Same. @115722, What's up with this? Why is @699 blacked out in Northern NJ?",general_question
So I can’t watch the @118614 on league pass because it’s on NBA tv and I can’t watch it on NBATv because I’m a blackout zone... but I live in north jersey @118615,general_question
"I saw this in Walmart and picked it up right away. I love @118617 ! I know she won’t see this, but she’s inspired me so much💜☮️ https://t.co/HuaZnedXUm",positive_feedback
"Welcome to @Walmart, y’all! 🙂#happyhalloween #teamhomeaway https://t.co/oMsgUP5VlW",technical_support
@Walmart Yea it's a little Nintendo Kirby keychain lol,general_question
I got this cute lil guy today at Wal-Mart https://t.co/smlCZFD0y0,general_question
@AskAmex Yes I'm looking for the may 27 bayou fest in New Orleans,general_question
@AskAmex how do I get discounted tickets from Ticketmaster,general_question
Wells Fargo is constantly putting fraud holds on my account,account_problem
Still pretty annoyed @TacoBellTeam screwed up my quesadilla last night 😒,general_question
"When @TacoBellTeam said your refund would be in in 24 hours, and 5 days and an email later and no response or refund 👍🏻👍🏻",refund_request
"Quesadilla?  Where's the cheese, let alone the rest of the contents? Weak. @118625 @TacoBellTeam https://t.co/icp50WvTLd",general_question
"I will always stand by Taco Bell, but they did me dirty tonight and I am truly offended.",general_question
"@TacoBellTeam Wrong items in order, stale shells, nacho supreme with only cheese and beans,no one answers phone,Nonsense",general_question
@TacoBellTeam your employee was very rude in the drive thru and gave us the middle finger,general_question
@TacoBellTeam at least half of this has food in it. Guess im not going to that location amymore. https://t.co/zCB5ownTEh,general_question
"@TacoBellTeam Pinole, California.",general_question
@TacoBellTeam I asked no tomatoes on anything and they left them on.,general_question
"@TacoBellTeam Glassboro, NJ",general_question
Nothing like waiting 30+ minutes for @118625 getting home and realizing your order is completely wrong!,general_question
@118625 thanks for the chicken quesadilla with no chicken or cheese! 😐 https://t.co/YGYOBf99h1,positive_feedback
This wasn't even cooked @118625 y'all did me dirty tonight. Also they forgot the chips for my nachos 😩😤 https://t.co/nUTyKXp0uw,general_question
"Dear @118625, thanks for the stale, hard chalupa. It was super good. #sarcasm",positive_feedback
@118625 how do I take this survey?? Survey code missing. The time is off too... Purchased this minutes ago! Wanna give the store feedback. https://t.co/GnrZI36A4o,general_question
@118625 what do y’all do when a customer’s order is messed up but when they try to call twice NOBODY answers? this just happened to me!,technical_support
@118625 why don’t you deliver?,general_question
I asked for cool ranch tacos and they gave me nacho cheese tacos 😷😷😷😷😷😷😷😷😷 @118625,general_question
@118625 Seriously Taco Bell.  The 2 of these I ordered are the sloppiest Mini Shredded chicken quesadilla I've ever seen in my life. https://t.co/4nUDZIvUXX,general_question
"Seriously @118625, those so called 'portion' things y'all use for your tacos need some improvements. This is unacceptable. https://t.co/hfa5AGf3Lc",complaint
@118625 fail. 12 minutes in drive-thru for this?! This is not 3 taco supremes...this is $6 of ridiculous. Rest. #G135279 https://t.co/JaOKBxVkJn,complaint
@118625 Would have been nice to get some meat with our Gordita crunches. https://t.co/ILegsDjclI,general_question
Waiting 20 minutes for quesadilla at @118625 is ridiculous.,complaint
Every taco in a 12 pack. Thanks @118625..... https://t.co/ArQqyApLq7,positive_feedback
Jesus @118625 could you get my order right once?,general_question
So i went to @118625 and this is what i get...😤 https://t.co/pYsSr7bIAP,general_question
"@TacoBellTeam 9008 Holly Rd, Grand Blanc, MI 48439
Its a recurring issue :(",technical_support
Im so tired of .@118625 giving me chicken burritos with literally a half a bite of chicken in them. Rude.,general_question
@TacoBellTeam Mooresville NC. Our entire order was full of stale shells and hard tortillas. :(,general_question
@118625 How in the heck am I supposed to eat this? 😡 https://t.co/jfL8Xiy8qG,general_question
"@TacoBellTeam Racine, WI🙁",general_question
So decided to get a potato LOADED griller at Taco Bell today... wtf is this there was like 4 potatoes... it’s 97% tortilla😂😅 @118625 https://t.co/UKWLA25UOx,complaint
Will @TacoBellTeam ever get their stuff together in Oneonta? Doubtful... Smdh,general_question
@TacoBellTeam It’s always the same. Things will never change. I always end up lonely late at night with someone else’s tacos 😭 I thought you loved me.,delivery_issue
@TacoBellTeam It’s always the same. You say you’ll change but I still end up lonely late at night with someone else’s tacos 😭 I thought you loved me.,delivery_issue
@TacoBellTeam ordered 3 breakfast tacos. WTF would you give reg. Soft tacos instead. It’s not even time to serve those yet?,complaint
Thanks @118625 @118653  for taking 20 mins to make my order and then giving it away. I now have 4 mins to eat my lunch B4 I have 2b at work.,positive_feedback
Why I go to @118625 last night and got cinnamon twist with damn near no cinnamon on it 🤦🏾‍♀️🤦🏾‍♀️ https://t.co/nrGSKrXB2T,general_question
Worst food and service ever @118625,complaint
@TacoBellTeam Dixie highway near Williams lake in Waterford Michigan. Same location I tweeted at you that shorted me on nacho cheese I PAID for. https://t.co/mmVPazergu,payment_issue
@TacoBellTeam Also said location did NOT apologize in any way for the wait. I've been given cinnamon twists at other locations for saying that long,general_question
Dear @118625 get your shit together. I'm stuck in drive thru for over 20 minutes and only 5 cars in front of me.,complaint
@118625 how is this a LOADED POTATO GRILLER? This is the second time I got one with only bits in it. P.s.I pulled off 1/2 the shell.#empty https://t.co/KN7naPq8nN,general_question
What the fuck is this @118625 https://t.co/LxHES8Wy31,general_question
30 mins at the @118625 drive thru. Like wtf,complaint
"@TacoBellTeam The store in Lehigh Acres, Florida off Lee blvd. near walmart",general_question
What in gods name is this....!! @118625 I ordered 2 soft tacos w/ extra cheese. Where's the lettuce?? #really ? https://t.co/SkMrYYblUN,general_question
@118625 I won a xbox one x. How do I know if I'm a verified winner,general_question
@TacoBellTeam PLEASE train your people in Jonesboro AR better. Being VERY rude to me for a problem I DID NOT cause is unacceptable.,complaint
"Why does @TacoBellTeam never make my burrito right when I order online? Order Fresca, has chz and cream when I realize down the road :(",general_question
@TacoBellTeam DM’d you. Other than this my order was great was just a little shocked when I looked at it. Should’ve noticed right away and had it fixed,positive_feedback
@118625 is it normal to not get a full cup when your order iced coffee #feelingshortchanged https://t.co/JhSH1DEJ1S,general_question
"@118625 I'm seeing some people who won their Xbox after me are getting shipping info, should I be worried if I've not gotten anything?",delivery_issue
"@TacoBellTeam Bozeman, Montana",general_question
Something seems wrong here @118625 https://t.co/LeVSugRnKe,general_question
@TacoBellTeam Harbor city!,general_question
@118625 went to taco bell last night and they forgot my two soft tacos :(,general_question
When you order a cheese mini quesadilla &amp; get a flour tortilla .. @118625 https://t.co/xCZg5IcRWJ,general_question
"Went to @118625 tonight, drove all the way home, &amp; they forgot my cheesy roll up. Disappointed to say the least.",complaint
"@TacoBellTeam Taco Bell on Alexis in toledo Ohio, I want free tacos. 👯👯",general_question
@118625  yo how y’all run out of ground beef ?,general_question
You really couldn’t have put a little more material in this quesadilla @118625 ?😂😂😂 I paid 4$ for a single raw tortilla https://t.co/07GCzJNCzQ,payment_issue
so disappointed with @118625 😂 the wrong freeze and my nachos consisted of about 7 broken chips and a small thing of cheese #stillhungry,complaint
@TacoBellTeam Sorry just got my tracking number,delivery_issue
@TacoBellTeam Thank you my Xbox one x will be delivered  tommrow,delivery_issue
@TacoBellTeam Thanks #Tacobell https://t.co/eqWCz0hkUG,positive_feedback
@TacoBellTeam @118674 I'm not able to see my tracking number who can I call or speak to to get my tracking number,delivery_issue
@115786 Do you know when the winners of the @118625 Xbox One X will receive their systems. Thanks #FeelTruePower,positive_feedback
"The world’s most powerful console is almost here.
Reserve your #XboxOneX today, play it November 7: https://t.co/0N3SSXAIu0 #FeelTruePower https://t.co/4qRd43TTFC",general_question
@TacoBellTeam At the store on palo verde and Stearns in Long Beach,general_question
@TacoBellTeam went through the drive through in Long Beach and they forgot my husbands quesarito 😢,general_question
Tastes worst than it looks. 🙄😪 @118625 https://t.co/L0nNtsSFEZ,complaint
@TacoBellTeam please slide into my DMs to hear about my shitty ass Taco Bell experience. Never been so mad,complaint
@118625 Under a couple of whole chips was a pile of crumbs. Don’t expect a 5 star meal but c’mon man don’t crunch the chips 😭 https://t.co/kHDYss8CWk,general_question
@118625 ordered a cheese quesadillas and got just...bread??? https://t.co/xgkFmqhKFJ,general_question
@TacoBellTeam Mossbluff Louisiana,general_question
@118625 needs to step up their game! Where is my meat and why is nothing I ordered right?! https://t.co/XvayO2JJvA,general_question
you shouldn’t let little things ruin your good day but I’m honestly really sad Taco Bell gave me the wrong order. :(,general_question
Another quality job by @TacoBellTeam in Byram MS. #firethemall https://t.co/AwaC39MVpd,general_question
@118625  looks like no tomato to me 😂 https://t.co/G1G6UFA4Li,general_question
Gosh @TacoBellTeam what a shitty visit! Definitely irritated me today!,complaint
@TacoBellTeam Where's the rest of my food? I can't even fill my tacos w/sauce either cuz they ran out of all of their packets too!I'm hungry https://t.co/3wGYxDbYpZ,general_question
"@TacoBellTeam 2025 W Thomas, Hammond La is HORRIBLE! They mess up drive through order and hang up the phone EVERY time we call!",complaint
@118625 it’s pretty sad you mess up my quesadilla not once not twice but three Times and now I’m left with not melted cheese and lettuce https://t.co/lWrYWSsnTW,general_question
"@TacoBellTeam Webb City, MO. It's cool. I'll be back. Tacobell is life",general_question
"Someon at @118625 needs to reevaluate their definition of ""soft taco"" https://t.co/OODRtoqQJe",general_question
"Smashed tacos, stale taco shells, and nothing written on my sauce packet😭😩 @118625 https://t.co/d6qBzHghIN",general_question
".@TacoBellTeam y'all need to staff your new Chicago location right. 1 hour and waiting. Ordered 2:48 am, now 3:50 am. No food",general_question
"@118625 I waited in line for 30 min, just to have the drive-thru not give me all my food so I had to get back in line and wait another 30.",general_question
"@TacoBellTeam This was in Roseville Michigan. Not a knock on the Bell, just glad you guys were there serving actual food Late night. #forthmeal",delivery_issue
"@118693 how are you open serving just fries, drinks and dessert?! Why be open 24hrs then? Line @TacoBellTeam down the road https://t.co/ngzz3cO0Su",general_question
Yo @TacoBellTeam where my mans steak for his quesadilla? We demand a refund https://t.co/emYtCoIMXp,refund_request
What kind of Crunchwrap is that @118625  @TacoBellTeam https://t.co/Zei4prGgdw,general_question
"@TacoBellTeam 8390 NW Expressway
Oklahoma City, OK  73162
United States 📍",general_question
@TacoBellTeam I appreciate you. ✊🏼,technical_support
Step up your game lol. This is bullshit. @118625 https://t.co/yO7ZasHbZZ,complaint
"Way to go @118625 
I'm not impressed! https://t.co/BZdZpGdjIq",general_question
@118625 was a horror show tonight with fighting employees and not getting all the items I paid for 🙃🙃🙃🙃 not living Mas,payment_issue
"Thanks for the great customer service @116068! Jennifer, you did a great job for https://t.co/385eRaLqDw parking! Go Jennifer, Tongue Pix?",positive_feedback
@GoDaddyHelp Could you pls follow me so I can DM a question? I got email purporting to be from GoDaddy but sending address looks suspect.,general_question
@AmazonHelp I had replied almost as soon as you posted about the email and sent it. I want to know what action has been taken on my complaint.,complaint
@AmazonHelp 6 different emails about the same order and none actually resolve the issue. You should be quite ashamed.,complaint
"@AmazonHelp have already taken multiple surveys, and responded on email, twitter, chat and phone. order cancelled. No action from you guys!",general_question
@AmazonHelp the last email i got was the transcript of the last chat that i requested.. you want me to reply to that??,general_question
@AmazonHelp For the third time. I HAVE NO RECENT E-MAIL FROM YOUR SOCIAL MEDIA TEAM.,general_question
"@AmazonHelp Submitted, for the third time for the same issue.",technical_support
@AmazonHelp Sorry to have to say this. But you all are idiots. Once more email completely ignoring my query and giving template reply,complaint
@AmazonHelp Can someone please call me. I have responded to multiple emails and surveys now without my question being addressed. This is very annoying.,complaint
@AmazonHelp I have written back. expecting a call urgently.,general_question
@AmazonHelp asm mentioned before. You all are just idiots.,complaint
"@AmazonHelp so far, I only keep getting hollow assurances that I will not face this issue again. Don't need assurances, need the product i ordered!",technical_support
@AmazonHelp I have. And I have spoken to customer care again on chat.,general_question
@AmazonHelp Thanks. I wish the same degree of concern were shown about my complaint though.,positive_feedback
@AmazonHelp May i just add that realising NO ACTION HAS BEEN TAKEN on my complaint is not much fun. Worst customer care EVER ! https://t.co/bHOHPNnZFA,complaint
@AmazonHelp I have asked the customer care exec on phone to cancel the order. Don't want to waste any more of my time on this.,general_question
@AmazonHelp I am now cancelling this order because your delivery service just sucks despite prime membership. Switching to @118702 for future.,complaint
@AmazonHelp This has been the most frustrating and useless customer service ever.,complaint
"@AmazonHelp After getting a confirmation that it will be delivered post 7 pm, i have got an email at 1:30 in the afternoon that i was not available !",delivery_issue
"@115850  Unable to what they promised not gave one plus 5 offer only  sale product after they Dont care also not return back,Its hopless😡",general_question
@AmazonHelp Yes. I did reach out to amazon CS via the site &amp; I’m suppose to get my package tomorrow. 2nd time in the past 2 weeks this has happened.,delivery_issue
@115821 why is your AMZL US shipping service not show more updates online? I had another package with this not delivered.,delivery_issue
"@AmazonHelp Not your fault. It's the stupid @118706 (great that u responded, notice they didn't). They're always giving me my neighbor's mail too. Thanks",complaint
@115821 STOP USING THE @118706 They are a useless government entity.,complaint
@AmazonHelp É o livro Os arquivos secretos do homem morcego. Simplesmente magnífico,general_question
Meu bebê chegou. Obrigado @117086 💙 https://t.co/I3fqrg94Fb,general_question
"@AmazonHelp yes spoke w/ customer service, still canceling my prime though since it does literally nothing apparently",technical_support
y'all gotta get rid of AMZL and try again @115821,general_question
"@AmazonHelp Yes, butvthey lied. Told me carrier and said they would contact and call me back. The never called. I hsdvto make 2 additional calls",complaint
"@115821 WTF! Called them again and again, the call was dropped after 5 seconds of talking to someone. This is my 4th call for product NOT delivered",complaint
.@115821 support is sure going down hill. 6 hours later and still no call and I'm a Prime member,delivery_issue
"@AmazonHelp Thanks, did you receive my other tweet regarding a VAT receipt?",positive_feedback
"Hi @AmazonHelp, I’ve purchased something via your app and it’s broken! How can I get it replaced?",technical_support
"Amazonの使い方が難しく感じます

わけわかめ

ちゃんと頼めてんのかね",general_question
"@AppleSupport Im using iPhone6s,it is installed with iOS 11.0.3 n battery drain problem is not resolved in it.When they resolve this issue in wht update?",technical_support
@AppleSupport My screen is broken and I’d like to connect in iTunes in order to save my data. How can I do ? iTunes request to unlock my device ...,technical_support
@AppleSupport Connect to*,technical_support
@AppleSupport Sent,technical_support
Écran d’iPhone cassé. Impossible à connecter sur iTunes ... des astuces svp ? @AppleSupport,technical_support
@AppleSupport my OTG adapter doesn't work on i8plus ios 11.1,technical_support
why does my iOS update say it's going to take 5 hours... @115858 #iphone,technical_support
@AppleSupport It gets stuck sideways and it will go up to previous messages and not show me the latest until I close the app and reopen.,delivery_issue
Annnnnnd @115858 releases the best update yet!!!!! 70 new emojis!?! Fuck yes. But fix my iMessage first. Kthanks.,technical_support
@AppleSupport what is happening with my phone??? I️ wrote “I️ got” and that happened https://t.co/V9oKSSZKGQ,technical_support
Terror del siglo XXI!!! Ayúdame @115858 ! https://t.co/NyzNMPyY6a,technical_support
@AppleSupport Thanks fixed!!,technical_support
@118720 @118721 @AppleSupport Been having same issue,technical_support
"@118721 @AppleSupport my iPhone is not syncing and stuck on 'Copying diagnostic information'? 6s, latest version iOS and iTunes.",delivery_issue
@118723 @115858 Mine was still doing it after the update,technical_support
@118722 @115858 I️ shouldn’t have updated my phone. That’s what’s going on 🗣🗣🗣🙄🙄🙄🙄,technical_support
MEEEEE TOO GIRL WHATS GOING ON @115858 https://t.co/WlL4elWkEg,general_question
@AppleSupport MacOS Sierra is taking up over 100G of my 120G SSD. Why does it take up that much space and can I do anything about it?,technical_support
Wtf is @115858 doing with my letter “I️”,complaint
@Uber_Support Riders shouldn't have to have legally changed their names just to be addressed correctly by their Uber drivers,delivery_issue
@Uber_Support your name change policy is discriminatory against trans individuals. please let me change my name in the App,complaint
@115877 i hate when my order is canceled after an hour of waiting,complaint
@115877 again. I have 14.92 in my balance I am trying to place an order for 13 and it says that cannot verify payment profile,payment_issue
"@118730 @uber_support 1/2 guys, your uber eats customer service is garbage. I ordered something by mistake, tried to cancel it to no",complaint
Why bother @Tesco I've reported many in Colchester &amp; your company really DGAF &amp; it continues. Want it stopped then deal with the depot.,general_question
Even more #PavementParking by another inconsiderate selfish @Tesco driver in Colchester. https://t.co/qYUC4FRp7k,delivery_issue
@Delta landed in PHL on flight 2097 this afternoon and just realized I left my Kindle in seat 3A.  How do I find/claim it?,general_question
@118734 @Delta :) thank you!,positive_feedback
@118733 @Delta My face after 4 days of not sleeping 🤕,general_question
"What an awesome start to my day! @Delta Upgraded me so I can hangout wih @118734 :) 

Hope you're all having a wonderful day 😉❤️ https://t.co/n3M7gzQlm5",positive_feedback
@Delta Thank you!,positive_feedback
@Delta But a password is requested,account_problem
@Delta hi. I've just received a skymiles card from Amex. How can I check my skymiles account using the number on the card?,account_problem
"@ComcastCares
#mobile_Care why is my tv out!!!!!!",general_question
@115900 and I still have no service and you can't come until Thursday afternoon. Why am I paying you?!?!?!?!,payment_issue
What's going on with the service in Chicago? When will it be back up? Cable and internet-@comcastcares @116136 #xfinityoutage,technical_support
When #HarryPotter checks you in @118740 for @British_Airways work flights don’t seem so bad #HappyHallowen https://t.co/VPilC9JRjX,complaint
"@TMobileHelp Then go fix my issue, *ErikaHoleman",technical_support
"@TMobileHelp @115911 Auto-posted and reposted responses? Not nice!  THIS HAS BEEN A LONG TIME. What are you doing to do, @115911 ?",general_question
"@TMobileHelp You have been CHECKING THINGS OUT since March 2017, @115911 !",general_question
@TMobileHelp Check my account. You will see my ongoing calls and tickets.,account_problem
Happy Monday. Not. Another reminder of a 1-bar life with @115911. Yuck.,technical_support
@115911 So be on the Jump program at all now?,general_question
"Be ready for your next iPhone. Join our iPhone upgrade program for free!
 https://t.co/8Ge3jErEEg",general_question
"@AmericanAir Sent DM. Still no commitment to better staff training and improve web alert function. Sad this is one of our leading airlines. Might be better off with JAL, CX, etc.",general_question
@AmericanAir Comment doesn’t address problematic comment made by flight attendant.,technical_support
@AmericanAir Problem is when you check the website compulsively and it’s not updated!,technical_support
"@AmericanAir Flght attndnt gives me, US born citizen, English lesson. AA said will record my complaint in system. Do better - train your staff! #stockreplies #microaggression",complaint
@AmericanAir She has. And you called her a liar.,general_question
@AmericanAir is the biggest fucking joke. How are they still in business. @Delta do us all a favor and teach them how to treat customers,general_question
@AmericanAir She says she can't wait to get her wings ❤️,general_question
@118746 @118747 @118748 We even managed to find a real @AmericanAir lapel pin! She was disappointed we couldn't get AA wings though! https://t.co/4Ench23Pkn,complaint
"I was 8 when I told them I'd be a pilot
American Airlines has the prettiest planes
Halloween 2017 @118746 @118747 @118748 https://t.co/xEjDA9aEY3",general_question
@AmericanAir amazing picture of our countries flagship carriers jets!!! https://t.co/tHTaqRJEbJ,technical_support
Hmmm @AmericanAir B747 spotted during World Series ad. #tbt #wow,general_question
@AmericanAir acá un te serbice sucia. Same price but one baggage less. Bogotá airport staff are rude and make a real mess,general_question
@118745 @AmericanAir That be cool B'way Mom but I'm looking for the day she's Chad Kimball's leading lady 😉,general_question
@118752 @AmericanAir No reason she can't do both!,general_question
On my way to #NAPABA17 and received great service from Cynthia and Diane on #AA1816 @AmericanAir - thank you! #executiveplatinum https://t.co/MPcFTiM7bd,positive_feedback
"@VerizonSupport Definite wireless. My Xbox is wired, and video constantly slows and has to cache. So I think that too",technical_support
@VerizonSupport It’s a little higher now https://t.co/Lg4MzEaYY2,general_question
"@VerizonSupport It appears everything is fine now.... this happens a lot, randomly",technical_support
@VerizonSupport I’m paying for 75! And they were down near 30mbps when I started this,payment_issue
Starting to wonder about @115722 ... getting 1/3 my speed again...,general_question
We got the $3 #halloween @ChipotleTweets burritos https://t.co/VO2iqqrEfO,general_question
When you don’t get the BOORITO discount because the cashier doesn’t realize you’re Kim Possible @ChipotleTweets,general_question
@ChipotleTweets I just gotta big appetite. 🤷🏽‍♂️,technical_support
"Every time I go to @ChipotleTweets, I gotta get my burrito double wrapped. 🤤",technical_support
Sho’ did get me my $3 bowl as a chola 😂 @ChipotleTweets thanks aly!! https://t.co/GrgdHt9zC9,positive_feedback
sooooooo who gots some spooky deals because your girl is trying to eat good with $14 🙃,general_question
Got 2 burrito bowls WITH guac for $6.42 lol thanks for having a Halloween promo every year @ChipotleTweets ✊🏽✊🏽✊🏽✊🏽,positive_feedback
The only redeeming quality of #Halloween is 3$ booritos at @ChipotleTweets. &amp; Wearing scrubs in public w/o feeling like a tool.,general_question
@ChipotleTweets How U Give Us The Wrong Stuff 😒🙄😤😡😠🤬😫,general_question
@ChipotleTweets Heck yea!,general_question
Trick or Treat 🎃 #wediditforthebooritos @chipotletweets @ University of Central Missouri https://t.co/kjCUsj0zJH,general_question
@ChipotleTweets can you guys come up with a loyalty system. like for every 10 burritos we get 1 free!!,general_question
@ChipotleTweets Any word from your team?,general_question
"@ChipotleTweets Lutherville, MD!",general_question
Throwback to last night when our @ChipotleTweets order name was “Plz add salad dressing” and they didn’t add salad dressing.,general_question
@ChipotleTweets Aw thanks Becky xx ☺️,positive_feedback
The queso from @ChipotleTweets is surprisingly not good 😔☹️🙁,general_question
@ChipotleTweets no but would it have made a difference if I gave my sister the money and she paid instead?,payment_issue
@ChipotleTweets went to chipotle to get $3 bowls and got charged regular price even though my sis was wearing a costume right next to me ??,payment_issue
"@ChipotleTweets You need signs then. Like the ones for lemons now they are behind the counter. Why is it ""food safe"" for forks but not spoons and knives?",general_question
@ChipotleTweets thanks for the boorito. Why don’t your stores have knives?,positive_feedback
Today I saw a grown ass man paint on a mustache and walk in to @ChipotleTweets and ask “y’all still doing the burrito costume thing?” 🙄,general_question
Grabbin our $3 BOO-ritos @chipotletweets - so good!! https://t.co/z4rEW3NFDr,general_question
@ChipotleTweets I ALMOST DIED WITH THIS AVOCADO SKIN IN MY BURRITO CHIPOTLE WTF https://t.co/D4UMhuJmEu,complaint
I had a $3 burrito from chipotle and now I feel sick,general_question
@ChipotleTweets is your mobile ordering system down?,general_question
@ChipotleTweets ok will do thank you,positive_feedback
@ChipotleTweets git the card ... thank you!!! fyi your hand writing is amazing !!!!!,positive_feedback
@ChipotleTweets are they supposed to charge ppl who order a vegetarian bowl $2 to put the guac on the side?🤔,general_question
"Thank you, @ChipotleTweets",positive_feedback
Unicorn! A @southwestair flight where everyone gets a row! @52896 @52897 set up camp and will hand out candy. #improv https://t.co/RXXGPri3em,general_question
Hey @SouthwestAir. My mom just got a spam email saying someone bought tix with her PayPal. Is this a known issue?,technical_support
@SouthwestAir Thank you for the link - applied &amp; approved. Score!,complaint
@SouthwestAir as a CA resident how do I apply for your credit card and companion pass special??? Thank you!!,technical_support
California Halloween Flight @SouthwestAir #skeletoncrew https://t.co/7xpZosGsBm,general_question
"Halloween is the BEST day of the year @SouthwestAir! Skits, a deck party, and hanging out with @1023 Gary Kelly, er, I mean, Thor :D https://t.co/A7I4AWgESc",positive_feedback
"@hulu_support Now it won’t even buffer all the way. I can’t find out what the shows on my list are, because nothing will load. I’ll call tomorrow.",general_question
@hulu_support Love Hulu. Just wish I could watch late at night in bed. I’m impressed that you thought to follow up with me. Thank you.,delivery_issue
@hulu_support  https://t.co/YYniOVcwAO,general_question
@hulu_support I’ve still can’t watch it on the back tv. Nothing loads and can’t tell which show is which. My Roku is 7 months old. Netflix works fine.,general_question
@hulu_support I’ve got a older Roku 2 without the new Hulu version. Hulu works great. I’ll called customer service waited nearly an hr got disconnected.,positive_feedback
"@hulu_support I finally got through to customer service, great young man, that got everything working right for me. Took 37 min, but great service. Thx",positive_feedback
"Really don’t like the New HULU upgrades. Says my list is empty 90% of the time, and doesn’t show what is one the 90% of the time. @115940 https://t.co/2UHz8Gr12K",general_question
"@115940 &amp; @hulu_support  

Can y'all add Cinderella with @7033 PLEASE!!!!!! 🙏🏼🤞🏽",general_question
@115940 When is @894 going to be up? I hope that what I read about it going to Hulu was true @895,general_question
"@hulu_support i have tried everything! Once again,its a Fitestick!no issues with @116602 or @115821 now i am locked out of 9th inning👎puke https://t.co/jOlgtTj3D7",technical_support
@hulu_support seriously https://t.co/UDvQEM3QoI to watch the World Series live and this is the BS I have been dealing with!! https://t.co/yUmxUvDwU0,general_question
I bought it and downloaded Hulu and it says cant find your account😐 @117168 @hulu_support https://t.co/vjqR8vA9js,account_problem
@hulu_support not sure what is happening but ur live stream service has been horrible the past week in 07080. reboot. reinstall. reset.,complaint
@115714 Yellow stone park,general_question
@115714,general_question
"If you have @115714, be sure to check your phone bill since they’re charging people for 411 phone calls. Who really calls 411 these days!?! https://t.co/GjeWjUuvyq",payment_issue
could of been at game  6 of the WS but of course @115714 has not fixed my issue and i never received the text or call smh. Thanks alot,technical_support
@sprintcare @115714 Don’t lie for Twitter,complaint
@sprintcare @115714 Bitch u a liar,general_question
@sprintcare &amp; @115714 ARE COMPLETE LIERS! They force you to keep the service and won’t disconnect! #BlackTwitter #America #smartphones,complaint
"@115714 
New customers get $25 per line unlimited, right?
What does a loyal cust. for 20+ get? Especially when the service has been crap?",complaint
"@115955 how do I un-get you, since clearly you don’t care about my internet not working",technical_support
@Ask_Spectrum A dm with what? I don’t have questions. I have issues with how the company sneaks extra fees on my account.,technical_support
Who do y’all have for internet and cable. Cause im done with @115955’s shady billing bullshit.,complaint
@115879 your Android app complains about connectivity even though other apps are fine. also gets stuck on empty Payments page after ride.,technical_support
@AskLyft Simple solution that I couldn’t figure out on site. Thank you @AskLyft for the quick responses and assistance. #Yourock,positive_feedback
@AskLyft need to change vehicle age on my acct. How can I do this?,general_question
@115879 Thank you Lyft. I heart you,positive_feedback
@118795 Hey there! Please reach out to our Partnerships Team at https://t.co/LOcfY1B6Al! Thanks!,positive_feedback
Does anyone know someone at @115879? Let’s get @927 in that donation list :) https://t.co/Z3cKQZ3XXU,general_question
"@VerizonSupport @118797 JK, we back. Things seem okay. Will continue to monitor. WEEEEEE.",general_question
Same issues that happened last week with @VerizonSupport and @118797 are happening AGAIN. Sorry they ruined our Halloween fun. G'Nite https://t.co/ObgydmCIZi,technical_support
@AmazonHelp Schnippig ist sie auch noch? Wird ja immer interessanter 😅,general_question
"""Alexa, häng die Wäsche auf"" ?! 🤔
#Amazon #Ariel #AmazonEcho https://t.co/Cav3Pli81W",general_question
@AskPlayStation OK I'll give it a try,general_question
@AskPlayStation Funny thing is I couldn't see my friend online who I asked. So yeah... don't know if it's a server issue or something else.,technical_support
@AskPlayStation Didnt work.. You can still see me in game. If I'm signed out of Destiny 2 they can't see me on. Previously they wouldn't see me. https://t.co/ITV7zcCMsx,general_question
@AskPlayStation quick question guys.. would you know why I am suddenly appearing online when I am in offline mode in Destiny 2?,technical_support
@AskPlayStation When you go to CN you get nothing but one show and not a live option.,general_question
@AskPlayStation exactly the same problem. https://t.co/bIrhjoiMWZ,technical_support
@Morrisons That was Maldon store. Very helpful and friendly people on the tills. @118802 say  #thankyou,positive_feedback
"Thanks to @morrisons for letting us bag pack today. £310 towards our boat fund. Well done to scouts cubs and beavers for their efforts.
#iScout",positive_feedback
@ChaseSupport follow me so I can DM,general_question
"Where is my checks, @116016? Is it really so complicated?  @ChaseSupport",general_question
What @116016 uses 2 send checkbooks? Mules? Service dogs? 15 workdays later and nothing. Fee? Checked! Fee 4 spare 1s? Checked @ChaseSupport,delivery_issue
@116021 cable going out during the World Series seems less than a stellar performance mark (85259) maybe wanna fix that.,general_question
@116021 your rep in Kansas is clueless.Told me to buy a new modem I AM WITH OUT SERVICE BC OF THE STORM 2 days ago. Its not the modem.,general_question
I’ve never tweeted a complaint....however when you interfere with me watching #ThisIsUs then I will....lookin at you @116021 😡,general_question
"@CoxHelp I see that you have experience in surviving horror movies. Well, jokes on you. I survived the emoji movie, the most terrifying movie ever.",general_question
@116021 Knock knock,general_question
"Could you survive a horror movie?
Test your survival skills with our Halloween movie collection #nowplaying On Demand! 💀🍿 https://t.co/qn7edGnSHE",general_question
Hey @115937!Do u ever respond to your replies on the website?The instructions said to reply and I did. It’s been a week. Bad Customer Service.,complaint
@AskeBay It isn’t. Same with website. Went to https://t.co/GfXfk1tNgw. When I try to put my address it defaults to https://t.co/9kO3ccHVyJ which is in Chinese.,general_question
@115937 your HOng Kong mobile site and app sucks. I don’t read Chinese yet there isn’t an obvious place to change language #badux,complaint
"@XboxSupport @XboxSupport don’t worry, it had me do an update then crash during it and make me erase all of my saved games #1console",technical_support
@XboxSupport every time I click on the store it crashes and tells me to try again...any idea why the new update is doing this?,technical_support
@XboxSupport Dont solution nothing follow same,general_question
@XboxSupport I have a problem with my Xbox One the store dont open i need solution,technical_support
@XboxSupport  solución porfa no puedo acceder a la tienda https://t.co/pJ5mDpYavX,general_question
"My company has been trying for more than a month to resolve a technical problem with email deliverability to @115955 email accounts, and no one has yet had the decency to even reply to our emails.",technical_support
@Safaricom_Care I can’t receive calls or call anybody it’s agent what should I do,general_question
"If you have not experienced a ""Proper Worst Service"" ever, try @115817. They never disappoint you by there ""screw you customer"" behaviour. And not once, EVERY TIME. You keep calling, mailing to around 20 contacts for 20 days and yo get Null in response. Kudos.",complaint
@AzureSupport Do you guys have the option to reserve a block of sequential static IP addresses?,general_question
"The point of money laundering is putting the money somewhere incongruous. Rolexes, art, antiques are all better than Citibank.",payment_issue
"Yes, this is usually how money laundering works. You're laundering...the money. https://t.co/BJ7tFuzxnM",payment_issue
@AskAmex when I have an hour to spare I'll call your tech support. for everything else there is @118818,general_question
@AskAmex why wont your app ever let me do a partial payment on my cc. it's putting me in a bad place regarding my usage. fix the app!!!,complaint
@AskAmex Is there a minimum amount you have to pay to be able to send from one bluebird account to another?,payment_issue
@118821 one-time password for Interac eTrasfers down (again) the last day of the month :(,account_problem
@AskRBC Thanks.. that was easy.. I applied already,complaint
"@AskRBC Hi, I am relocating to Canada soon as a PR, and was wondering abt procedures to open a bank account before arriving.",payment_issue
@NeweggService I figured it out. I just had to read the instructions in the email with the redemption code. Thanks.,positive_feedback
How do I redeem my Rocket League Key that I recieved with my nvidia graphics card purchase from Newegg?,general_question
@O2 The o2 Priority app again wants new permissions with no explanation. This time it's run at startup and draw over other apps. Please explain.,technical_support
"@O2 For some reason the add photo button wasn't working in the DM, so I'll send it here. https://t.co/x44np1anXf",general_question
"@O2 Neither of those permissions can be disabled. Also, 'permissions change when updated' doesn't explain why the permissions are needed.",technical_support
"@O2 But why? They weren't before. Also, no, those particular permissions can not be disabled.",general_question
@O2 I see this on both my OnePlus 2 and my LG Nexus 5. Both are running Android 6.0.1. Though Android permissions aren't device specific.,general_question
"@O2 Again though, why? They weren't in the previous version and there's nothing in the what's new section that correlates to the new permissions",delivery_issue
"@O2 Ok, following.",general_question
@O2 It shouldn't take over a week to give a justification for an app permission. That information should be in the app description.,technical_support
@O2 Any progress on this?,general_question
@O2 This is on my LG Nexus 5 running Android 6.0.1. My Oneplus 2 says the same thing. The app version is 2.12.0 as shown in the screenshot.,technical_support
@O2 https://t.co/H82QINGiWH,general_question
@O2 Why does the o2 Priority app want to read the contents of USB storage?,technical_support
@115821 any idea when this order will arrive? I have a sassy Brit since grocery stopped carrying his @118826 #teatime #isthisatrick https://t.co/wb8uMOsjcW,delivery_issue
"Got @115821 Prime, @916 won't leave package at the door. Rode my bike across the city to up my package. #homedelivery",delivery_issue
@AmazonHelp Ok. Thank you!,positive_feedback
@AmazonHelp when do you guys charge for the Xbox one X I preordered? It ships the 6th.,general_question
@AmazonHelp https://t.co/saX0kAZVCW!,general_question
@115821 it’s not nice to upset a kid (my daughter) on Halloween waitin’ for her dress it was prime and extra paid and you guys failed her !,payment_issue
@115830 you have a problem in your website =D https://t.co/4eTPnxNN4q,technical_support
"おいいいいい！発売する三ヶ月前から予約注文で受け付けた品物くらい発売日にきっちり届けろよAmazonさんw

だからkonozamaとか言われるんだよw",general_question
@AmazonHelp here is the email. Conflicting answers from others in similar situations online. https://t.co/9zbCqLzokH,general_question
"@AmazonHelp __email__, notifying me about the missed call and asking me to call 1-877-243-2913 to verify purchase.Is this legit?",account_problem
@AmazonHelp  Ordered a camera; Shortly after received call from 206-508-4014. I didn't answer.. I immediately received an email from...,general_question
@AppleSupport Ohh got 11.2 beta 1 😸 https://t.co/iObpTCjQkp,technical_support
@AppleSupport Currently on IOS 11.1 https://t.co/b5rt34Peba,technical_support
@115858 @AppleSupport buggie spotted https://t.co/uiuCiaj3Pl,technical_support
@AppleSupport Thanks,technical_support
"@AppleSupport  Dear team, after update my iPhone 6 Plus its hang in the Apple logo screen.",technical_support
@AppleSupport I got a crazy security bug issue with iOS 11.1,technical_support
Why do I need a sim card when I’m joined to the WiFi? I’m only using this phone to test websites. @AppleSupport https://t.co/xdINQXPvEX,technical_support
Tudo bom ??? Todos estão com o mesmo problema e é sempre com o iPhone 7 o que está acontecendo??? @115858 @AppleSupport https://t.co/pn1UYIjdMo,technical_support
"@Uber_Support on 10/29, my bank statement shows I was charged $23 for a trip that does not show up in the uber app and that I didn’t take.",technical_support
"@Uber_Support filled it out, but it requires a picture of the food...I don't have a picture of last night's dinner....&amp; can't take one of a taste issue...",technical_support
"@Uber_Support had a problem with my food on uber eats tonight, called the restaurant, and they said they don't deal with it, has to be you?",technical_support
"@115873 ! Fix yo damn algorithms!
 This can’t be right... https://t.co/F9rEqmW1rV",general_question
@Uber_Support I'm not a member. I just want your drivers to be more cognizant of what's going on around them. Instead they just stare at their phones 1/2,delivery_issue
@Uber_Support ...and then lunge toward the person they're picking up without paying attention to what's going on around them. v dangerous. 2/2,payment_issue
Hey @AskLyft and @Uber_Support your drivers are absolutely terrible around cyclists and pedestrians - plz provide training! #vulnerable,complaint
Come on @Tesco you were supposed to have delivered by 5pm and our dinner is in that delivery!!,delivery_issue
@Delta Yes. I need some help/exception for a reservation. Can I pm you the info?,general_question
@Delta got hung up on after 49 min wait for a supervisor. What gives?,general_question
@Delta It was on a flight from ATL to NXA arrived at 3:55 local. FYI. Go thank them. I will when I get there,delivery_issue
@Delta big thanks to your employee finding my left on plane @118845 headphones &amp; holding until my return #greatcustomerservice,positive_feedback
@Delta We are now finally about to take off flight 2576 only 2 and a half hours later. Is there anything you can do to make this right?,delivery_issue
@Delta an hour delay from Detroit to Phoenix because of a computer issue that was no closer to being resolved while we boarded is not cool,technical_support
#Guatemala as seen from my @Delta flight. #travel ✈️🌎 https://t.co/qUcdfM5fzs,general_question
@comcastcares Not at the community center - we'll be back at 11:00 AM EST Tomorrow,general_question
@comcastcares I've sent it in a DM - I just need our wifi to work - please do something -,technical_support
@comcastcares It's been 5 days of no wifi and thousands of dollars in staff time lost.  I'll delete post when wifi works - and will tweet daily till fixed,technical_support
"@comcastcares The DC Center for the LGBT Community
2000 14th Street NW Suite 105
Washington DC 20009",general_question
"Sorry team, our Wifi is still down due to ongoing problems with @116136 @115900 - Disappointing but we'll keep you posted.",technical_support
@115911 @TMobileHelp I wanna redeem my free movie on my roku so I can watch in TV not phone???? Help!,general_question
@115725 I switched to @115911 with my fully paid off Verizon LG G6 and cannot get data on T-Mobile's network. Any way this can be fixed?,payment_issue
@115911 yeah I know Im the bloke that did it what's your point https://t.co/TefE0tSXxg,general_question
"@TMobileHelp Thanks Jay, have a great night!",positive_feedback
"@TMobileHelp Thanks!p, great support! Is that call to reserve a phone or to check stock levels?",positive_feedback
@TMobileHelp Can I buy an iPhone X outright in store on Friday?,general_question
Halfterm homework @116705 @117420 @British_Airways @118854 https://t.co/VuNZSlGxOx,general_question
HAPPY HALLOWEEN!!!!! @AmericanAir https://t.co/kHH0Je6frQ,technical_support
"@AmericanAir In the unlikely event you bring back the old AA service, not the low grade US Airways-level product, I’d consider. Until then, #ifkyalaska",general_question
hey @AmericanAir! i just matched my EXP status to @AlaskaAir MVP 75k. byeeeee!!!! #worstdomesticairline #idontflyaa,complaint
@AmericanAir Help me surprise my 93 year old grandma for her birthday this weekend? All I need are my change fees waived! 🙏,general_question
@AmericanAir My husband with our 1yr baby was refused a blanket cuz it was for first class only on a red eye flight #willneverhavemymoney,payment_issue
I JUST DROVE 35 MINUTES TO GET @ChipotleTweets FOR $3 IN MY HALLOWEEN COSTUME AND THEY HAD NO GUACAMOLE https://t.co/l15tPIEnCB,general_question
"@ChipotleTweets But i got my bowl for $3.25 without a costume , I love y’all for it .",positive_feedback
"Y’all queso is horrible , get rid of it pronto .  @ChipotleTweets",complaint
GUYS @ChipotleTweets IS DOING $3 BURRITOS FOR ANYONE IN A COSTUME,general_question
"@ChipotleTweets the one on Ponce De Leon in Atlanta, Ga",general_question
When you dress up to go to @ChipotleTweets and they turn you away at 9:40 😭😤,general_question
Thank you @ChipotleTweets for the $3 burritos! You guys rock ❤️ https://t.co/vDedPukr0a,positive_feedback
@ChipotleTweets this isn't my meal........... https://t.co/qZSe60xqey,general_question
@ChipotleTweets That’s actually when it starts...,general_question
"Sure Halloweekend is over but thanks to @ChipotleTweets, the fun continues for $3.  Dig those costumes out of the laundry basket!",positive_feedback
When you'd rather pay the extra $5 for @ChipotleTweets than wait for 30-45 mins in a line full of kids on Halloween #sadtweet,payment_issue
Accomplishments so far this year: scored a $3.00 burrito at @ChipotleTweets 🌯🌯🌯,general_question
@ChipotleTweets have some standards. I just saw a girl walk into your bathroom wrap herself in toilet paper and she was given a 3$ burrito,general_question
@ChipotleTweets playing @841 👌👌👌,general_question
"@chipotletweets got our booritos, but they charged us extra for double meat... the website didn't put any stipulations on what we could get?",payment_issue
@ChipotleTweets your San Vicente location in Los Angeles is so rude and would not honor the Boorito special.  You lost a customer,general_question
$3 burrito #Halloweenie #MJ @ChipotleTweets https://t.co/ZLhmCK2Ycu,general_question
I remember last Halloween 😂😫 my ass was working that whole day soon as I go off I went to chipotle next day I was sick asf 😫,general_question
@hulu_support Thanks for the quick reply but that link goes to a dead page? I'm getting 110mbps down so don't think it's a connection issue...,technical_support
@hulu_support Thanks I'll give it a shot,positive_feedback
@115940 live streaming has been unwatchable for the last few weeks. On demand shows stream fine but live tv just buffers on every device.,general_question
@hulu_support Hi Hulu why am I getting spanish ads during English content? This seems to always happen.,technical_support
@115940 can i not add another device? And theres not even an option to remove one device and add another... been at this for 20 mins,general_question
@hulu_support 😂😂😂,general_question
Just another World Series tweet to remind you that @115940 TV is the worst @hulu_support,complaint
How horrible is @115714 service? So horrible that it’s hard to keep a good signal anywhere AND this message has been sending since 9:44 https://t.co/VNPe1CL39C,complaint
@AskPayPal Thanks! :),payment_issue
@AskPayPal how can I contact you by email or inbox about an issue with my account?,technical_support
"@VerizonSupport Yes, it's with all websites and it's in games too. Tried restarting router but didnt work. How do I show you tracerts?",technical_support
@VerizonSupport But when I do a speed test this is the ping https://t.co/5cQIGKmss0,general_question
@VerizonSupport Here you go https://t.co/8u2GWVuEyF,general_question
"@VerizonSupport No, just a test.",general_question
@VerizonSupport Sure. https://t.co/M0PgolOjSs,general_question
@VerizonSupport So what do you suggest I do?,general_question
@VerizonSupport Yes,general_question
@VerizonSupport It’s also when I’m playing video games.,general_question
@VerizonSupport Yes,general_question
@VerizonSupport I don't think I'm even using that.,general_question
"@VerizonSupport I have 100/100 internet package and my upload and DL speeds are fine, but my ping is 200 for some reason. Any help?",delivery_issue
@VerizonSupport HDTV +xBox +Fios connection. Ive experienced this issue for yrs. It always looks like the throttling issue to me. Eg https://t.co/BkhlnNfSfu,technical_support
@115722 &amp; @116602: Im watching a top show (@118134 👍)&amp; yall r providing less than SD quality 👎. Sort it out. I pay you both.,payment_issue
@115766 @AskPlayStation  how do you preload on ps4,general_question
@AskPlayStation Yeah I've tried everything. Nothing.,general_question
@AskPlayStation Already filled out one of those,general_question
@AskPlayStation No it says another system is activated and no matter what I try or anyone I've talked to has tried I can't get it back into my account,account_problem
@AskPlayStation bought a new PS4 and can't activate it no matter why I try to do,general_question
@AskPlayStation is there sign in issues cause this is all I can get and it shows everything is up and running also I have shut down my router and powered down my PS4 https://t.co/P8FRFXqsSA,technical_support
@AskTarget The iPad is what I was looking to purchase.  The ad is very misleading as to what items were included in the early access sale.,general_question
@AskTarget I'm trying to make a purchase with my redcard but the discount doesn't come thru.  Can you help me?,general_question
@AskPlayStation I have a ps4 and have had it in the same spot then I moved it to a different spot then moved it back and it has low signal.,general_question
@115777 Your customer service is also very VERY unhelpful. Ive called over 10 times and havent had an answer. What kind of business are you running?,positive_feedback
"@115777 I signed up for a monthly membership under the impression I would be billed monthly. You guys deceitfully tied me down to a yearly contract without any warnings, emails or notification in general. Now when I go to cancel you guys charge 60% of my yearly balance.. Terrible",complaint
"@AdobeCare Hey Madison how you doin? Good, me too. How I recolor things? And the right panel when I click develop keeps disappearing on me....",technical_support
Lightroom fucking me over but at least I tried https://t.co/p3x9DAl8sr,general_question
"@MicrosoftHelps I tried to chat &amp; email support but both ask you to log in first, which I can't do. Really, really frustrating so thanks for helping!",account_problem
@MicrosoftHelps I've had ongoing account access issues w/ my Microsoft acc. All troubleshooting ask me to log in first but I can't. Ideas?,technical_support
"@MicrosoftHelps That link just gives me gibberish: 2a0 TQo0~_­&amp;6Eci/P'(BsM!%j5L@ZnTa,&amp;NER&lt;umd&gt;o=RSzw^m9H&lt;vcd&gt;:r{A^PhmX$9Y)",general_question
@MicrosoftHelps Has any other Windows 10 user noticed massive data when first connecting to net?,general_question
@MicrosoftHelps What can my dialup service provider do to stop Windows 10 from flooding connection?,technical_support
