text,intent
and how do you propose we do that,general_question
i have sent several private messages and no one is responding as usual,general_question
i did,general_question
is the worst customer service,complaint
you gonna magically change your connectivity for me and my whole family,technical_support
since i signed up with yousince day 1,general_question
yall lie about your great connection 5 bars lte still wont load something smh,complaint
whenever i contact customer support they tell me i have shortcode enabled on my account but i have never in the 4 years ive tried,account_problem
would you like me to email you a copy of one since spectrum is not updating your training,general_question
i received this from your corporate office would you like a copy,general_question
the correct way to do it is via an ocs account takeover and email consent form it does not need to be done in a local office,account_problem
that is incorrect information i have the form in front of me that is faxed over maybe you need to maintain up to date information,general_question
actually thats a broken link you sent me and incorrect information,technical_support
yo your customer service reps are super nice but imma start trippin if yall dont get my service going,technical_support
my picture on pretty much every day why should i pay 171 per month,payment_issue
i finally got someone that helped me thanks,positive_feedback
somebody from please help me im having the worst luck with your customer service,complaint
my friend is without internet we need to play videogames together please our skills diminish every moment without internetz,technical_support
what else can i provide they refuse to help me because they cannot validate the account,account_problem
how i have my phone number and email thats it how did i get equipment and service im literally trying to pay and nobody can find me,payment_issue
md and this was sent to the wrong address,general_question
hello duke do you have a copy of your bill what state are your services located in nhp,payment_issue
nobody can find my account or number i walked out of a store with this ive explained that they can find my acct via my devices serial,account_problem
are you referring to wireless or residential service jay,general_question
tried to pay a bill for 60 days no service rude cs and several transfers look up my equipment and give me an acct,payment_issue
dont know router is downstairs but its just the wifi nothing connected to ethernet,technical_support
just randomly boots me offline there it goes again,general_question
yep,general_question
cuts out every 20 minutes this is ridiculous,complaint
is the worst isp ive ever had,complaint
gt all of verizon is downlt when can we expect a fix,general_question
fix your app it wont even open,technical_support
becky is very nice,general_question
i dont fit in my veggie burrito costume,general_question
messed up today and didnt give me my 3 burrito although i was dressed up,general_question
hey wanna come to mammoth ill at least eat there once a week i promise,general_question
i had excellent service tonight too plenty of people on the line went very fast everyone was kind,general_question
when youre the only one in costume,general_question
no diet coke and a literal bone this boorito was extra spooky,general_question
if you get queso or quac on youre bowl its extra,general_question
happy halloween since im too old to trick or treat i now look forward to 3 booritos at i got mine earlier did you,complaint
thank you for resolving my issue so quickly yall are the best,technical_support
so frustrated with ordered dinner on saturday using their app order was wrong and they charged my credit card twice,complaint
btw giving out 3 burritos if you dress up for halloween call your chipotle to make sure theyre doing it select ones,general_question
tried didnt work how rude,general_question
can i dress up as myself and still qualify for a boorito,general_question
every year my trick or treating routine is walking to chipotle spending 3 dollars and walking back home,general_question
this is nasty a used napkin in someones food,general_question
3 burritos and im nowhere near a,general_question
also i got the onesie at target so cozy,general_question
thanks becky just feeling sorry for myself because my fianc is driving from dc to mississippi tonight,positive_feedback
considering walking to in my llama onesie alone happy halloween,technical_support
name a better halloween duo,general_question
can i get help already,general_question
so whats the november ps plus free game,general_question
it was when i would go to download it i just waited a few hours till after i bought it and it downloaded now,general_question
i bought lego star wars in the playstation store but it wont let me download it because the data is corrupted,general_question
can i block a community from sending me invites to something i dont want to join,general_question
we had to have a count colin xx,general_question
ere never mind avocado hows about ave a word is it really necessary the pair of em were suffocating,general_question
raw meat its does not say unwrapped raw meat sainsburys dont charge nor do waitrose so y do you,technical_support
i check with the gov office and legal they stated you are not right but its funny how the other stores dont but you do no wonder lidl and the rest are beating you,general_question
ou must charge at least 5p a bag including vat for carrier bags that are all of the following unused its new and hasnt already been used for sold goods to be taken away or delivered plastic and 70 microns thick or less it has handles an opening and isnt sealed,delivery_issue
arent require charge 4 a bag paper bags shops in airports or on board trains aeroplanes or ships bags which only contain certain items such as unwrapped food raw meat and fish where there is a food safety risk prescription medicines uncovered blades seeds bulbs amp s,technical_support
y do they charge you for a meat bag at colliers woods branch if you buy meat you r required to supply customers a free bag poor service,complaint
excellent halloweening,general_question
brilliant thank you,positive_feedback
hi having trouble making purchases on xbox one store for fifa points can you help,general_question
i need assistance recovering 2 hotmail accounts i have filled the recovery forms but am told am not providing enough info,account_problem
umm someone is streaming wwii with 500 viewers,general_question
im trying to buy the digital deluxe edition on the ps store but i keep receiving an error message,technical_support
thanks,positive_feedback
can you still pre oder ww2 on the playstation store,general_question
are yous going to update cod zombies on ios for ios 11,technical_support
why was there a half gig update for world at war,technical_support
tried that there was people so i came back,general_question
so when i go get the game on friday my 2xp code will be on the receipt,general_question
yes the beta code,general_question
yes i have so my code is on their,general_question
i pre ordered my game at game stop,general_question
for double xp,general_question
i pre ordered wwii but how do i get the code,general_question
sethtubbs and i am on ps4,general_question
i got all of my stats reset on mwr and i dont know why please help,general_question
will non season pass holders get the bobus man carentan at any point or not at all,general_question
didnt work tried it on another computer fresh install same thing,general_question
sure thing,general_question
the ctrlaltshift on load method didnt work 22,general_question
pretty much explained my issue in the quoted tweet dragging an image onto a canvas no longer center snaps it,technical_support
any help here,general_question
nope still down,general_question
yes ive done that multiple times its happened on previous versions as well,technical_support
ok,general_question
sowhen are they available,general_question
ok its been very frustrating i have multiple jobs that i need finished and your application isnt helping,technical_support
no its still broken i deleted it and will probably be getting rid of my membership and return when its working properly thanks,positive_feedback
ill just wait for the next big update ive wasted my time and patience with adobe products,technical_support
yea ive done everything you guys told me to do i know its not my mac either as i have the retina imac which is fairly new,general_question
you guys have been saying that for weeks now your product went from being great to now unable to work and terrible very disappointed,complaint
whats going on with your app its totally stuck here for 1 hour and prior to updating froze and didnt work since updating,technical_support
amazonfiretvstick,general_question
can i change me sons xbox live account to his hotmail account currently linked to my hotmail account,account_problem
did u release an update today for lightroom classic cc,technical_support
please tell me why my has expired but im still being charged,payment_issue
are there any plans to add a fast crop mode for the ipad version of lr it takes too many taps and slows down workflow,technical_support
its intermittent for me this file fails reliably the create subfolder option just makes an empty svg folder,general_question
seems pretty widespread dont mean to be a jerk but its frustrating when an update breaks core functionality,technical_support
so apparently the new version of has this cool feature where you cant export svgs sick update guys,technical_support
im worried as if i update my lr6 standalone programme i could lose it due to the new online versionis this true and if so is this fair,technical_support
whoa come along with lightrooms own ben warde to get the lowdown,general_question
your online forum is always broken even when i clear my cookies,general_question
here is an example of an export before and after export settings are unchanged from default no only some files,general_question
solved this via phone support,general_question
indesign 130 is exporting all pdfs with blurry links but links are not missing in indd file jpg export is not blurry help,general_question
ive just sent you a message with details thanks for your help,positive_feedback
quand ton ne ressemble pas celui que tu as rserv amp quen dtre sale et en sous sol tu te retrouves 10 dans 1,general_question
misrepresentation by host asked them to cancel my reservation and refund me over aud1700 strict policy no response please help,refund_request
they have no info either,general_question
lol so theres no one who can say when theyre going to be shipped thats kinda weird,general_question
when someone or knows when the xbox one x ships let us know lol shouldnt b a mystery,general_question
kinda need to make sure i have 680 cdn in my bank so would be nice to know i dun just have cash laying around ya know,payment_issue
already did they had me call and no one can answer the question im not trying to be a jerk but its nuts no one has a answer,general_question
would like to know so i can make sure i have enough money for it,payment_issue
can anyone let me know when our pre orders are going to be shipped for xbox one x,general_question
redeemed a code for fifa points this afternoon and still havent got it why is this,general_question
this is whats on my screen not sure if its xbox side or my5 side thats broken last time it was my5 as had to call head office about it,technical_support
the 5 app on xboxes not working error code 200 done a power cycle and still the same please fix app,technical_support
amazon,general_question
my colleagues for more info on how this is affecting services thanks 22 jp,positive_feedback
ah maybe could help on this one,general_question
nothing partner was on a train to preston had to get a taxi rest of way as was told no trains into preston for a few hours,general_question
what have you seen,general_question
something going on at preston train station,general_question
hi i have dm u my booking and passport picture thanks so much for quick action,positive_feedback
thank you very much,positive_feedback
hi i would like to know on my itenerary on how the birthday can be seen i would like to double check if i can key in our birthdays right,general_question
but i cant see it i only see itenerary no birthday,general_question
hi airasia i want to rebook my return flight but when i try rebooking my inbond also is rebooking please help me thanks,positive_feedback
hi i have booked my ticket and when i see my itenary has been redundant i call ur customer service to assist but out of line,general_question
lost my booking chua loreen lee flight z2 129128 1222 018 taipei manila email,general_question
lost your booking number no worries just drop me the passengers name flight details and email ill trace it and email u in no time,general_question
hi yana followed,general_question
hi yana i dont have any dms from you did you mean email,general_question
cas 19708536 cb92n2 crm 0326600 please check on this i havent heard from my case officer in weeks and provided all docs,general_question
youll be even happier to know that the restrictions around the volcano area have been lifted enjoy staying at home pal,technical_support
why are you not refunding my trip to bali for volcano eruption urgently refund,refund_request
my surname has been redundant where do i go to correct it,general_question
my lips are sealed,general_question
aahhrrgh keep mum im still watching,general_question
aww sophie deserved winner,general_question
fresh cream palmier bakery bellshill gets my vote for baker just catching up on dont know who won yet,general_question
thats pointless as its every day all the time no matter when i go in i speak 2the management who r as fed up as i am theyve no staff,general_question
so fed up of this very familiar sight at houghton regis get more staff amp stock the place properly this is just a small example,general_question
3 for 6 unless one is reduced hidden label on the side then its 3 for 614 dont care about the 14p but feel ripped off,general_question
thank you nike,positive_feedback
im new to nike run club app should i start with guided runs or my couch,technical_support
ive asked your sales rep about the payments and she wasnt ready to listen to any issues that i had,technical_support
sure please drop me a message now,general_question
amex platinum and amex everyday card,general_question
nope they werent ready to listen what i wanted to say and if i had any questions about anything else and hung up on me,general_question
thought amex values their customers but boy you got really bad reps on the customer service,complaint
treat,general_question
treat me,general_question
can i get uh treat,general_question
i cant connect my interactive broker canada with yahoo finance app in ios 11 any suggestions,technical_support
i have to be at work at 2pm tomorrow my new phone is being overnighted but it may not be there until then i have no other ride,general_question
whats wrong w amazon leavin shit outside like ups,complaint
that small biz tyrant a dime yo nice,general_question
worth the squeeze when youve got us helping you along the way owning your own can be quite fruitful,general_question
dm sent,general_question
i booked my flight using delta amex card checking in now amp was being charged for baggage,payment_issue
my granny will be attending the mcds in heaven would give anything to be able to bring her myself,general_question
my grandmas laying thanks to delicious new,positive_feedback
3 different people have given 3 different answers and i still dont have my order says delivered saturday was not i was home all day,delivery_issue
i frankly dont have the patience for another chat with your customer service people today,general_question
way to drop the ball on customer service so pissed right now,general_question
i want my amazon payments account closed dm me please,payment_issue
okay danke fr die info,general_question
also beim addams family film in prime sind bild und ton nicht wirklich synchron wie kommts,technical_support
yeah this is crazy were less than a week away and still no shipping information on something that we pre ordered back in august,delivery_issue
how about you guys figure out my xbox one x project scorpio edition first no expected delivery or shipping date and its only a week away,delivery_issue
playerunknowns battlegrounds is now available for preorder on xbox one consoles,general_question
my package was accidentally opened 4 items missing worth 97 you need better delivery drivers,delivery_issue
why is my order at my local courier for the last 6 days and still hasnt been delivered to me over 1 week late,delivery_issue
thanks for the style advice look i think,positive_feedback
hi ready for some help,general_question
is the echo show no longer supported,general_question
nothing there helped me with the echo show,positive_feedback
bought an echo show and it wont recognize a single account in our household wtf guys,complaint
that page is useless doesnt allow me to state it hasnt been delivered only tells me it has how can you sort this out,complaint
item has not been delivered but tracking says it was handed to me over an hour ago 2nd time this has happened sort it out,delivery_issue
in response to your packing video this packaging was for a 2ft washing line pole,general_question
i dont want a form to fill out that logs a response no one reads i want to prevent amzl from touching my stuff possible or no,general_question
already started the return ups gets it from my doorstep tomorrow order 111 5014070 4118645,general_question
is it possible to prevent amzl from delivering my packages moving forward stuff is either loststolenbroken every time,delivery_issue
already handled just venting it was a pretty big bummer,general_question
itd be nice if the book i waited 4 months for wasnt damaged inside of an undented box,general_question
feliz,general_question
concurso tarjetas regalo en por tu foto en la cama disfrazado y en los post promo,general_question
delivery i paid for today didnt arrivewhy not i paid enough for itwhere is it im unhappyrefund the delivery charge,refund_request
aww your reply made her night,general_question
anna inspired in idea lab at school to be package being shipped to narnia amazon can go anywhere according to anna,delivery_issue
i just said its been sorted ive been refunded im just not impressed with the service any more,refund_request
they sent the feckin order to germany some dozy driver is looking for an address in the wrong country im so done with amazon,delivery_issue
what in the world,general_question
im never using amazon again after waiting in all day as item is out for delivery theyve only gone and sent it to the wrong country,delivery_issue
yeah idk the shipping company and it says mike ziemer signed for it in the mail room at our building lol,delivery_issue
remember my head phones and they brought them within minutes,general_question
my package from with my halloween costume was delivered friday but i dont have i so searching everywhere for a last minute idea,delivery_issue
how packages china,delivery_issue
details sent please check,general_question
already contacted 3 4 times in the last month but all i got was assurance that matter is escalated amp new status will be provided in 1 day,delivery_issue
order 3632693 6196346 you couldnt deliver even after a month you should be ashamed of yourself,complaint
since when you stop giving 20 off videogame pre orders amazon prime members im confused why,general_question
just pulled another delivery out of the bushes since the people cant walk the extra 2 ft to my door so tired of this,delivery_issue
the newest update i made sure to download it yesterday,technical_support
why are my is changing not showing up correctly on any of my social media platforms,technical_support
tried resetting my settings restarting my phone all that,technical_support
this is what it looks like,technical_support
i have an iphone 7 plus and yes i do,technical_support
i need answers because its annoying,complaint
why are my is question marks,general_question
what is up with this i,general_question
just sent you all my dm,technical_support
hey and anyone else who upgraded to ios111 are yall having issues with capital i in the mail app as it puts in a,technical_support
this is what is happening,technical_support
tf is wrong with my keyboard,general_question
are the call centres closed for the night,technical_support
hello are all the lines closed for tonight,technical_support
i upgraded it didnt work,technical_support
i will,technical_support
were going to need you to share the answers angela i cant stand this,technical_support
hello internet can someone explain why this symbol keeps appearing on my phone and when i try to type the letter i also,technical_support
ive got a screenshot saying my is reserved for the 3rd then an email saying its the 18th what happened,technical_support
i have the iphone 6s plus and just did the most recent update,technical_support
thank you i updated my phone and now it is even slower and barely works thank you for ruining my phone,technical_support
ios 1103,technical_support
okey thank you,technical_support
iphone 7 plus,technical_support
i need the software update urgently the battery lasts literally half a day,technical_support
hola necesito urgente la actualizacin de software la batera me dura literal medio da,technical_support
hi what is going on has youtube lost it what can be done about it thanks for the support,technical_support
hello,technical_support
my apple tv works fine with my phone but when playing videos on mac air it stutters so much amp sound is still on mac not tv,technical_support
yes it did 1103,technical_support
my home button doesnt work,technical_support
hey last time i downloaded an update my freaking phone gave me hell any recommendations,technical_support
i can not find an option to get it there it was just always there when playing,technical_support
the app is still there but no longer able to control it from the lockscreen,technical_support
after update no spotify on my lock screen,technical_support
i just need to do something about the battery life because it sucks ass,complaint
already did that was told we requested to dropped off somewhere different which is completely false,general_question
you need to correct false charges from a trip in lexington ky on saturday i want my 13 back,delivery_issue
my driver just drove me to the department of air travel instead of the airport rufkm,delivery_issue
im not getting your texts,general_question
got this threw my door today went to order sorry we dont deliver to your area what why did i get this then,general_question
wouldnt do this to me,general_question
why is there no phone number im literally stranded and now i have to wait for an automated reply this is ridiculous,complaint
literally stranded because of and because there is no support phone number i have to wait from a message from smh,general_question
1 hour inside an old altima that smells and has ripped stain seats with an inexperienced miami driver standards down now 4 applying,delivery_issue
tall lady 6ft slim was on the till about 15 10 think she had blonde hair she served the guy after knowing he didnt queue up like others,general_question
33 on the wrong which i really dont appreciate this needs to be investigate and i was simply queuing to pay and the guy pushed in,technical_support
i checked daily and flight 1403 was never offered as an option as i most certainly would have made the adjust on my trip,general_question
why wasnt earlier flight offered when i tried to rebook not cool at all just happened to look at moniter after deplaning,complaint
via dm,general_question
just dmd you with a screenshot and explanation,technical_support
it seems this technical issue still hasnt ben fixed can you look into it again,technical_support
the change flight search option on your website is broken once again,general_question
this has been my inflight studio experience today nothing works except twitter,complaint
is that not what ive done already,general_question
can you reply on the dm thread,general_question
i did this some time ago now but havent heard from you,general_question
actually i just looked again and they disagree and say its on you any idea what i should do,general_question
hi and thanks think i just figured this out would it be youre not running the mex mid flight so i need to check in via aeromexico,positive_feedback
im flying jfk mex mid tomorrow and you say im booked in but it looks like its just the first leg can you check please,general_question
same again ill dm you if you can give me a and no,general_question
ok it was not a full flight change had nothing to do with comfort class no and a handling agent telling would take care of us so please non of these as an excuse ill retwitter your reply thanks,positive_feedback
obviously you didnt read what already was said before you do give exactly the same bs answers i know there is no guarantee but i like to know why they moved us i know because a employee was sitting in my seat and you cant say that,general_question
is this a my tweets same,complaint
even,general_question
0062395415777,general_question
moves you to the moment you have a with no results just got some but no real reason why they changed our,general_question
doesnt work and i even tried deleting the app,technical_support
premium amp when i have it on shuffle it turns off when the song is done and just plays in order and the repeat lights up but doesnt repeat,general_question
iphone 7 and i have the most recent update for spotify,technical_support
im pissed my shuffle and repeat button just dont fucking work and im getting frustrated,complaint
yes multiple times no changes i am premium user an when send us users to spotify there should be a bugfree running app,technical_support
22 and there is no way to manage albums recently added eg in the app its a mess,technical_support
groove music quits amp redirect to spotify but the w10m app is a bugfest any further updates possible,technical_support
ok thx,general_question
is there a way to find non explicit songs that are explicit,general_question
sure how much would an upgrade cost out of curiosity,technical_support
or more importantly are there earlier flights than the itinerary i was rebooked on thats my preference,complaint
this itinerary is preferred i was unable to view other options in the manage my booking link included in the original cancelation email,general_question
i assume that being sapphire does not matter ill have to find a way from iad to bwi upon landing because thats where my car is parked,technical_support
hi my flight from man lhr bwi for nov 3 was canceled i was excited to try your club 787 product only available flight is now to iad which is a hassle but rebooked anyway my only option any availability in first class on ba293 for the troubles please,general_question
you have all my info check with sanket thakur supposedly heshe is a customer service rep reference number is 16934380,general_question
will you ever address my complaintclaim or do you just ignore it until the 2 yrs are up,general_question
booking ref mp79v2 and qmas91 second one is my sons have sent all info in being told im not entitled to anything,general_question
will you pay me my hotel and good bill for cancelling my flight home,payment_issue
can i just confirm the email that would send passport details to change a name on a ticket is email,general_question
heres the news article in case you guys need it if you have any updates in the future do share thanks,technical_support
runway is under maintenance at delhi from 7 nov flights have been cancelled wanted to know status of ba0257 lhr del 7nov,general_question
its been 24 hours now could you please assist thanks my email address is email,positive_feedback
not yet but i thought it was strange that i received a confirmation email for one of the flights but not the other thanks,positive_feedback
amsterdam to london on 281117 london to athens on 301117 have received confirmation for this contact 49 1708733216,general_question
full name david simons,general_question
any update sophie thanks,technical_support
i made two bookings but only received a confirmation email for one of the flights little help,general_question
tired of getting charged for equipment that was returned months ago please stop it,payment_issue
sent and thank you,positive_feedback
hi i got some odd text alert from you i dont have your service why would i get alerts,general_question
phoenix suns are on auto record nba team channel 752 trying to record tonight i only want regular broadcast games recorded like tivo does,general_question
thanks for your reply but thats why i said update your software if knows not to record on an unavailable channel its software,technical_support
why does record programs on my dvr from channels i dont subscribe to blank recordings i dont have nba lp,general_question
wow when you want to watch the world series and decides to have an outage,general_question
erica on the lax team is amazing give her a raise ty,general_question
could you have someone on your lax team available to guide me to my gate asap,general_question
have a flight at 330pm 45mins im almost to lax im legally blind and didnt know where to let you know i need assistance,general_question
ben tennyson and an american airlines pilot,general_question
right but i earned those i also shouldnt have to pay to pass them to my own spouse you need to change your program,payment_issue
im sorry what its going to cost me 50 to transfer 4 000 aa advantage points to my spouse this is ridiculous,complaint
heading to london tonight will be there for 5 days doing some exciting stuff get the drinks ready i coming aboard jb,general_question
check out these tiny trick or treaters all dressed up in our hey we have your youngest in training,general_question
thank you for playing and for having great flight attendants on my flight back home,positive_feedback
sweet im still paying on my 7plus but i have a jump any way to find out what to do in my situation and how much money i need to put down,payment_issue
no sir you can still preorder at joano,general_question
are pre orders done for the x,general_question
go for it trevor eriks,general_question
i have a question,general_question
be ready for your next iphone join our iphone upgrade program for free,general_question
by upfront i hope you dont mean upfront fees dm sent,general_question
just called in to switch from atamp t they wanted 75 to switch 3 phones i said no way inconsistent messaging shame,complaint
trying to redeem a free tuesday code and its not letting me telling me theres an error can i get help with this,technical_support
t mobile so bs my internet stop working for 3 hours,technical_support
no that opportunity has passed bad customer experience amp not going back ever again,complaint
ok maybe my problem too let me try that resizing,technical_support
got it one of them resized to 4x4 so instead of alerting me it just wouldnt take the coupon code i resized it and it worked thanks,positive_feedback
the code is not working when applied at checkout can you please look into this,complaint
so i wait almost 3 hours and then they are rude and arrogant amp unhelpful after which she is raising a technical case,technical_support
thanks,positive_feedback
hi i need some help with a booking i need to change and made a mistake on who can i contact,general_question
gotta luv finally get 2 call cntr they tried to charge me 176 for a ticket which can b purchased for 88 online,general_question
thanks see it now real shame about how poor the new app is though,complaint
hi does the new app have an option to buy an open return,technical_support
thanks,positive_feedback
my daughter is on the euston train stuck just outside preston any timeframes for arrival,technical_support
what are your targets for next season i see your prices go up so i assume youve set performance targets reflective of that,general_question
oh thats nice what are you doing about it what are you targets next year,general_question
always some supposedly acceptable reason yes i get that but when one uses the trains every week and spends a lot of money for it to be late regularly is just not acceptable,delivery_issue
the 06 20 from euston now im here waiting on the 19 00 from bham int also late,delivery_issue
for at least the third time this year i will miss the meeting i especially took the train for in the first place so often late no refund because it doesnt qualify next season car,refund_request
thanks we are an hour away so fingers crossed,positive_feedback
we are enroute to preston now from euston will we have to wait it out,general_question
i really hadthe worst experience ever from start to finish with will never fly internationally again with them,complaint
celebrated halloween on a flight with my pumpkin spice and a delicious free o,general_question
thanks to the wonderful crews of flights 1732 amp 560 for getting us from sacramento to kc safe and sound,positive_feedback
its working again,general_question
consider this your 1st reported error,technical_support
is down on the my account page,account_problem
sure will do getting refunded by the sellers in the meantime,refund_request
change your password and turn on two step verification or else you too may receive a paypal receipt for a van reversing camera with a random delivery address in walthamstow,delivery_issue
best part of my halloween free drinks on all my flights for the holidayits spooktacular,positive_feedback
me to im super excited get to try this entire trip all over again and at least this time i know ill have the best time due to yall,positive_feedback
youll be seeing me at the end of this month for the concert i missed my flight for because of american airlines thank you again guys,positive_feedback
you guys are amazing seriously thank you from the bottom of my heart,positive_feedback
you guys helped me so much trying to get me on a flight that was not even through yours amazing company amazing people thank you so much,positive_feedback
helped me out to try to get through to my flight when my didnt and my flight was with aa wow loss for words,positive_feedback
yup all 400 errors even turned off my ad blocker,technical_support
why would we be receiving errors when we try to check in our flight takes off at 4 but we keep getting error messages,technical_support
id fly any day of the year but they make really fun to travel on,general_question
everytime i sell something on the bid comes back as fraudulent and i have to repost 7 days wasted im done ugh,general_question
the item has been marked as delivered and the system would not let me contact ebay customer service directly it was not sellers fault it was mismanaged somewhere between shipment and delivery still file a claim,delivery_issue
need to contact customer service directly please dm contact email for customer service,general_question
ok thank you for your help ill do that,positive_feedback
i have further questions about my ebay transaction i dmed to explain thanks,positive_feedback
thanks,positive_feedback
need further assistance about situation i dmed the recap and update thanks in advance,technical_support
need assistance bought item due to be delivered saturday never received item despite being marked as delivered no response from seller delivery services cannot assist with lostmissing package please advise,delivery_issue
getting to the lists of episodes its not difficult just way more annoying plus you cant see as many choices on screen at once,complaint
thanks,positive_feedback
my wife and i hate the new interface enjoy the content but getting their is a horrible experience,complaint
hi someone changed my password hacked asked reset link x 3 over an hour ago no email not in junk what can i do,account_problem
i think we understand how it works its just frustrating that it used to be much more user friendly before this update,technical_support
yep this,general_question
its not intuitive takes me too long to find the episode i want instead of the episode presented to me,general_question
yep challenging frustrating things you dont need when youre just trying to watch bobs burgers,general_question
itsvery challenging,general_question
i feel its important to remind that its new interface has made watching what you want to watch nearly impossible zero stars,general_question
sounds like generic replh,general_question
love but lost home internetamp just learned cant mirror hulu on ipad hdmi adapter wanted to get hulu live guess ill have to cancel all of hulu amp look at or something like that why why,technical_support
what if you do like and and have a student discount,general_question
i am a college student why cant i still use my momsfamily account while im away at college,account_problem
do u expect people to travel with a compass,general_question
boarding the 22 45 from pad to swindon where in reading do i have to go for the bus dont usually find staff to help,general_question
if it was concerning i wouldnt have to be tweeting you so much over the last few years,general_question
well if you could fix your fucking potato towers out here in albuquerque that would be a start,general_question
just fix it,general_question
fuck you fix my connection,technical_support
ive sent several private messages and no one responds,general_question
i sent it twice now to apparently noone,technical_support
how can i get in touch with someone that matters at spring corporate,general_question
im a customer getting the runaround from to unlock ported phones now my kids dont have phones 2nite help,account_problem
after those 12 months if you decided to upgrade what happens to the remaining 6 months if youre on a 18 mo flex lease like me,technical_support
save big our best selling phones amp get free upgrades to any phone after 12 consecutive on time payments,payment_issue
you wanna actually turn on your internet towers to work or nah,technical_support
i need you idiots to stop sending me to collections you owed me money i owe you nothing get your shit together,complaint
you dont follow me so i cant never mind well call but gotta say was great jury still out on,positive_feedback
will be happy to discuss my problem in dm but not thru link you sent,technical_support
having trouble with a cable box can you help,general_question
ill do it live so there is no confusion paul garrison 8502663576,general_question
what are you doing to reduce the use of single use plastic in the product lines you carry,general_question
dont forget to cop your 3 burrito today,general_question
thanks for the 3 burrito bowl,positive_feedback
nope just laziness,general_question
i didnt know my boy ordered half a bowl,general_question
we got two burritos chips and queso,general_question
getting that 3 buck burrito from is becoming a tradition on halloween,positive_feedback
shoutout to for doing the 3 deal,general_question
nothing but the most respect for and this 3 boorito,general_question
thanks for my 3 burrito bowl tonight,positive_feedback
cant order online says cannot connect to chipotle supercomputer on the app,technical_support
going to expecting a 3 boorito wo wearing a costume is like going trick or treating wo a costume amp expecting candy,general_question
halloween isnt complete unless you get your bowl with guacamole for 3 for wearing a costume,general_question
wore my hoodie to wwhole family in costume amp it scored me my boo rito bowl for 3,general_question
im not frustrated just sad but thanks for the compassion,complaint
hey why dont you have chorizo anymore it was the best thing on the menu,positive_feedback
oh what a happy halloween it is,technical_support
boorito one of my favorite halloween traditions,general_question
i just spent 300 even on a boorito from,general_question
my favorite holiday 3 booritos at chipotyay,general_question
i guess my soccer player costume wasnt good enough for a 3 burrito,general_question
app doesnt work anymore in the 6ix lame,technical_support
aye can i do double meat for my boorito and still only pay 3,payment_issue
woohoo im gonna be first in line,general_question
hey did things go to plan just checking if your w broadway location in vancouver is open today,general_question
hey any word on when your 532 w broadway location in vancouver will open cant wait any more,general_question
no costume becky no one wanted to be shrek with me tis a sad sad tuesday,general_question
i think this is the first time since its birth that i havent gone to on halloween for my annual boorito,general_question
when you go to dressed as a soccer player and dont get 3 burritos,general_question
pray for me becky,general_question
its halloween and my total at was 666,general_question
i think my family hates me they made me get on halloween,complaint
it was becky it was,general_question
i just walked into wearing my mermaid man costume to get a 3 burrito amp ive never felt more alive,general_question
if you dont pull out that old costume and get a 3 burrito from you are crazy,general_question
looking to get a burrito for 3,general_question
a burrito bowl from for just 3heck yes from now till close go in w your halloween costume and get the deal,general_question
thanks becky we were able to go back to chipotle at 4pm and got our booritos,positive_feedback
just got ghosted by chipotle went in at 3pm and was told we had to wait another hour for unboolievable,complaint
is extra meat guac and queso included in the boorito,general_question
no it just says amount due 2704,general_question
all outstanding dues before 20th sept has been paid off,payment_issue
why am i still receiving a bill for oct when i disconnected by account on sept 20th pls advise amp reverse the charges,payment_issue
ever since i upgraded to ulimited data my lte speeds are terrible is there a fix,complaint
why tf does my internet keep going down this is bullshit,complaint
if i dont provide the required information by 15 feb 1970,payment_issue
thank you you are a real mvp,payment_issue
can you please help me recovering my hard earned money i lost in a cyber crime on paypal case id is pp 006 234 348 863,payment_issue
hello id like to add tracking info to my invoice but the add tracking info link always lead to blank page please help,delivery_issue
are you kidding me with this customer service its terrible,complaint
i set up a paypal account before i was 18 fair play my bad was wondering if i could shut down the account so i can restart it now im 18,complaint
i am 18,payment_issue
i have a serious problem i need help with,technical_support
been locked out of my account for 2 hrs 2 different agents have reset my account for me amp still no dice as soon as they get off phone,payment_issue
good morning a customer service rep just made me cry,payment_issue
can you dm me i have a question,general_question
its ok i fixed it thanks,positive_feedback
but out of the games the buttons work solutions,general_question
my ps4 lets me load up games but then i cant do anything in them eg fortnite cant press x to continue,general_question
compre una tarjeta de 50 la met y no se me acreditaron los 50 me sale que revise los trminos que hago,general_question
yo my ps4 has been turning on by itself recently and constantly ejecting the game disc thats in what the heck is going on,general_question
my account is telling me to reset my password but i dont know my date of birth but i know my password for the account help,account_problem
my psn id quochuy046 can you help me or can i email someone a try for help live chat on web block me wtf,complaint
i have followed your instructions but not my ps4 has set up automatic download and find in library there is no diablo 3 nercromancer,general_question
i have bought dlc diablo 3 necromancer and hav phys disc d3 ros but when i click necromaner pack on game dont download,general_question
less a billing issue i updated the exp date in acct more ps wasnt able to renew how do i make sure it stays currentnot lose anything,technical_support
not sure why my cc in my acct had an incorrect date but my renewal for ps failed how can i correct this,general_question
please help,general_question
hi i accidentally bought a psp game on the playstation store thinking it was for ps3 i dont have a psp can i return it,general_question
i preordered the standard edition of cod ww2 can i change it to deluxe edition somehow,general_question
someone got to my account and changed the email,account_problem
laserjet pro m102w will not print drivers install and windows finds printer but i get an error,delivery_issue
im sending my notebook in for hard drive replacement is it alright if i format the drive to factory defaul first,general_question
i would like to speak to a technician,general_question
sounds good thanks,positive_feedback
hi do i have to go through the chase online ultimate rewards webpage to get the extra cash back when i shop,general_question
ive had some ups and downs from banking with chase but lately theyve been really good to me so shoutout to you,delivery_issue
hey were gonna need to talk about all these pending charges that keep going through my account 5 days after the transaction was made im getting real irritated,account_problem
just got off the phone with them you guys were great,positive_feedback
thanks guys,positive_feedback
i couldnt find an e mail online you have my apartment address but not my number how can i update that to ensure the card gets to me,technical_support
i applied for a credit card and but i was never asked for my apt tried calling but couldnt get past your automated system,complaint
had to push hard but finally got a team lead to reach out to on call tech outage issue solved not,technical_support
next day turnaround on an outage issue for the when it comes to dealing with outages,technical_support
it needs to be fixed permanently now,positive_feedback
so is back fucking me again with my business plan internet super cool company i dont recommend,technical_support
id like at least one month to go by where i dont have to say how crappy the service is with in amp how much i despise them,complaint
i just did,general_question
been lookong forward to binge on just hope we have internet a lot of outages in the neighborhood lately,delivery_issue
seems like my problem has been resolved the technicians you sent to the house were very capable and surpassed expectations,technical_support
i have contacted seller but my question to you is when will i receive my product your customer service says may be the awb no is wrong,general_question
i dont care about that i want my product i wish i had not opted ebaybut in future i am not going to choose ebay because its the worst,complaint
i havent received it as of yet and i have a contract with you for the delivery of product not with seller,delivery_issue
so instead of telling me to contact the seller you guys should contact the seller,general_question
i havent received anything as of yet ill contact seller tomorrow morning but your service is pathetic,general_question
i would appreciate that i got the refund of my previous damaged product from ebay but where are the timelines for delivery,refund_request
the email address associated with my account is email,account_problem
im not looking for the refund just check my account and you would yourself condemn your service and worst packing,complaint
and i havent received it yet so in layman terms you can say im waiting for it from 9th of oct how much time can i wait,general_question
and so you have provided me the refund for that but as i was mad about this product so i ordered the same product on 21st,refund_request
i am looking for the product let me tell you something i bought a similar product on 9th of this month but that was damaged,general_question
and check with your team or else keep my fucking money as you guys have stressed me out,payment_issue
kindly check the above message and do the needful for your worst service,complaint
estimated delivery wed 25 oct fri 27 oct you have paid using paisapay on 211017 but i havent received it yet on 11117,delivery_issue
i did that they closed my case have i lost 120 pounds now because of ebay theft and ebay does not care,general_question
the delivery company is saying they delivered it to my street wont give address the seller is saying she has proof but no one will show me,delivery_issue
what option do i have if i bought something on ebay and wasnt delivered and ebay closed my claim to get the money back,refund_request
how do i setup automatic declines its not listed in your help centre and im struggling to find the settings,general_question
can you remove the best offer facility from buy it now items i am selling items that i do not wish to offer best offer,positive_feedback
how can i change my work dropbox account back to a personal account i tested the trial version now i want my account to be personal again,account_problem
were excited to announce the university of cambridge is using dropbox business to power collaboration,general_question
fyi was on your solutionsmarketing of db business and noticed the read the ebook link is broken,general_question
please do as a user i would like to hide irrelevant or old contacts from suggestions in order to make room for relevant ones,general_question
how do i remove the suggested contacts in invite people to paper column i dont have any third party contacts connected,general_question
can you please update my tier points on my account thanks,technical_support
3 times over an hour on the phone lets just hope everything is correct now id hate for something to be wrong for a special occasion,complaint
3rd call to hoping everything is sorted booked flights for 4 guys and 2 peoples details were incorrect should i be worried,general_question
refuses to provide me with a copy of my contract even though theyre quoting it to justify stealing 800 from me,general_question
thanks,positive_feedback
anytime after 12noon today or anytime tomorrow,general_question
whenever your ready,general_question
okay im currently on the middle of something i will return your call shortly thank you,positive_feedback
thank you because i just was beginning to become comfortable with you all everything was going great,positive_feedback
the the woman says were regulated by the government they wont let us help youshe literally just blamed the government,delivery_issue
i have a question,general_question
week 2 licence wont validate my minecraft for windows 10,general_question
connection via ethernet not possible where he is also theres no file to delete amp restart as said before hes done a power cycle,technical_support
my brother cant install forza 7 on his xbox one hes already tried a power cycle what can he do please,general_question
who would i message for backwards compatible game suggestions 2 great games have sat on the fourms since 2015,positive_feedback
yeah have to reboot game when animals become ill and the strikes and crisis come way to quickly,general_question
yes there are many bugs in this game especially when you try and release animals,technical_support
hi will you be fixing the bugs and crashes on zoo tycoon ultimate animal collection xbox one version many thanks,technical_support
i bought dying light from the xbox store and when i play it it continuously freezes i want my money back unless we can fix,refund_request
do you need a active game pass in order to receive the mystery gift from the giveaway,general_question
jai un pb quelquun a payer des jeux avec ma cb pour acheter 210e de jeux,payment_issue
on skype i can hear people but they cant hear me ive tried different controllersmic amp uninstalling please help,general_question
what happen to your system i could not sent my refund info to e form,refund_request
why i cant use env variable syntax in my functionjson trying to deploy function app but that syntax not working,technical_support
thanks for your help ive actually decided to use azure blob storage instead so i dont have to set up a service principal as a non admin,positive_feedback
is there an easy way to transfer files from azure file store to azure data lake,general_question
thank you for listening and helping when i had an issue today great customer service,technical_support
wow great customer service thank you,positive_feedback
terrible delivery service even worse paying extra for a time slot,complaint
hey if i recieve the wrong order and reported it to supportshould i place a new order or what,general_question
order was messed up got a 5 refund when i deserve my money back food tasted horrible,complaint
why have you discontinued your tinned ravioli in bolognese sauce it was better than any other,general_question
just so know orange donuts were a terrible idea,complaint
thank you for responding i look forward to working with you,positive_feedback
has disgustingly mismanaged the released of the crota pops you should be ashamed of your distribution and retail staff,complaint
how can i give this out wtf,complaint
looks like marketing team didnt think that was a good idea what is the motto for again something like lol fuck our customers,general_question
can you do something similar for the crota funko pop this proves that youre capable of letting us know in advance when a limited product will go up for sale you can still redeem yourselves for that fiasco of a launch please dont just randomly throw it up,general_question
snes classic will go up for redcard members only at target dot com at 7 am pt november 1st,general_question
hey godday do you have a chat support i had an issue while im tryin to sync merchandise from printfull to my woocommerce,technical_support
thank you,positive_feedback
shit wrong one,complaint
id appreciate it if you wouldnt sell my personal info to other companies you had no right and ill be reporting you to the b,technical_support
lies i set mine to off myself it was no error or mistake,complaint
i specifically turned off auto renew why the hell did you feel the need to change it this is shady as hell,general_question
really knows how to celebrate halloween i have basically no internet,complaint
im trying to run a speed test but all it says is network communication error after briefly showing 002 mbps,complaint
change your hold music from being a 2 min loop for the love of god,positive_feedback
and give your call center people a raise for having to deal wthe nonsense created by your robot system that randomly cancels installations,general_question
i heard you guys were bad after an install no show amp 25 min of being on hold im thinking the rumors were true,complaint
you are the worst i have to wait three days to get my internet fixed,complaint
aye why yall dont deliver to xavier university of louisiana whats beef,general_question
i sure can,general_question
i get that its halloween but this dude at the canonsburg is flipping out literally screaming he said hes the general manager,general_question
ordered pizza for a 515 delivery still waiting on it having a halloween party,delivery_issue
hey you just gained a customer lost my package i paid for overnight first am delivery they lost it hope you can do better,delivery_issue
nope ive got my package thanks,delivery_issue
saved my fucking time by just checking my mailbox because sure enough i got the ups letter saying my package was in oh my god,delivery_issue
i legitimately spent an hour trying to deal with usps cause i had 1 question and they just hung up on me or wasnt any help i could have,general_question
but i cant find the options to cancel or re order,general_question
thanks for quick response pic attached,positive_feedback
my order hasnt arrived it was due 14th october can you help,delivery_issue
thats the thing i told customer service i created a new email address for the prime trial and forgot it what can i do so im not charged,payment_issue
you have to log in i dont remember the email address i used can you look up the account by my bank information,payment_issue
they sent me the email i sent you guys that said i wasnt gonna be charged he must have been able to look up my account a different way,payment_issue
i tried my phone number but i didnt have a mobile account i went through this for 2 hours on the phone with someone,account_problem
i called customer service and was told my membership wouldnt be renewed i was just charged today how do i get a refund,refund_request
i have tried its not allowing me to access my account to cancel my membership i havent even used prime in almost 3 months,account_problem
being charged for amazon prime amp when i go to cancel it its saying im not a member,payment_issue
where can i chat with a support member for a false charge,general_question
so essentially still two separate accounts just sharing payment info i dont want my family to see my christmas shopping list,payment_issue
if i add another adult to my amazon household with their own account can they see my wishlistsphotosorder history,account_problem
seriously i order 6 identical washing up bowls and they are all being dispatched as separate orders my phone is buzzing non stop,general_question
my package just got here all good thank you,delivery_issue
i ordered some parts of my costume late but my amazon has a map of the driver and theyre like 6 houses away,delivery_issue
never got the beta and now im being told i wont get any of the other stuff including last jedi content and or bonus classes anything,general_question
deluxe edition on september 16th it definitely had the pre orders on the profile because thats why i ordered also why i paid for prime,payment_issue
star wars battlefront 2 elite trooper deluxe edition playstation 4 preorder info is in description thanks for help,positive_feedback
but your website is offering pre order content so its just a lie,complaint
its literally in the description of the item players who pre order star wars battlefront,general_question
is this real theyre offering preorder bonuses but dont actually give them out,general_question
so to get this straight i get nothing at all for preordering,general_question
ive cancelled my order and gone to best buy thank you,positive_feedback
saying i preordered to early terrible customer service wont renew prime if this isnt fixed,complaint
i signed up for prime so i could preorder battlefront ii and get all the bonuses and now cust service is saying i wont get bonus,general_question
fulfilled by amazon its quite disturbing youre selling counterfeit items and cant be trusted,general_question
already have and the assistance i received was absolutely useless and rude,complaint
two fake items in one day time to cancel my amazon prime membership,general_question
i have no luck,general_question
please spend time amp money to fix your app constant issues with it,technical_support
its not allowing me to update it to register my new amazon account i read id have to do so manually thx 4 response,technical_support
my kindle not working properly is breaking my heart,technical_support
that is not my apartment this is the sending time where is my package,delivery_issue
yep im going to take it to the megaalexa at whole foods,general_question
truly this is the strangest vampire book ive ever received cc,general_question
this is the japanese vampire book i blurbed different touching and perfectly constructed,general_question
why does my i not work please fix this,general_question
i just updated it and its still coming up,technical_support
why is i keep changing to this and how do i stop it,technical_support
ios 11 is killing my battery fix it,technical_support
thanks thing is i still have like 81 cents in credit and wont let me do that until i have zero credit,technical_support
awesome thanks,technical_support
hello i need some help regarding the region change on my apple id,technical_support
it has but not for some time now ive tried with two different apple ids but its still not showing up on my phone,technical_support
why is my home sharing not working and how do i fix it,technical_support
iphone 6 yes ios11 checked for updates none available ive swiped up to close the app several times and ive restarted it 2x,technical_support
battery life just got worst,complaint
sent twice dont know if the first one went through but no reply either way,technical_support
i just get a white screen and nothing loads after a short time it just closescrashes thanks for the reply,technical_support
my phone app doesnt work thank you for updating my to an,technical_support
why cant i change ringer volume with the buttons whose dumb idea was it to change that and how do they still have a job,technical_support
if my words even mean a thing to you i am an iphone 7 owner and have updated to your latest software and now am having the most dropped calls in history and glitchs such as apps randomly opening and more,delivery_issue
epl bana yardmc olur musun telefon internet konusunda ok yakyo napcaz,technical_support
worked,technical_support
no i had 1103 but now it says 111 update so ima go ahead and do that,technical_support
why wont my apps fuccin download or update,technical_support
i did no response,general_question
wtf is this every time i try to use the app it gives me this crap,complaint
your app and website still dont work,technical_support
thanks i appreciate it not sure what happened,technical_support
hi just for a ride and it seemed to think i wanted to go to my original location i canceled trip but want to see about being credited,general_question
i already dm yall about 30 mins ago check it out it is long and detailed,general_question
bruh can someone at get back to me on my dms,general_question
my driver broke down any tips on getting a refund,refund_request
i do not see were the trid if is listed on the app i sent in a few message,technical_support
worst most unprofessional driver ever asked for extra fee when he showed up yelling at me cause uber dont pay for his 30k car,complaint
are complaints taken seriously do you take customer complaints seriously or just pay it lip service,payment_issue
ay whats your policy on bottles of lemonade 6 bottle max is a bit of a joke am thirsty,general_question
honestly i dont care that much you should just know that all 6 sausages ended up in the bin,general_question
thought youd like to know these sausages i purchased from you taste awful ruined my sausage and mash dinner i just had mash,complaint
youve lost me as a customer,general_question
i am a regular customer and spend at least 50 a week with you so pretty poor apology feel like shopping somewhere else,general_question
id tell paul to wash his mouth out with soap cheers,positive_feedback
hi an answerphone message from your delivery driver ended with him saying fuck you he obviously thought hed put the phone down,delivery_issue
im on flight dl4047 to cle there is a man in 3a who is moaning in pain and sweating hes not well,technical_support
dear cute flight attendant im boardjust sayin,general_question
yes and isnt diverted,general_question
hi any news why dl1262 diverted to aus and dl1738 to smf thanks,positive_feedback
i sent you guys a dm about a story thanks in advance for any help you can provide,positive_feedback
bummer i promised them some info and in my hurry to get to my next flight forgot to leave my business card,general_question
i was on flight 2222 lax to atl at 645am im trying to forward a message to one of the fas are you able to assist,general_question
i love the sky lounge access thank you imagine if they had a dark or more dim room to relax thats next level,positive_feedback
but it now looks like a mistake in and isnt dls fault,general_question
flights are what they are already just frustrated i got this amex but no real perks wondering when the perks actually happen,complaint
can i get the 35 refunded for the seat cost i never got,refund_request
just dont know what i gotta do to not be treated like crap apparently spending thousands on your amex isnt cutting it,complaint
booked a code share korean air flight on where can i find my confirmation or ticket for the ke portion,general_question
pls check dm,general_question
i have submitted complain against over charging but still not response from uber support,general_question
i tried it on web browser and it worked,general_question
desktop app still not working but i got to see the cool thing easter egg so im ecstatic,technical_support
1065320gac7a8e02,general_question
using a macbook pro with os x el capitan and the latest spotify update and an iphone 6s with the latest softwarespotify updates,delivery_issue
why are my devices not doing the cool thing when i play the albums on,general_question
made in germany du bist gut cover me and 20 jahre this one mostly because these are missing a few compilations have greyed out tracks,general_question
why are nenas releases between 2002 and 2012 all missing yet everything else from 1982 2017 is there,general_question
cancels d c lhr on 3 nov but refuses to give a free upgrade for inconvenience caused sad,general_question
find this terrifying hard to use self check out kiosks grateful amp let me go human recently,technical_support
shes been trying to do that thats the point you should be contacting her as she cant get through to you via phone or email,general_question
can you please contact email and can give you further details please,general_question
call centre has the worst customer serivce ever keep you on hold for endless hours without an apology mum is not happy,complaint
obvious psa is evil thanks for tuning in,positive_feedback
neither sd or hd for nbc or abc can be seen an error message says 03059 rebooting didnt help,technical_support
is this a trick no nbc wptv or abc wpbf in psl this afternoon why these 2 channels,general_question
like lucky im home but what the fuck,general_question
love that sent people to bury the new cable lineon halloweenin the middle of trick or treat times with no notification,positive_feedback
i just opened an account with xfinity and needed the modem will it be shipped to my house or do i have to pick it up,account_problem
ive called 5 times no resolution bill for a house i dont live in still remains and you all give me the run around to cancel my account,payment_issue
its interesting how with every natural disaster you try to find a way to screw over those who are already the worst off,complaint
my house was destroyed by hurricane irma ive called you three times to place temporary hold and you still send me a bill,payment_issue
pay attention to me,payment_issue
whats going on man wheres my internet,technical_support
s wifi makes amtraks wifi look pro at least theirs is free has decent wifi reasonable prices why not aa,technical_support
wonderful club american airlines admirals club in san francisco ca,general_question
already didchanged browsers did all my techie tricks and still cant make a reservation after 1 hour,general_question
been on phone and hold for past 45 mins looking bleak,general_question
stillonholdthey made the booking i am trying to payso,payment_issue
well now i am told the ticket cost is an additional 200person to paybecause of the waitomg,payment_issue
i dont think it changes within minutes this is a scam,general_question
finally booked and they honored lower farethat was still available on line,general_question
me too but it shouldnt be this hard nearly 2 hours,general_question
trying to book a flight on and an error comes up system having trouble anyone else having problem,technical_support
well how much does that help me now,general_question
i was long gone from the airport by then,general_question
no i was not able to,general_question
look what did to my bag,general_question
big thx 2 4 guacamole and margs of thx while the lounge upgrades are underway,general_question
whos looking in your window at night,general_question
i meanit does say to submit your costume pic in the original tweet eriks,general_question
this is kinda lamei created a whole acc just to get told to upload a photo of my costume i didnt even dress up,general_question
happy halloween submit your costume pics with to win a spooky trip to london plus other scary surprise goodies,technical_support
finally free of the chains here i come cricket,general_question
john why i am having so much trouble coming back,general_question
8 hours total over 3 days and still working on coming back why,general_question
what is happening in this conversation,technical_support
im not even a t mobile customer and people like this piss me off trolling losers,general_question
this guy is a fool and a troll,general_question
i am not going to a store i spend sunday 6 hours trying to come back and tweeting today you are making me go back and front for 1 and 12 hours no worth it,general_question
quit begging for this idiots business,complaint
because you sound like an idiot after reading your post you dont know your password the same password you had when you was a customer just a month ago you sound like a troll your the one making this hard you idiot cant believe how stupid this generation has become,complaint
thanks,positive_feedback
i send dm over to you guys cassy or jason were helping me,general_question
so you know been trying to chat but your team is asking for a pin or password i dont have making me feel like you dont want me back,account_problem
dont get why they are asking for my password,account_problem
john i try to come back to t mobile but they want me to go to the store maybe team can help because customer service want me to go to the stores maybe i just stay will my current service dont seem like u guy want me back,general_question
i made a mistake a big dumb mistake i ported my lines to another service less then month ago i miss t mobile can i come back and have my formal plan please should i talk to team because customer service told me i cant go to my formal plan,general_question
wow honored to be one of,general_question
when is the 600mhz coming online in,general_question
once again you are being slow,technical_support
creative like it,general_question
keeping it creepy d,general_question
thank you for the advice to make the connection after a long long day it is appreciated,technical_support
great airline no fees to check bags free drinks and snacks on board and complimentary halloween sweets great stuff guys,positive_feedback
found it but doesnt seem to work can you check if funds are available,general_question
i have two vouchers but cant seem to track down my confirmation numbers anyway to look them up thanks,positive_feedback
youd be my first choice if only money fell in the same category as skys the limit,payment_issue
ive never been on an airplane,general_question
i loved how your employees embraced the day amp made fun glad you like the pic its my thank you to you all so enjoy,positive_feedback
me time in the sky,general_question
bummer might have to watch my back on nov 13 too for sadie hawkins day on the airline of luv,general_question
unlucky not to be flying on today and have to wait until nov 8th would have been nice to have had a free drink on flight,general_question
hey your app has had a loading error for the two weeks thought id let you know ive been paying for aggravation rather than tv,technical_support
yes same message error playing this video iphone 7,technical_support
im getting an error when i try to play episodes can you help please,technical_support
when will the other 2 major networks stream live on hulu live,general_question
done please check,general_question
kya khassi support hai yaar i am an uber rider not driver they are telling me to take docs to nearby uber office for verification and all i was asked was to update my cellphone number,delivery_issue
yes i do you want me to dm you or just write it on the comments,general_question
i havent received no type of new besides my oder is pending for day,general_question
have you pre ordered yours yet,general_question
on behalf of all college students thank you,positive_feedback
customer service 4 different people said they have no idea how to help the two people who actually have tried did it wrong,general_question
i called customer care when i tweeted this and they said double charge would be credited still no credit,general_question
chk ur latest bill i paid for note 8 shipping wdebit when ordered latest bill shows ship charge this happened to other friends,delivery_issue
youre a bunch of crooks you dont care about happy customers yall just want money save me the bs,technical_support
is honestly trash,general_question
one of your sales reps called me an asshole on the phone unbelievable,complaint
after contacting you concerning deactivation of my account it was reactivated but after 48 hrs it has been been deactivated please help,account_problem
very disappointing to say the least and unacceptable in my own home im still shocked,complaint
no its done now just remember to practice kindness with customers please i dont understand why everyone has been so rude thus far,general_question
ive never had a rude cable guy before until forced to switch to the people on the phone were rude and now this dude,general_question
when u wait 10 mins in cold for amp driver goes to the wrong address cancels amp ur next request goes up 15 bc if rush hr u get,delivery_issue
why does sucker you in with s promise that a driver is 1 minute away then it becomes 6 is this a systems problem or fraud,complaint
we will be back friday for lunch,general_question
the wild thing heard there was a 3 special at 4 halloween amp couldnt pass it up he hopes chipotle will sponsor his team,general_question
i know you guys are busy but dont undercook brown rice,general_question
chx burrito bowl all the works bring on the guac,general_question
im geekin for sum rightnow,general_question
nothing says halloween like 3 burritos and tacos,general_question
5th year of getting a boorito spoky,general_question
no worries i got my four burrito bowls without issue lucky me we beat the lines,technical_support
no online orders today really,general_question
sent a dm hope you could help soon,general_question
welp i guess thats one bibimbap order im never gonna receive good thing i used a first time order promotion not a good first impression though,general_question
do you also support ubereats singapore im reaching out here bec the support there is useless any chance you could help,complaint
what is this in my food,general_question
idk what puts in their salad dressing but holy fack its delicious,general_question
shoutout to the best burritos around thanks for the 3 burrito you the best,positive_feedback
no,general_question
what the heck,general_question
im a undercover boss thank you for the 3,positive_feedback
i love you,positive_feedback
my baby,general_question
was gonna say im ready for a job at but my rolling skills suck,complaint
got his boorito,general_question
happy halloween i broke out my ko cosplay today for and and totally not because of not at all,technical_support
barbacoa w da guac,general_question
best part of today are these 3 burritos,positive_feedback
but do i absolutely have to be in a costume for a 3,general_question
oh my god becky,general_question
your app seems to be down,technical_support
enjoying our 3 from,technical_support
adult trick or treating for me is going to as many as i can find for,general_question
boorito time,general_question
yes hungry rutgers student,general_question
bruh u really just made me pay full price for my burrito im tight,payment_issue
u guys make it really hard to give feedback called the store no answer cant send msg on fb what are my options,general_question
gave me food poisoning and ive never been more heartbroken in my life,general_question
forgot to get my receipt at there goes a chance at burritos for a year ugh,general_question
so worth it thanks for the fun deal,positive_feedback
heck yes i went to and got a 3 boo rito bowl for wearing my minion outfit today well worth it also i was far from alone everyone wore costumes and wanted their costume chippy,general_question
banking,payment_issue
trying to sign up for autopay your site tells me my checking account must be min 12 characters mine is 9 so,payment_issue
im standing in front of it,general_question
ok now what,general_question
didnt work channels come up in guide always have by tv freezes when changing to anything under 523,technical_support
yes it is,general_question
problem has been consistently happening for about a month,technical_support
ive lost my network channels and other channels are glitchy need help,general_question
no changes in a long time no new hardware in a long time,general_question
same problem on both boxes,technical_support
im on the phone with your tech now looks like ill be another day without internet,technical_support
nevermind ill be out of internet til saturday smh,technical_support
i have been without internet for two days and yall gonna tell me to wait til tomorrow,technical_support
whenever i go to play my game it says im on my old psn account which i deleted of my system ive used that account like once before,account_problem
what do you mean by local user,general_question
why is this happening to me and only me,technical_support
thankx,general_question
after playing for a hour my network on ps4 just drops to 679kbpsthen i cant play any gamescod black ops3pls help,general_question
cre que lo haba hecho ahora les vuelvo a escribir por privado,general_question
he platinado horizon zero dawn el 172017 y no he recibido el tema exclusivo va mail podran revisarlo id rezequiel,general_question
thanks,positive_feedback
hi having issue with an old account no idea what the loginemail is for it but i know the id,technical_support
pero un cobro con la misma informacin me lo tomo un minuto despus ya no no es la info de la tarjeta es un problema del store,technical_support
si que la informacin de la tarjeta es incorrecta asociada a paypal y una de las compras la hice sin problemas un minuto antes,technical_support
buenas tardes intento comprar por play store y me rechaza las compras,general_question
me pueden ayudar me robaronmi cuenta de psn,general_question
is it possible for me to delete my own psn or change the location and currency please reply,general_question
hey is shadow of war remote play was thinking of getting a vita but i dont know if i can play my games remotely with it,general_question
how do i recieve the 2xp and weapon unlock though is it in my gam ready when i load it up,account_problem
and how come cod ww2 multiplayer servers are active for people who own illegal copies of the game,general_question
this i wanna know as well,general_question
hey i have pre ordered ww2 on the xbox store how will i receive my cod ww2 2xp and weapon unlock,account_problem
hi i preordered ww2 on saturday and i was told i was going to get 1 100 cod points yet i didnt do i have to wait till friday,general_question
can i use my 3 of a kind on wwii plz,general_question
let us transfer over cryptokeys i have so many,general_question
if i have cod points on bo3iw will i have those same cod points in ww2,general_question
when is the update for black ops 3,technical_support
help,general_question
only three days left until arrive at your doorstep happy halloween stay safe tonight,delivery_issue
yes none of it worked i didnt try the reset because i dont want to reinstall everything but when i went back to 1703 everything worked,general_question
this thread seems to be where a lot of people are saying theyre having issues no one can pin point the solution,technical_support
gotcha have you shared your experience with us on the feedback hub,general_question
ive downgraded back to the 1703 build there are threads on the microsoft community of multiple people having same issues,technical_support
hell could you share with us more details about this issue wed like to help if we can,technical_support
i dont recommend upgrading to the windows 10 fall creators update delay it as much as possible start menu quit working after the update,technical_support
are you trying to help because helping would be trying to shut that down im not looking for avoiding im looking for you to deal w it,general_question
thanks for the outstanding assistance i get it it is your company that takes the heat for these people hurting your rep,positive_feedback
or even worse hacking them and hurting them just trying to show my concern,general_question
i apologize for sounding like a jerk but you know they are scamming older people and ripping money off of those who dont know better,payment_issue
please get back to me immediately this is of the upmost importance,general_question
i got a phone call claiming to be you but i discovered they werent the number is 1818930 5703 they tried to bribe me,general_question
and somehow three artboards worth of brush work disappeared twice out of nowhere while i was working on another artboard,technical_support
will lr6 support the sony a7r3,general_question
i cant find the edit filename option on either the cloud mobile or mac based version of the new lr cc it was easy on classic,general_question
sorry you misunderstood yes using old catalog but imported new a9 files still slow,general_question
hi apologies for the delay yes it was after migrating to old catalog,general_question
yes all files mac el capitan,general_question
adobe lightroom is terrible since updating to cc classic sony a9 file takes 15sec to load full preview,complaint
any update for when hdr merge and panorama stitching are coming to lightroom cc,technical_support
horrible service from not concerned for our safety and didnt even listen to our side of the story,complaint
sorry mean 22 11 41,general_question
that is not what happened or are the platform clocks slow look at the cctv,technical_support
i was at the door with fifty seconds to spare and it left at 1141,general_question
the 2212 train from clapham junction to surbiton left early the only train to be early in weeks just as annoying,complaint
hey if someone creates a second account so heshe can play worse people because they have a higher skill and dont want to play those people is that considered cheating,account_problem
the one you guys give in box at purchase,general_question
a headset should be a simple plug in and go method right,general_question
hi why are the trains from manchester piccadilly to york delayed,general_question
saya nak tukar flight sbb reschedule booking,general_question
i bought it in the arbroath store last week,general_question
my 180 ring doorbell is constantly down seems now that every ring doorbell and camera on earth is down refund required,refund_request
so if i buy the individual characters they wont fit,general_question
hi am i able to add different characters to this please,general_question
fantastic i dont have a car thank you so much tom i hope you have a good shift,positive_feedback
do you know how heavy this is do you need a car or can i carry it home,general_question
in store i needed it urgently as i have to produce paperwork for a solicitor on nov 1st so disappointed,complaint
bought an printer 2day waste of instructionscd software doesnt work drama getting help online refund,refund_request
perth,general_question
love the new look cafe in my local store delightful veggie cajun burger but no brioche bun twas only a morning roll,positive_feedback
no problem its my favourite time of year and was awesome to see no pumpkin sizeshape went to waste,technical_support
another day another halloween shop really stepped up love the diverse range of pumpkins,positive_feedback
yes after i also found a hair in my soup bowl amp the weong dressing on my salad also playing it off as it they gave me the right one,general_question
you guys call this chicken,general_question
any chance you could help us out with some sort of sponsorship were already spending thousands of dollars with you through,general_question
just got recognized at as the guy who buys shopping carts full of sports equipment by an employee i think im here too often,general_question
oh my god you da best walmart,positive_feedback
we all know walmart is better in terms of a lot of things so i love walmart,positive_feedback
no a fellow associate did it for me,general_question
better one with the love symbol got to dress up at work thank you walmart lol,positive_feedback
gaara from anime naruto,general_question
happy halloween share a pic of your decorations or costume heres some pics of mine overkill maybe,technical_support
it isnt every day you get 3 carts full of blankets and you become friends with the cashier,general_question
used and its a pretty neat service,general_question
everybody ive met at walmart is so friendly i love it,positive_feedback
the pumpkins will be enjoyed by many families this holiday season who might otherwise not have one so thank you very much,complaint
happy halloween look at these pumpkins that were donated to us from the distribution center,technical_support
shout to the in thomaston ga for actually having gospel music on sale bravo and thanks,positive_feedback
haha nah im good it got here eventually lol,general_question
when i open the gps map on ubereats and see that my driver has turned down the wrong street,delivery_issue
hey i was wondering if you could give me a discount on my food im broke,general_question
dealing with a driver who is literally incompetent and just swore down the phone i hope this isnt what ubereats stands for,delivery_issue
it took our driver over 5 minutes to start moving for our ride we have a flight to catch if they cant do the ride then they shouldnt accept it,delivery_issue
how did i not get a ride out of this surge im at the four seasons resort and there is only one car around me and its farther away thanks,positive_feedback
ugh is there a reason you disabled my ability to respond to a complaint you guys asked me to resend information to,general_question
i submitted an online request and expect a cancellation credit to my account as i would of had to pay thank you,payment_issue
hey my scheduled ride canceled on me when he was 1 minute away if i cancel i pay 5 i need a 5 credit,payment_issue
thank you for your response put in a request and am waiting for reply,positive_feedback
just made a 35 ubereats order from and did not receive my burrito who should i contact,general_question
or even reply,general_question
your drivers are now officially worse than the auto walas and you sit there and refuse to listen,delivery_issue
any reason im trying to inform ur support staff that my debit card is being charged fraudulently from another uber account while im at work and no one seems to care,payment_issue
the thing is its the exact same reliability and speed as so why would i pay 15 more for the same product or wait for later when i can just give them my money which is what i did,delivery_issue
surge pricing is ridiculous i literally just ordered the exact same food from on for 13 less,complaint
is there a way i can address a specific issue though i already received compensation for that ride i reported id like to mention it wouldve been avoided if the route to my location was plotted correctly the map told him to pass through a route that had a dead end,technical_support
hi i have a problem with a cancellation fee i was charged but the case fits none of the options how can i report i this,technical_support
awful customer service why bother trying to contact the head office,complaint
im already registered as a driver lower the age requirement or let me bypass the rule please,delivery_issue
im 4 months away from being 21 and have driving experience including delivery i feel i should be able to drive now instead of waiting to be 21,delivery_issue
im only a few months away from 21 let me drive anyway,general_question
thats a big lie otherwise my account would be up and running stop lying ill make it public all the lies your guys have told me been told it would only take 48 hours been waiting 5 days,complaint
nah i dont want in app support you people are lying get my app up and running now ive been waiting for 5 days you guys are lying and closed my app cuz i reported another driver with a gun in his vehicles im not stopping next is facebook,delivery_issue
answer me why if i report another driver with a gun in hi vehicle my account gets put on hold,delivery_issue
i already messaged you her email address not sure what you mean with in app support but do you realize you guys deactivated her account,technical_support
my wife account got charged w 2 uber eats orders we never placed called help number and after 20 min hold all we were told had to email uber help seriously,payment_issue
an uber driver 1let me drive 2started petting my hair as i drive 3hugged me goodbye and 4proceeded to touch my ass dyring said weird ass hug get ur shit together,complaint
i booked a trip with you tonight and after i paid for the trip the driver never came and the drive was completed in the app what can we do to get our money back,refund_request
i definitely did this to no avail it kept defaulting to the terminal,general_question
why do you make it impossible to arrange for a pick up at an fbo at an airport im in the us and no matter what i do the pick up location defaults to the terminal im not at the the terminal im at the fbo you guys lost 3 rides tonight,general_question
for those of you who saw my insta story earlier today i am safe i got into a car accident while riding in my and am currently being checked out in the er moments like this make me realize how quickly things in life can change and how lucky i am to be here i thank god,complaint
my friend harsh ranjan left his phone in uber cab while returning home he tried calling his phone it rang at the beginning then after few seconds its coming as switched off i am sharing the driver details and trip details kindly help,delivery_issue
minimum fare rides lose money fix it,payment_issue
already did weeks ago been answered to rebootreinstall,general_question
well paypal payment not working since the start of the week,technical_support
since the parisgamesweek your system dosnt work by paypal f it im taking taxis,payment_issue
i already tried this it failed,general_question
when your driver accuses you of stealing his hustle money from his cup holder but then finds it under his seat and was rude and disrespectful amp denies you a refund,refund_request
tell me why ive called support four times and been on hold for ages every time if no one answers whats the point of having a support number,general_question
my phone warranty had expired one day,general_question
has one jobso why is my daughters bday gift lost despite bar code no one knows where it is great job only from now on,positive_feedback
just got off the phone w a rep austin can i just say that was one of the best customer service experiences ive ever had,positive_feedback
i bought amp sensor crapped win 6 months its been in repair 6 wks at this point i say go another brand cc,complaint
08070635658,general_question
a feast for glo collecting tat funds as if i dont know wat to do wit money please delete all unnecessary things i didnt subscribe,payment_issue
and now i cant even reorder because the restaurant is closed uber eats uber sucks,complaint
um this is not 12 centimetres,general_question
well i have tried and they clearly said they cant as i opened the box,general_question
thanks this was an online order and i dont know why but all yh nappies were like this and i have been using this for over 9 months and never has this issue,technical_support
hello i want to know recently i bough ann online grocery order what some baby nappies in them as well but the nappies wouldnt even stay on the child for some reason one half box was like that and they were leaking so i called contact centre and they said they cant do nth,technical_support
they only seem to have released 23rd furious,general_question
tesco said to me when i asked only customers in our fulfillment centres can get christmas eve slots london mainly,general_question
some areas are not having a 24th delivery apparently,delivery_issue
im in and have booked cheers,positive_feedback
glad your sorted,general_question
cheers all the best,positive_feedback
whats the problem tescos why is website busy,technical_support
what a joke queuing for xmas slots,general_question
still waiting and got the bowl of cherries,general_question
thank you yes gave up at midnight went to bed got up at 7 and got a reasonable slot,positive_feedback
none on there,general_question
no theyre not,general_question
ive just booked my slot for 23rd,general_question
if you can actually get onto the website to order,general_question
not just us then queue time,general_question
stick with it ive just got through after a 20 min wait,general_question
except your website is just saying its busy so wont load,general_question
i did thank you,positive_feedback
i did thanks,positive_feedback
really ok ta,general_question
midnight apparently,technical_support
so when you say early hours for the delivery saver christmas slots just how early please lunch in the ashes or first drinks break cheers,delivery_issue
firetvstick72tv,general_question
cs,general_question
stickwifi,technical_support
fire tv stick,general_question
tv stick112 21abematvfire tv stickprime now500off,general_question
just now dont use amazon much so didnt know the process if you dont receive an item,general_question
wasnt tracked as sent via royal mail ive emailed the seller,general_question
yeah i sent you a dm too had an email saying when it had been dispatched but nothing since,general_question
hi i ordered an item on 18 oct which said it would be delivered by 20 oct and i still havent received it can you help thanks,delivery_issue
im learning german so i dont really mind between germanenglish if i have to choose i say german,general_question
hi how can i restrict results to german language books while searching titles on amazonde,general_question
i allowed it well past 8 pm i was never notified about any other delays,general_question
i made a same day ship mid monday and it said it would deliver that day it didnt today it still says out for delivery still no show,delivery_issue
hello im having an issue with a same day ship order can you help me,technical_support
erm i bought this item for 599 why am i only getting 167 back,general_question
where is my order,general_question
bummer i was hoping to get it quick oh well thanks for the response,positive_feedback
hey why is your prime 2 day delivery not arriving until monday is there a holiday i dont know about,delivery_issue
yes i did but amazonuk is not doing the refund processif they do it i will get the money,refund_request
i mailed amazonuk so many time but i havent got any progresscustomer care just saying thats in the billing sectionno i havent got refund,refund_request
and redund issued on 13th no sing of my money and amazonuk just saying its in the billing departmentno signof devlp,technical_support
amazonuk took money without any they are not giving it back nor giving clear statement of my refund proces,refund_request
legacy shared prime benefits account trying to join an amazon household of the prim account holder to share echo and set up voice profile,account_problem
ive been in the prime queue kindle queue the echo queue and now on hold again,general_question
the queue is clueless on amazon household,general_question
well ok but said its been dlvd so i cant see how they will bother to deliver it now i think they have washed their hands of it,general_question
not dlvd after 1 wk u lied 2 saying left in safe place on fri yesterday u said wld be dlvd 24 48hrs sort this now,complaint
i have made many calls to amazon cs no resolution now what member since 98 need corporate involved,general_question
im not talking to customer service again thats part of the problem i want someone in america corporate who can make decisions,technical_support
so i see that amazon twitter is staffed by the same people as customer service each answer here spoken by s different person or bot,general_question
no on the card it works only half the time yes on usps they say my delivery person wont deliver anything over 30 lbs just sends it back,delivery_issue
want to speak to someone at corp to address these issues,technical_support
multiple calls to call amazon call center with zero resolution and never a promised call back,general_question
rapidly losing faith in and their cs ability to solve problems no resolutions or follow ups,technical_support
yet in 2017 we are facing very poor network in my village and surrounding locality,technical_support
i already replied via direct message,complaint
me amp my father have a security issue to report amp incompetancy of your representative from connought place delhi that has costed us more than rs1000 and till date were suffering from the way idea has handled my dads case need urgent help,technical_support
100 billion says that solves my problem im on 1103 currently hold please,technical_support
cupertino we have a problem,technical_support
yes after the update i phone 7,technical_support
why is my battery life short i updated to 111 my battery is poor wife didnt she likes her battery life,technical_support
but this does not show the music stored on my phone like it did in os3 i do not want to store music on my phone,technical_support
watchos4 made my watch pointless browsing music on my phone via the watch was 80 reason for buying it now its useless,complaint
hopefully that helps,technical_support
its been a few days since made me update my phones operating system now constantly glitching hmm im shocked,technical_support
ios 111 its been getting worse for a few months now,technical_support
question my iphone6 dies very quick have to charge it 3 times a day my iphone5 battery was faulty could this be the same,technical_support
iphone 7 ios 111,technical_support
and why is my music never in my control center,technical_support
just updated ios on iphone7 now icloud backup greyed out cannot be turned on says last backup never,technical_support
hi i plugged an adapter straight into the transformer and it still didnt charger the charger led does not light up either,technical_support
cost for sending in for diagnosing a problem if its out of warranty,technical_support
hi i have a problem with my macbook pro it wont turn on i think it might be the charger but not sure is there a,technical_support
still no reliable bluetooth on my iphone 8,technical_support
when you roll the month it does not appear and hangs,technical_support
when will the bug in the calendar app be fixed i upgraded to ios 111 and it still crashes when ios 1103,technical_support
do you have any apps for epilepsy so i can detect my seizures thanks in advance,technical_support
really needs to fix this update my phone has never been slower for real,technical_support
1103,technical_support
newest version of ios and iphone 7,technical_support
my iphone has erased and re added emails dating back from 2013 til now twice in the past 24 hours wth,technical_support
while i have u as imessaging has become so impersonal amp frequent when will you implement italicsbold etc 2 give more context to message,technical_support
is anyone else having problems with there iphone 7 saying no service,technical_support
so why is this happening i i i,technical_support
yes,technical_support
i keep getting this error message saying the item cant be played and idk how to fix it,technical_support
i did,technical_support
check this out,technical_support
internal problem any suggestions on how to help im not paying for a new phone because i didnt cause the damage,technical_support
they could nothing worked i went into the apple store in lynnwood and the guy tried to charge me for a replacement phone although its an,technical_support
see how it says searching at the top instead of giving me signal ive been dealing with that for 2 weeks and sprint did everything,technical_support
help me i have a problem with my iphone 7,technical_support
any idea why icons show up like this i did force reset to no avail after initial notification display they show up,technical_support
its sorted thanks ios update needed a change and hard reboot,technical_support
ios 1103 on 6s cannot adjust alarm volume so waking up all in my house and neighbours despite ringer being set to minimum,technical_support
live photo keeps turning on in the camera even when its set to stay off please fix in next update,technical_support
do any of my friends actually know it and problem solving since 4 people cant figure it the fuck out,technical_support
both 18 down and 17 up wired and 8 down and 7 up wireless,general_question
you may,general_question
and here is my speed hardwired i realize you guys say speeds up to a certain amount but if im paying for that amount i shouldnt be getting 8 or 9 download this is outrageous i pay for up to 100 i believe why cant i even get half of that,complaint
im trying to do it via what i have set up but i dont have a computer i might be able to hang tight,general_question
so as you can see something is clearly up i actually found out im paying for up to 300mbps download and ive not even hit over 100 yet,payment_issue
any reason why im not even hitting 100 what do i have to do to get this resolved im obviously not even getting a third of what i pay for,payment_issue
unfortunately i only have the ethernet cable i was provided through cox,general_question
ive run the test across multiple platforms i have a technician coming out to resolve the issue as the packet loss is incredibly high,technical_support
the associate i spoke with does,general_question
theres definitely an issue ive run multiple tests across cox speed test and ookla im getting around 11 18 download as for the trace routes the associate i spoke with on the phone may be able to provide that but im not getting anywhere near 300 down,technical_support
thank you will post results,positive_feedback
this is the ethernet cord i was given with the modem unfortunately thats the only one i have even at 100mbps thats 13 of what i could potentially get via my plan but im only seeing 11,general_question
heres wifi even though i have the th panoramic not at all close to what im paying for running the wired one now,technical_support
i continually give you guys the benefit of the doubt but im paying for yes i know up to 100mbps down and im getting 8 i need this fixed like yesterday,payment_issue
i dmed you,general_question
i need help with my account it gets disabled every time i try to login and its getting really frustrating,account_problem
you havent reached out please refund the cost of the inedible food without delay,refund_request
just did,general_question
hi this is an inadequate response to me telling you i had to throw away the entire 18 order if eat in wouldve been sent back,general_question
i ordered food through uber eats i did not get the delivery please contact me,delivery_issue
hey all this guy picked my cousin up in pittsburgh on friday for and tried sexually assaulting her his name is feruzbek,general_question
my app doesnt work ever it wont let me order food keeps saying i need to confirm my phone number,technical_support
how do i dispute a charge,general_question
its fucking cold and we have to wait 15 min i want to cancel my taxi it doesnt work pls help there are taxis inf front,technical_support
so why put 4 in the reduced to clear at a price that is more expensive than 6 its the same store misleading and incompetent,general_question
it was 4 loose pies in poly bag with a label local staff said different ingredients was the reason,general_question
haddington 6 x mini melton mowbray pies 100 4 x mini melton mowbray pies on reduced shelf 104,general_question
one of the reasons i usually shop elsewhere is complicated special offers amp then being told at checkout how much money i have saved,payment_issue
then manager said they had different ingredients exact same description different ingredientsi doubt that is legal,general_question
this annoyed me because i already had the 6 pack saw reduced to clear offer put 6 pack back on shelf amp found it was cheaper than 4 pack,general_question
to avoid misleading public standard procedure should be to ensure goods on clearance shelf are cheaper than same goods elsewhere in shop,general_question
im just gonna pop back to the store when passing it will be much easier i dont have the receipt details but i think they were a quid,general_question
im gonna take u up on your satisfactory offer amp return these theres an overwhelming taste of coconut amp milk powder but no curry,general_question
hi ill send photos if thats okay,general_question
hello bought a lasagne earlier husband just opened it and its got mould on it manky,complaint
i managed to checkout thank you luckily didnt loose me space,positive_feedback
imagine getting half way through your shopping to find this i better not loose my slot,technical_support
dear i found a hair in food i bought from you its not my hair as i have a no1 cut,general_question
i spoke to a check out guy who said he worked in stock and he said something about freezers being broken but thats not good enough,technical_support
i also then drove to tesco prestwich and they only had 2 packets of quorn mince left,general_question
came specifically to buy some quran mince and was met by this in cheetham hill not impressed,general_question
i am a regular customer however im shocked to have bitten on a piece of plastic in 1 of your doughnuts today,general_question
since when does tikka masala have cashew nuts in it,general_question
nice to know that clearly label their products what arent suitable for people with nut allergies i nearly died,general_question
just giving credit where its due thank you,positive_feedback
dear thank you for providing excellent service amp employees who truly care about the customer experience you stand out in the crowd,positive_feedback
thanks to the gate agent at d7 at for being so kind this airport is great get why its voted tops so often,positive_feedback
in other news should probs upgrade from shitty 12gb package,complaint
you take up too much storage even with zero playlists downloaded for offline listening need to reduce or make a compact version spotify lite you can thank me later,delivery_issue
montreal where the ad itself says im not allowed to get the deal we had another tweet exchange a few days ago when you emailed me the same offer,general_question
so three days later youre still advertising a sale to me for which im geographically ineligible this time on facebook you know you can choose where you want your ads to display on fb dont you,delivery_issue
you actually are amazing,general_question
you having a party without me,general_question
any way to block this particular ad happy with adsdont want premium just this ad is really hard to watch over and over and over please help,technical_support
im already a premium user can i still avail this promo,general_question
unli skips unli fun 3 months of premium for 9,general_question
thanks for the quick reply i got it to work after unreinstalling a few times but im on macos high sierra looks like version 1068407g6864af im not sure what the initial problem was but again its working now,technical_support
ive been trying to select no for this option multiple times but every time after closing the settings it goes right back to minimized i do not want this to boot up at startup what gives,general_question
hey hey thanks for reaching out could you help out with pascals payment update,technical_support
hey guys i tried to update my payment method and add my aussie visa credit card but it tell me that the card is for a non spotify country im trying to migrate my account from france to australia since i live here now and i cant do that unless i use an aussie card,technical_support
bourns could you please help out with this one,general_question
hey you linked the wrong ldru on his collab with nicole millar xx,general_question
only credit card,payment_issue
3 months of premium is just rm2 play music offline wherever you go,general_question
i doubt it but thank you for replying,positive_feedback
why is this album on spotify if its not playable it would be super if was available this is playlist would be complete if it had all the songs from their first mini album,general_question
every single time someone sends a spotify link it never works the first time i have to a l w a y s press the link twice for it to work,general_question
im using my facebook account as a method to log in,account_problem
why,general_question
unli skips unli fun 3 months of premium for 9,general_question
over all connection i get this notification from the phone as for loving in and out i did a fresh install no luck,technical_support
spotify 8424871 android version 70 device a brand new huawei mate 9 i will look like an ass if its a matter of just updates,technical_support
the app is killing fixing this problem how is this okay i guess you are getting the money without any complaints,technical_support
this layout looks nice but really isnt friendly to left handed users my thumb isnt long enough to hit play,general_question
beef,general_question
lol our uber just got pulled ov by tu police and 100 fine,general_question
dear how do i get my discovery playlist to stop suggesting dutch music to me its been a year,general_question
is there anyway to move songs around so theyre in my order and not the order of when i added themif that makes sense,general_question
thanks heres the link,positive_feedback
what keywords besides playlist playlists song would i use,general_question
i feel like my idea has similar keywords as the one i was told to go to thats closed and can no longer be voted on,general_question
hi my playlists ideas status got changed cant receive any votes they sent me a link to a similar idea but its closed,general_question
thanks,positive_feedback
ive dragged so many songs to the same playlists over over one of the aims of technology is to make everyday tasks easier right,general_question
spotify really needs a feature to add songs to multiple playlists at once,general_question
acdc,general_question
well done guys,general_question
hey did you take you shook me all night long off spotify just to piss me off why remove the greatest song ever made,positive_feedback
its on the mobile app,technical_support
my only halloween song wont play and im starting to get upset help,general_question
actually i asked and the customer advisor and he said that it was local rate and i may not incur any cost i need to make people aware,general_question
daily post will be tweeted,general_question
if you called an 0844 number this is premium rate with an additional service charge benefitting ba,general_question
if you called an 0344 number this is inclusive in allowances otherwise charged same as 01 amp 02 numbers,payment_issue
the call charges for 010203 numbers are set entirely by the callers phone provider,general_question
you have charged me 3219 for a phone call to book my flights which cost 3 700,payment_issue
am trying to check in online for a flight to usa however it is saying in need an esta which i have and is valid till 2019,general_question
thanks do you know if you will be running it winter 2018 specifically dec 2018 jan 2019 planning a hol and was hoping to use this route,positive_feedback
ok thanks for your replyi will keep an eye on the websitemy husband and i are planning for next year hopefully you run the route thank u,positive_feedback
do u run the direct ba flights lgw lima lima lgw all year round was looking for dec 2017 couldnt see any thanks,positive_feedback
i want to know your office locations in lagos amp abuja nigeria and respective contact numbers for travel purposethanks,technical_support
thank you jane,positive_feedback
i am a silver avios member flying from ams to hyd in premium eco is there a lounge in schiphol airport that i can use,technical_support
disgraceful flew club europe got crushed knees flew tui loads of room not wasting money with again,payment_issue
my xfinity internet is not working can you help,technical_support
my dvr is fucking up and wont let me record hocus pocus wtf,complaint
just know when or promises a free its a lie over 10 calls a month to get the charge removed,complaint
did you try unplugging it and plugging it back in though thats the real question,general_question
idk how many times they have asked me that like listen here fuckers i own a high quality router with a low quality internet provider,technical_support
stopping,general_question
stop stop right now tucker,general_question
it might be your router does it need an update,technical_support
it is constantly connecting and disconnecting my wi fi im trying to do homework for school get with 2017 and fix your fucking internet,technical_support
im fucking sick and tired of internet ive already contacted them 5 times about how shitty their internet is nothing has changed,complaint
already fixed thank you,positive_feedback
is there anything wrong with anyones service no wifi or cable for me,technical_support
again,general_question
already calledtalked to two very nice young ladies who apologized for the problems but had no solution for repeated outages area outage,technical_support
posting from phone on 4g even though im home amp have cableinternetfor like the 8th time this month one guess why,complaint
and give him full gig up and down with no caps even my local telephone co op ftc gives me this dont be a corporate greed monster,general_question
hey if you could hurry up with gigabit internet thatd be great i need more upload speed,technical_support
is this where i report an outage,general_question
why dont your marketing emails have an unsubscribe link,general_question
thank you,positive_feedback
we are good just memorizing the new channels,general_question
i will try it once i wrestle it from the kid,general_question
is this in the remote itself under setup or help,general_question
when will the infinity voice remote be able to find high definition channels again all verbal searches go to low def,general_question
oh god were in ascent and this baby just went full chucky happy halloween,technical_support
like any,general_question
okay well ill start this conversation back up after i buy wifi in the air cya in a little bit,technical_support
oh wow we are in ascent and this baby just went full chucky happy halloween,technical_support
i gotta admit this baby has some commitment,general_question
should have brought earplugs and ambien,general_question
jeez,general_question
the entire flight dude,general_question
bought a flight pass to tell you guys this baby is still chucky possessed screaming only seats available in cabin are the ones around me,general_question
i guess,general_question
oh my god shes been going for ten minutes,general_question
like this is really bad,complaint
yo im on flight 48 32c dfw to paris and sitting next to the loudest baby ive ever heard in my life how about an upgrade,general_question
i give you grief when things go poorly heres some credit the guacamole in the admirals club is an outstanding addition,general_question
im aware fits in overheadthis was a return trip had same luggage going this was pre security gate chck ok but empty overheads on flt,general_question
despite flying w same from ewr forced mia to check guitar amp charged 25 not gate b4 security flt not full why,payment_issue
yo why are there fifteen empty business class seats and only one person that got upgraded,general_question
yes i did im sending you a dm now,general_question
still waiting on to compensate for all the crap they put and i through on our honeymoonalmost a year ago,complaint
night joel,general_question
can u confirm how long was the delay for 2043 train from london euston to bham new street on 231117 train announcer even announced it 45mins late but im getting reply for my refund claim that it was 9mins pls amp tq,refund_request
people who get the new iphone every year pay more then everyone else because of the the down payment id much rather pay more per month,payment_issue
since the iphone x is a more expensive model weve set a down payment to give you lower monthly payment brandon eriks,payment_issue
id like to get the phone but cant afford to pay almost 400 on the spot other carriers dont require it and im thinking of leaving tmo,payment_issue
please let people pay higher monthly costs and eliminate the ridiculously high up from cost it costs more per year than anyone else,complaint
please go to my profile and help me with my latest tweet,delivery_issue
all my messages from for support or updates are in spanish i have called 4 times to fix nothing help,technical_support
dont miss tomorrows t special event our stream kicks off at 11 30 am pt at,general_question
i do will lets be petty together spring aint shit,complaint
thats what were here for check out eriks,general_question
i cant believe you treat your customers this way unacceptable rude disgusting buy our contract or whatever it is,complaint
can someone help me with a question i have please,general_question
hey how come none of the deals are working,general_question
thats so funny our crew was thisclose to dressing up at the treasury team from maybe next year,general_question
so does a teddy bear count as a personal item for on his next flight,general_question
happy halloween everyone have fun be safe unless youre with,technical_support
this is ironic and amazing ill be in touch look for my,general_question
what kind of reply is this get real sw,general_question
or you could give him cash you cheap assholes,general_question
id have to fly your airline again to do that so no not after you screwed me over last time never flying southwest again,general_question
here its 615787351 and just go ahead and close the account i am done with you i will call chase and cancel out my rr visa adios,technical_support
it looks like is trying to make up to me too bad they sent drink coupons to an almost 4 year sober former alcoholic,complaint
whens season 3 of rick and morty going to be on,general_question
already spoke with you guys through the app wasnt helpful,technical_support
uber driver drove me to wrong location makes me get out anyway and wont provide a proper refund sup,refund_request
why is the audio not syncing with the shows on my,technical_support
i cant even find it on my phone wtf why dont your apps work the same,complaint
you invited me back to hulu for a free trial but still charged me why i want my money back,refund_request
hey get your act together and put the select profile option on smart tvs already its been months and people do share devices,general_question
where r the rest of my hero academia,general_question
hi i was charged for a subscription and didnt sign up for it,payment_issue
just sent a dm,general_question
mine and my brothers data is barely working we have full signal but nothing is loading amp when it does load its very slow help,technical_support
dont worry about it im just going to see what other companies offer,general_question
yall lie,complaint
i want to go see to and leave they are liars,general_question
complete ineptness,general_question
i am not surprised because nothing works when it comes to sprint,general_question
and the issue is still not fixed no one can help all the info i get is wrong i have been a customer for 12 yrs,technical_support
what are the under seat dimensions,general_question
would this be classified as a personal item your website does not have dimensions for personal items,general_question
after today i dont want to fly with looks like im going back to,general_question
extremely disappointed in your service at sfo gate agents are terribly and not helpful at all,complaint
didnt use any bad language,complaint
you dont fly with us enough for us to care or offer you something so fingers crossed its too big of a hassle for you to change to another frequent flyer program and you stay with us always,general_question
milespoints but useless if the airline isnt actually helpful and on time,complaint
wait yall actually stick to one airline i just go with whatever airline has the most convenient flight times and whatnot,complaint
i literally always fly delta for work by choice the one time i fly for personal travel i end up with this mediocrity,general_question
always used delta for years for business flew southwest last week for the first time was great and free checked bags but idk still team delta but getting weak,positive_feedback
figure it out,general_question
on the way to wisconsin i sat on the runway for an hour and a half and was delayed in the air for 45 mins before landing now my return flight is delayed 2 hours without explanation only alternate flights are tomorrow smh,general_question
thanks im on an international flight so ive got time,positive_feedback
thinking about it thats just 1 way right,general_question
ok let me think about it how long do i have to decide,general_question
ok thanks,positive_feedback
for my trip to cdg in dec what would it cost in miles to waitlist for delta 1 im burned out on these long flights,general_question
thx for reply understand the concern for safety otherwise great flight appreciate getting us home safe during very busy holiday weekend,technical_support
why would pilot land 55 mins early no gate avail dl 088 on ground lax we are stuck in seats plz let us use the lav,technical_support
my pleasure,general_question
thanks a lot great start of great event,positive_feedback
day 2 of contains a great ideas from participants to discuss,positive_feedback
just did,general_question
i checked in for my flight thats tomorrow and i was moved seats i was originally on the aisle im hoping you can help,general_question
i was disappointed yesterday in flight 2468 when wifi was offered but it did not work i couldnt get work i planned on doing done,complaint
thank you,positive_feedback
oh you were very unhelpful never had this problem in all my traveling,technical_support
i did cancel within 24 hours your computer system messed up,general_question
hey delta how can i get help with this calling in isnt helping,general_question
spent money on a ticket online system says i could get a full refund i did not your costumer service rep wanted me to beg another department for credit and refused to help me,refund_request
my pleasure,general_question
changing planes at msp and treated to a glorious sunset this is why i travel,general_question
that looks really good,general_question
free transcon economy meal sesame chicken noodle salad version not bad at all for free only complaint is dressing is a bit heavy handed otherwise just the ticket,complaint
the flight attendant and pilot on flight 4985 were nothing short of amazing super kind helpful and funny wish they were my crew every time i fly,positive_feedback
im sure delivering my bag would be a lot less than the 10k ive spend with your airline each year for the past 10 years just a guess though,general_question
i went to the service center amp spoke to a sup wouldnt refund my 75 or deliver bags she couldnt show me in writing nor was i told i was voluntarily separating from my bag said it would cost delta to deliver my bag apparently 60 flights a year means nothing,refund_request
hey how are you going to charge me to move to an earlier flight not move my luggage to my flight and then tell me you cant deliver my luggage bc i voluntarily separated from it i didnt voluntarily leave my bag,complaint
hi i heard back over the phone after our correspondence earlier i am happy with the accommodation amp understand you cannot do both thank you and i appreciate your getting back to me,complaint
hi thanks so much for your timely amp sincere reply this is part of the reason i remain a loyal member your generous offer of 5k skymiles for both my wife amp i is accepted amp appreciated please reply or direct message me if you need contact details,technical_support
thx for the support hopefully will do the right thing for jennifer amp i in this frustrating episode amp address dtw cust service issues,technical_support
was great to me in mbs but not great in dtw i hope they make this right for amp fix the attitudes w their dtw staff dtw gate agent was rude to me as well yesterday,positive_feedback
despite your troubles getting here welcome to mn,general_question
dear its been a pretty good run lately and i appreciate you for that but the service ive received the last two days not acceptable,delivery_issue
how about getting flight 1704 off the ground,general_question
this is nuts sitting at gate waiting for catering hope that means youre feeding the whole plane of frustrated passengers travel vouchers 4 hours delayed and still we wait not fun indeed,complaint
dl1704 deplaned at dtw now were sitting at the gate without any updates please let us know whats next,technical_support
great i also have a question regarding baggage allowance could i leave a dm,positive_feedback
yes gex8ld,general_question
hi trying to cancel award booking that i booked in less than 24 hours online and it says that i have to pay to cancel could you help me with cancellation,payment_issue
thank you,positive_feedback
came back on this morning,general_question
still no internet going on 15 hours i already talk to someone this afternoon and they are aware,complaint
i wont amp that makes me sad,general_question
i already stated i would not go to site requested you wont dm so just going to call i miss the ease of solving problems with,technical_support
my download speeds constantly screech to a halt while up works just fine im getting very tired of this,general_question
i did thankfully and this evening about 930pm i talked to the checkout girl about the kettle i was buying too,general_question
ok will do thank you,positive_feedback
no ive just bought 2 sets of christmas earrings from your basildon branch amp i think i left them at the till what can i do,general_question
hey becky lets say one doesnt have a costume could one still get that deal asking for a very hungry friend,general_question
3 bowls and isnt charging for double meat day is made,general_question
what would you do for 3,general_question
chipotle is honestly a blessing,general_question
get your food for 3 if you come in a costume,general_question
thoroughly disappointed in queso 110 cant even power through it and finishjust bad but thanks for the boorito,complaint
its too late i have ascended into darkness,delivery_issue
boo at who forgot to include my delicious vinaigrette dressing in my bag before i left,general_question
dressed up as the chicken im about to get in my bowl,general_question
i got my boorito from and im so happy,technical_support
just went to and my bowl was only three bucks happy halloween,technical_support
chicken rice corn cheese and guacamole,general_question
got my 3 from,technical_support
thanks,positive_feedback
this 3 steak bowl from just made my night,general_question
i am on line to order i am hoping its been fixed i let you guys know my friends were told only burritos,positive_feedback
i just ordered by bowl and they tried to tell me it was only the burrito that was 3 i had to show them this feed i will tell my friends,general_question
the chipotle on 193 w 237th st bronx ny 10463 is only offering 3 burritos when the website includes bowls and tacos,general_question
3 burritos at today if youre in costume rt to save a life,general_question
hey its time,general_question
that chipotle never fills there vinaigrette cups all the way up to the top,general_question
woohoo,general_question
does boorito apply to bowls for us gfers,technical_support
when offers 3 burritos if you dress up but you dont have a costume,general_question
she had a temporary abortion scare but she is back to being pregnant dont worry,general_question
my grandma dressed up as oldest pregnant lady to get her 3 but couldnt get out of the house,general_question
just got my 3 bowl at,general_question
come through to chipotle and get your 3 bowl today,general_question
im using automatic camera upload the issue seems to occur after taking even just 1 picture im not using offline files on my phone i have seen similar issues mentioned in the google play store review comments,technical_support
samsung galaxy s6 android nougat 70 samsung security update see screenshot for firmware version dropbox 7222,technical_support
there seems to be an issue with the latest android version battery drains 10 to 20 of battery is being consumed by the dropbox app a fix would be nice,delivery_issue
im not offended im disappointed burnsville store,complaint
come on wheres the diversity,general_question
do you offer paying for the iphone x in full as opposed to the monthly payment plan,payment_issue
ive sent a dm to ask regarding a charge in my bank acc could you pls get back to me to advice,payment_issue
ive been on hold w the claims dept for over an hour waiting for someone to answer why,general_question
hello why you dont process my request to change my name i sent copy of passport about a week ago but you still remain silent,payment_issue
hello bought airtime of ljv0y5sfrq confirmed ksh3 29800 instead of 3000ksh kindly help reverse,payment_issue
i just love the start of email,payment_issue
ok ya los estoy siguiendo quedo atento a su respuesta,general_question
hola realice 2 compras fifa 18 y cod wwii en digital pero lo he recibido el cdigo de descuento me ayudan id roriak,general_question
u positive,general_question
when i pre ordered ww2 i was supposed to be able to pre download it but it just gave me a timer to release day help,general_question
hey why cant i find steven universe save the light isnt supposed to be out already,general_question
it fixed itself 30 minutes prior to this tweet thanks for the 8 hour late response anywho,delivery_issue
status page says the opposite of what my console says,general_question
hey are the servers currently down,general_question
i join ps plus with the fifa 18 points but i didnt get the points,general_question
i have lost my sony offical wireless stereo headset 20 adapter is there anyway i could get a new adapter sent to me,general_question
trying to but nba 2k18 with paypal but it keeps not letting me purchase what do i do,payment_issue
my account gotten took can yall get it the gamer tag is talibankelo508,payment_issue
i have an issue with marvel vs capcom dlc i would like a refund how do i go about it,refund_request
my ps4 software is stuck on 500 but i can still play online ive been trying to update it to 501 but everytime it says the file is corrupted ive tried deleting and retrying safe mode restarting my ps4 and still i get file is corrupted,technical_support
me pueden seguir para una consulta por privado,general_question
from tech rep hp wont regionalize my current working printer wants me to buy a new one what bad business lost this military customer,complaint
apologies let me know if you are not contacted within the next day,general_question
congrats on worst customer support ever over 24 hours since 1st contact and still no solution to simple problem the worst,complaint
2 and yet it will log me in regardless via ios and website what kind of lax security are you running,technical_support
furthermore you tweeted this back in 2014 so dont lie to us,complaint
in fact its well shared on several forums,general_question
just tested its not was alerted to this fact by a coworker even had an article about this,general_question
well ive already called customer service three times and they still havent resolved my issue but i supposed ill send a dm and see if there is anything you can do,technical_support
it is painfully evident why retail places like are losing out to the customer service experience is night and day,complaint
you do a great job empowering your employeesmanagers to do the right thing for customers oh wait you dont never coming back,positive_feedback
ive checked the stores near my zip 60431 i have friends in the the following states mi oh ky ia ga fl still couldnt find anything i really want to find this bedding for my nursery,general_question
im trying to find dpci 030 02 8711 no stores locally have it can you help me find it at any store in the us called target csr and no help,general_question
i add it on the computer and save it i go on the ebay app and upload a picture that way was just curious why it went away,technical_support
it was a feature when you were selling an item from your computer you clicked send to phone that feature is gone,general_question
why did you get rid of the feature to add a picture to your phone from the computer that is extremely annoying,complaint
no its for the promises made and now are taking back,general_question
unacceptable telling people they are in the affected area right after i had no power for 5 days amp now saying im not,complaint
the most relevant setting on watch list is a waste of time and as a default setting adds a step stop it,general_question
i still need weekly sales report for 101 107 i call every day about this i will continue to tweet and call until its fixed dmd you,positive_feedback
i need my weekly sales report from 101 107 will continue to call the until this issue is fixed though i doubt this helps,technical_support
is super slow and extra glitchy today making my listing process fun and productive thanks fix the site please,technical_support
its a multi pack so i dont have the barcode im afraid it was whitechapel in london,general_question
what happened to the rest of the chocolate on my corn cakes,delivery_issue
one more question how do i enable smart sync,technical_support
ah yes i had a work email on my biz acct which was linked to my personal acct i unlinked them tried the link again and it worked thx,general_question
hi when i follow the link dropbox asks me to log in with my biz account i want to apply it to my personal account,technical_support
having trouble redeeming dropbox plus annual subscription i bought from dell help,general_question
i went into my branch and was told it was not possible to set up monthly electronic payment into a business account at bofa used keybank,payment_issue
just wanted to pay my shop rent to new landlord amazing had to use my key bank account to set up payments to the bank of america account,payment_issue
bank of america strikes out again they cannot set up a reoccurring electronic deposit from my account to a business account at their bank,payment_issue
name muyiwa dele olatunde zip 30093 phone 7703743799 account type checking amp savings,account_problem
another promise am waiting,general_question
thanks for the call pls let me know if you need any information from me to help fast track ur research,positive_feedback
gud 2 know dat social media could help amp succeed where over 4mnths of patience several hrs of weekly calls amp branch visitation fails,general_question
big thks 2 d social media team 4 ur prompt intervention amp resolution i however await d feedback on d pending issue though thks once again,technical_support
is this how u treat immigrants who trusted u with their funds i see dis as u been racially abusing imigrants,general_question
i see you,general_question
its 90days by ur calculatn amp over 4mnths by mineure unjustifiably amp fraudulently holding my money thereby holding me2ransom,payment_issue
read the previous tweets in this chain,general_question
what do you need help with,general_question
can you actually help or not,general_question
there is literally no way to force this to download the remaining 62 you have basically bricked my console,general_question
particularly as its impossible to restart a game that isnt finished but has enough downloaded to load up,general_question
since the latest update everytime i turn the console on i have to manually restart all downloads when will you fix this,delivery_issue
i need to get in contact with someone who works for xbox as need help,general_question
console exclusive and xbox play anywhere,general_question
you wont want to miss this trust me,general_question
hi im on the xbox one s and i can t find a button on the side of the consol,general_question
no problem so its the number 4 am i correct,technical_support
where is the bind button on the xbox one s console,general_question
my mum doesnt have twitter and you dont seem to have a number anywhere to phone,general_question
funny how i cant cancel my little brothers account or contact you about it hmm,account_problem
and thats for the uk can i get it on the xbox store via my xbox,general_question
thankyou i found a link for the uk the player preview jargon is still very confusing thought i had to be signed up to order the game,general_question
i want to get on the 12 december how do i get access through game preview what is this do i download an app,technical_support
hi having trouble buying fifa points on xbox one can you help,general_question
ok ill do it when it next does it,general_question
hi guys have a weird issue where the xbox is causing issues with my tv transitioning from apps can sometimes make the screen show a distorted image and i have to power cycle to get it back to normal,technical_support
i already have service request service request creditcard could you please just follow this request thanks,positive_feedback
ill send you dm,general_question
basically followed this doc it used to work fine before,general_question
i just registered for alaska airlines bay to breakers,general_question
two flights in 2 days both delayed due to maintenance issues what is going on disappointed in this experience for sure,complaint
once again you set the bar for what an airline should be,general_question
5 s for jimmy friendliest attendant ever comfortable,complaint
hats off to great service and such a friendly crew thank you slcsan diego for the hour of free wifi,technical_support
fuming right now with argos was meant to have a delivery tonight between 7pm 10pm and didnt even show up,delivery_issue
please help my order was supposed to come today and its not arrived web chat are no help at all,delivery_issue
great service from today ordered a tv and paid less than 4 for same day delivery arrived exactly when requested love it,delivery_issue
treat,general_question
treat,general_question
treat,general_question
treat,general_question
treat here,general_question
treet,general_question
treat plox,general_question
thanks daddy,positive_feedback
treat me daddy,general_question
id still rather have a screen though rather not cause neck problems looking down all flight at a tablet,technical_support
really 7hour international flight and no seat back entertainment screens cmon,technical_support
just have to say the flight attenants on flight 1361 from bdl to ord were awesome gate agents at bdl also they need a shout out for awesome customer service treated this nonrev very well,positive_feedback
en todos los aos que tengo volando con nunca haba tenido una experiencia como la de ayer 24 vuelo 914 caracas miami la peor tripulacin desagradable descorts y con poca vocacin de servicio,general_question
now 10 50,general_question
make that 11 15 how could it change 3 times in 10 minutes,general_question
yes i see that your app says the incoming flight arrives at 10 05 so how are we going to take off at 10 10,delivery_issue
whats going on with flight 301 dtw gt dfw delayed over 3 hours will it be canceled,general_question
1st and foremost your crew has been lying to us for over an hour then after being deceived by your crew for over an hour we are being lied to again as they advised us the new plane we are transferring to is departing at 7 45pm however they have not begun boarding yet,complaint
not only has my family and several other families been inconvenienced by today this is now 16 flights in one year with only 5 on time departures,complaint
but thats really not the issue the issue is habitually inconveniences its customer base and displays a demeanor that its a normal practice in the airlines industry with no above and beyond accommodations offered to its inconvenienced and unsatisfied customers,technical_support
i have flown 15 times in the past 12 months and only departed on schedule 4 times,general_question
after 1 hour of being lied to by the pilot we are now being totally inconvenienced by having to un board this plane and board another plane meanwhile i should be landing in miami in 50 minutes completely irresponsible and utmost negligent on pilots behalf,complaint
stuck on flight 609 in charlotte over 55 minutes due to a computer card tech issue while pilot repeatedly advised it would only take a few minutes to fix why wasnt this issue reported by previous pilot that arrived minutes b4 we boarded in effort to save time,delivery_issue
i was forced to check my small suitcase never happened before there was plenty of storage space too fml,technical_support
give me and the 50 000 other people our bags,general_question
so i assume nothing is coming from tho incident it has been several days since we made a complaint at the desk in person after the flight and this tweet pretty much you blew off any concernnto a act of battery on the plane against a child this is ridiculous,complaint
shame on you and your company,complaint
i just got off one of your flights aa1792 from portland the gentlemen in front of my 3 year old son decided to rip at his feet for pressing them against his seat when i confronted the coward verbally your stewardesses did absolutely nothing,general_question
the audacity of 1416 landing early tonight i might have to negotiate a shared ride cause theres no taxis,general_question
i had to end my trip way sooner than expected bought a new flight because it was way cheaper than changing my return what do i need to do to cancel my return so someone can have that seat,general_question
thank you for being responsive and helpful and more than making up for a bad flight,complaint
if i have the platinum select aadvantage card and i purchased an intl ticket through your site but it ended up being on british air will i still retain the same benefits of my aadvantage card on this flight ie early boarding,general_question
my post has nothing to do with a gate change merely a lack of oversight and organisation on the part of and its employees perhaps you should read and comprehend your customers posts before responding,general_question
lets see if your social media team will respond here as they obviously overlook negative feedback on facebook,general_question
exactly as seen on our flight,general_question
thanks for awesome flight home,positive_feedback
omg seriously all,general_question
the,general_question
feels,general_question
see what they did there aw,general_question
stating off right standby early on and a super80 missed you buddy,general_question
hey rocky here on flight aa2254 we were supposed to depart at 6 07pm but it is now 6 54pm and the crew just informed us that our captain is missing oh and not to mention we also had a maintenance issue hope to make it to nyc safe and sound,complaint
my wide was told to move her small handbag from the floor of the bulkhead row while this 40lb dog sprawled in the aisle,general_question
wife not wide,general_question
no markings no paperwork in the bulkhead no policies,general_question
youre missing my point numerous people tripped over the dog not to mention anyone who might have been allergic when did you change your policy to allow any size dog into cabins for anyno reason,general_question
i love dogs but they dont belong in it was bad enough when anyone could say they had a i cant keep my small bag in the row but the woman next to me can have her 40lb dog,complaint
so upset with ubereats no one will get back to me,general_question
thank you i will,positive_feedback
unfortunately it said that my account was temporarily locked out of the system still,account_problem
no i have not but i will try that now,general_question
the blue cash everyday card,general_question
im trying to make changes on my account but it keeps telling me ive been temporary locked out i already called to confirm my card,account_problem
ive submitted 6 menu updates for east hanover diner nothing has been updated we need help,technical_support
hey how the stinker does this route make any sense dasher literally just drove right by my house,general_question
just noticed i paid 495 delivery on amazon simply because i did not select the free delivery option after i spent enough to qualify what a rip off why is it not free automatically when qualifying,delivery_issue
please take actions against this kind of unethical practices of not providing the services even after paying for the service,payment_issue
please dont dupe yr customers either refund my money or provide the services for which i have already paid,refund_request
i appreciate it sorry for being snappy frustrated that this is the 7th outage this month appreciate your assistance,complaint
can i dm you,general_question
i wasnt asking to test the connection i was reporting the outage but you kept asking me to test my connection looks like someone else was able to successfully report the outage,technical_support
test what exactly my cable modem can not establish a connection to comcast keeps flashing upload light indicating that its trying to connect but cant,technical_support
zero service internet is down restarted and unplugged my modem no connection,technical_support
internet down again 7th time this month i believe 95608,complaint
actually wasnt expecting the mb until next week thank you,positive_feedback
i want to order this item but am getting errors in checkout process,technical_support
i got this mouse and my scroll broke in less than 2hrs of usage cc,general_question
just got off the phone with a rep and we couldnt get a package shipped to my closest location nj for pick up,delivery_issue
the newegg mobile app isnt compatible with my iphone anymore see this is how this shit starts,complaint
a321 frances arrives at newark,delivery_issue
i appreciate it,technical_support
oh its ok no problems i just had a fun time at that holiday spectacular yall do here in philly,technical_support
insisted on going to the center and taking in the show with audio description for a second time it was as much fun today as it was yesterday and i still got teary eyed even knowing what was coming,general_question
guys its been a week continuously when your app says outage reported and my internet connection keeps breaking up saying outage reported is not enough for a week,technical_support
ah you only care about throttling my internet speed i am paying for when is involved interesting,technical_support
i am supposed to get 75 mbps download speed from but i am only getting 31 mbps according to thought you might want to know that they are throttling me again,general_question
thats a lie u must think were stupid how does licensing malibu mislabeled a program thats incompetence,complaint
what thats ridiculous it makes no sense that someone else is at fault for your programming error u had wrong game labeled twice how is that someone else fault,complaint
damn how fucked up is the game is over but i went by theyre espn setting this game cant be just coming on live how i hate them,complaint
im having trouble viewing my channels on my tv,general_question
leaving something in my building is not delivering that thing to me honestly its just stupid,complaint
you have an epic fail regarding a delivery its unacceptable and poor service no delivery attempt by driver lying by the driver then misinformed by phone agent and still no delivery and it will be 3days late,complaint
yall got 47 minutes,general_question
how funny when uber ask you to add even 10 incase of low balance and then deduct 50 for their driver cancelling the ride,delivery_issue
are you going to email me or not,general_question
my driver crashed and i hit my head happy halloween,delivery_issue
have completed form and emailed you,general_question
there was only one costing a lot more than 20 and fba stating eligibility,general_question
why do you say that an article is eligible for free delivery then offer nothing but standard option at 475,delivery_issue
all of them,general_question
i reset my password 3 times and it still says incorrect you gotta be shitting me,complaint
i cant log in because its locked,account_problem
um my account was locked as soon as i tried to login on desktop i still havent received an email on how to get it unlocked,account_problem
kann ich dann wenigstens mein amazon konto aufladen um zu bezahlen ich habe keine kreditkarte und mchte auch keine,general_question
warum ist es mir und scheinbar auch ein paar anderen nicht mglich per bankeinzug zu bezahlen,payment_issue
na ultima atualizao da entrega do meu pedido consta que no foi possvel localizar o meu endereo poderia ajudar,general_question
thanks for ruining still no sign of the costume i ordered in sept guess rosie will just have to sit this one out,positive_feedback
infrmese no voy a perder ms mi tiempo,general_question
many times but still failing and it happen with some show,technical_support
sadly yes,general_question
mac book pro with chrome,general_question
i need to change the language of my account to be able to get support which i dont have the time to do theres any other way to contact,account_problem
why your videos on germany breaks too,general_question
you pay for prime expecting next day delivery then receive 2 emails half hr apart failed delivery but your sitting at home,delivery_issue
listen im having issues with my phone so like can you me so we can talk,technical_support
111 when did that come out lol i talked to you guys last night and you asked if i was updated to 1103 which i am lol,technical_support
not only does my phone keep freezing but when i screenshot things it turns out white really not liking this iphone 8 plus,technical_support
im no expert in battery life but 40 doesnt go to 7 in 5minutes,technical_support
that fixed it thanks,technical_support
this is my top bar every time i open messages on my se after updating to ios 111,technical_support
ios 111 keyboard lag,technical_support
still happening including on ios 112 beta now any ideas,technical_support
ive also forced the app to close from the background and reopened no dice,technical_support
today a package that wasnt even scheduled for today was randomly rescheduled and dropped at my door i live in an apt building the package is nowhere to be found im so sad and disappointed what do i do,complaint
i went online earlier this week and signed for a package that was to be delivered today the driver did not leave the package and rescheduled the delivery i need direction on how to get my package today,complaint
me erday waiting for ups,general_question
thrilled i stayed home all day on a saturday after receiving 3 emails reassuring me my packages are out on truck for delivery sigh 7pmnothing,delivery_issue
dear thanks for just leaving my package on the porch in the rain and you didnt even ring the doorbell so there it just sat,delivery_issue
why did you make me pay to change my delivery date then disregard the changed date and delivered it anyays,delivery_issue
i dmed you guys,general_question
im having trouble with my choice account please help,account_problem
thank you,positive_feedback
what time do you guys stop delivering packages,delivery_issue
thanks,positive_feedback
dm sent,general_question
hello whats going on,general_question
wtf trying to book amp it just says oops trying to get help amp nothing is working help i need to book urgently,complaint
why charge higher than the rate range when i order ordered uberblack in geneva for a 5 min ride range was ch19 24 charged ch3238,payment_issue
hey im currently in a car with the worlds dumbest driver yall need to start checking these fools,delivery_issue
one of your drivers just started my ride without picking me up,delivery_issue
help my vehicle registration expires today i paid my license dept last week but have not received it in the mail to upload,payment_issue
ordered a car took longer than the suggested 6 mins then you wanted to charge me a 5 cancellation fee youre having a bubble bath,general_question
wtf just happened how do i complain abott a driver who canceled on me due to discriminatory and racist judgements,complaint
i had a horrifying experience with the driver suresh 9958520468 he refused to pickup and threaten me cancel the booking or else,delivery_issue
hello i meant as a user not as an associate,general_question
i live in mexico city have not received facturas in the last 2 months and need then asap for tax report please help,general_question
make that on hold for 20 mins really first class service erm not,general_question
i couldnt even eat the chorizo because it was too tough very dissatisfied,general_question
our pilot and copilot on tonight love it,positive_feedback
nice to know that you bend over your paying customers and dont offer any help with important changes absolute joke,payment_issue
good for u r u eliminating slc to lhr nonstops,general_question
yes thats correct under the question about a specific reservation option,general_question
your website comment form makes return trip a required field set thats a problem for asking questions about 1 way flights,technical_support
okay i did it thanks,positive_feedback
what should i do in this cases thanks in advance 2,positive_feedback
hi ive got an issue where my account is like hijacked with an appdevice that i dont even know called spotiamb 0211,technical_support
and this is why ill love spotify forever and why you are my favorite music platform thank you,positive_feedback
i dunno what system you use that decides which part of the song it gonna play i love spotify but maybe a custom clip option,positive_feedback
are you feeling something good well so am i but i hate my voice so oh well check it,complaint
cool thanks,positive_feedback
except it is causing issues for lots of players,technical_support
ok thanks for looking into it,positive_feedback
1 lt 1 ms lt 1 ms lt 1 ms 19216811 2 5 ms 1 ms 1 ms 108532221 3 10 ms 7 ms 7 ms 1004112886 4 request timed out 5 5 ms 6 ms 6 ms,general_question
yea i have it appears to be routing to washington and then to france,technical_support
was it you or blizzard who broke the servers,general_question
i have not,general_question
heyo i cant log into the battlenet app nor overwatch im from northern nj and a fios user it seems to be a running theme atm so if there is any other info you need let me know,technical_support
might want to check out for more reports of this,general_question
dm sent,general_question
same reports on from other fios users around the north east is this something verizon is investigating or could join in on been over 4 hours of outage for some,technical_support
myself and friends who cant connect all seem to be verizon fios so this could be an isp thing,technical_support
logged into wow got dropped after a few minutes after a reboot i cant even reconnect in launcher similar results among friends in this area northeast us,general_question
i did,general_question
yes,general_question
yes i unplugged and plugged everything back in too,general_question
thats not good were you able to change channels and then back jay,general_question
enjoying the end of the with this top notch service,general_question
nope a few states away actually the airbnb were in doesnt have espnews so we signed in with our verizon account to go to espn3 and watch doesnt allow us which i dont get since i know we have espnews back home,account_problem
it is so irritating that wont let me stream this game on espnews on even though i have espnews back home makes no sense,general_question
if only i could be watching this offensive first half sounds great,positive_feedback
17 unanswered points makes it a little better but ugh,general_question
finally got a radio broadcast of it but im still mad,general_question
i cant watch the temple game because this tv in vermont doesnt have espn news and our verizon account doesnt have it either and i am not happy about this at all this is absolute crap,complaint
1372218374 14 70 ms 70 ms 70 ms 1372216568 15 69 ms 69 ms 69 ms 1372216867 16 70 ms 71 ms 71 ms 2410530129,general_question
1372217233 10 request timed out 11 request timed out 12 70 ms 69 ms 69 ms 1372216567 13 69 ms 76 ms 69 ms,general_question
140222237225 6 3 ms 3 ms 4687421 7 request timed out 8 11 ms 11 ms 11 ms 41670182 9 10 ms 10 ms 10 ms,general_question
i just tried from a wired connection download speed at 153 mpbs upload speed hovered at 05 mbps before ultimately asking me to try again later i tried again and download speed hovered at 5 mbps and eventually failed,delivery_issue
hi jay i was using the my fios app,technical_support
when your gigabit internet is so slow that the verizon speed test fails repeatedly,technical_support
all tvs its a local channel so its part of my basic service,general_question
yes,general_question
done no changes,general_question
yes guide for 466 the programs are airing on 506 506 guide doesnt correspond to anything,general_question
its been like this for weeks can you confirm,general_question
no its not selectable on guide or directly entering it goes to 455 instead,general_question
yes,general_question
no message cant tune to it at all,general_question
correct,general_question
channel 506 is wbin tv it was 466 which data is right,general_question
can you fix the guide data for channel 506 wbin tv the correct info is listed on channel 466 still which is no longer available,general_question
ty,general_question
heyy so i am having trouble connecting from central jersey on fios saw that others are having issues as well,technical_support
the staff in the counter issued the boarding pass for me and my wife but they didnt board us on the plane,technical_support
i hope you can help me becuse the way i am treated its totally unacceptable,complaint
we have but not satisfactorily can you dm me please,general_question
can you tell me who can,general_question
ive spoken to 5 so farall telling me different thingsnobody seems 2 be able 2 sort thisa holiday isnt meant 2 cause this much stress,general_question
booked us into when its closed wish id used,complaint
can you please provide me with your complaints procedure,general_question
thank you for your personal call amp help today i now have my receipt amp confirmed tickets,positive_feedback
british air keeps losing the civ to charge my flights been going on since early october poor customer service,general_question
00447900248601 anytime today,general_question
i have had enough of this terrible customer service k airw do not reply to my requests for update i paid b airways you delayed the flight,complaint
can you send me prooft that the bag was transferred to kuwait airways at hesthrow,general_question
please advise how yo get compensation for lost bag ihave spent far too long chasing this never had this problem with other airlines,technical_support
help can someone actually help have tried inputting info onto missing baggage on ie chrome and apple 8 days waiting for bag a mess,technical_support
kevin drayne email 00447900248601 onthis business trip i had to buy addl clothes please advise on this,general_question
have filed report with kuwait airlines their file ref kwiku14346 hope this helps,general_question
your rep at hrow assured me it would be on kuwait airlines it was not went to their baggage reclaim they are waiting for you to send it,general_question
kuwait airlines leaving heathrow on monday afternoon,general_question
no when i was in hrow they took the old tickets off me which had the ref no was told it would be on kuwait airlines monday anoon flight,general_question
where is my missing bag on br airways flight to bfast hrow kuwait delayed flightput on k airlines mon anoon veryupset,general_question
hi i flew ba198 from mumbai to london today and my cabin crew called victor amp sarah were the best cabin crew ever,payment_issue
thats fine but when a budget airline such as klm can provide complimentary food for a fraction of the price it is laughable,general_question
cant believe dont provide free food on flights costs 300 but are happy to do so at 45 rip off britain,complaint
when are you going to correct the inbalance for sellers they need to be able to mark buyers as time wasters and liars,payment_issue
i am setting up my tv box and it has been frozen on select your languages for about 15 minuets,general_question
just did,general_question
i have all premium channels but when i go to view on demand it says i need to subscribe but im subscribed,general_question
on 113 frankly you guys could do better,general_question
fails to deliver quality service have dealt w them all day amp still no resolution,complaint
if you just want to tell me if theres internet outages in salisbury mass thatd be great,technical_support
hey my password is saved on my laptop my internet isnt working and i cant check outages without signing in weird way to do it,technical_support
dont sports have entire channels dedicated to them why is being preempted for baseball right now,general_question
my upload speeds are trash explain,general_question
xfinity decided to reset my internet again d had to restart stream live again,technical_support
trying to call to set up new service asks for phone and zip code says its transferring me then it hangs up twice now,general_question
i guess i pay 200 a month for 12 hours of this right thats what im paying for,payment_issue
its fine the people on line handled fantastic i would just hope that all are empowered to make decisions to help the customer,general_question
when i email i get the best customer service why the people on the phone arent enabled to do the same just baffles me,positive_feedback
anyone who needs to book a flight for our wedding do it now round trip only 85 with,general_question
charging me 50 dollars to bring in a gift bag today was uncalled for i can fly with anyone im done just throwing money away,payment_issue
here is a customer service tip this 50 just cost you thousand of dollars moving forward i hope your ceo learns from this,general_question
thats ok i will fly with from now on at least i know i will be on time and they will let me bring what i want bye aa,general_question
today is the day that lost my business for the rest of my life as well as everyone in my family,general_question
yall fucked up and acting like you cant fix it without the primary member otp but she cant use her phone because of yall fuck up,general_question
hey now use your nice words first what can we do for you eriks,general_question
bitch im like two seconds away from cussing tf out,general_question
how much for the iphone x with the jump im not spending 200 plus on a phone sry,general_question
the code doesnt work and i was just charged for a movie,technical_support
the movies on us the screams are all yours get a free halloween movie rental from amp,general_question
i need my pic to upload,general_question
were always here to help and only a dm away just let us know what you need and well assist johnward,general_question
dont get me wrong i appreciate the effort but the app is getting too hard to use for what uselessness i get out of it,complaint
all of the prizes are located in our app hopefully next week will have you falling head over heels jamiek,technical_support
wheres the prizes this t mobile tuesday things starting to suck scratch that its been sucking,complaint
help me hello,general_question
lol,general_question
reported also posted advice to help some others who are crashing no doubt due to using extra settings,technical_support
game was great on pc last night todays small updates have ruined it not as smooth on the mouse directx crashes top leaderboard player loses his points when it crashes,technical_support
status update as mentioned yesterday afternoon the game update on console last night improved gamebattles matchmaking on dedicated servers continuing testing on all platforms and generating fixes be on the lookout for upcoming game updates,technical_support
status update global dedicated server support remains active continuing gamebattles testing with an update tonight hq tests in progress around the world and you may find yourself in a fully populated hq if not you can still invite friends into your hq more intel to come,delivery_issue
help me hello,general_question
having issues with my game wwii from missing attachments for guns blank lobby screens are any of the disc defected bought mine from tesco 36,technical_support
help me ive tweeted u like 10 times,general_question
i dont mean to sound out of hand but what do you mean if there its clear to differentiate whom dedicates themselves and those who have cheated max level with 100 and 200 games played,general_question
help we are dropping places due to boosters please can you rectify the leaderboards many thanks,positive_feedback
are the passengers still stuck,technical_support
everyone flying sucks on halloween we got you fam,complaint
hm how do i add points to my rr when a reservation was not made by me i do hope they can be tacked on,general_question
thanks for letting us be 10,positive_feedback
thank you for making my 6 hour flight smooth from dca to sfo and your fall spirit,positive_feedback
hey you have a future employee ready to bring the 737 max in,technical_support
when you board a plane and they tell you to pick a whole row to yourself,general_question
its the only wayairline i fly,general_question
this is how i fly on halloween,general_question
i didnt get my points from my last flights who should i contact about that,general_question
so just opened my guitar case to do a cover for you guys after getting home last night and my guitar is broken wtf,complaint
so true i love flying sw,positive_feedback
every time i have flown on southwest the employees seemed happy and friendly you dont get that with the other airlines,technical_support
were preparing for takeoff so tell them you love them and hang up or if you dont love them just hang up my attendant,positive_feedback
the social media people are a 1,general_question
ok thanks,positive_feedback
it was the last episode of season one the final scene is incorrect its from another episode,general_question
lm watching episodes of lost in space and they are not complete i compared them with ones on youtube and parts are missing,general_question
thankyou i just mentioned it as ive got a ticket for that one amp was a bit worried it had disappeared off the timetable thats allcheers,technical_support
hi just wondering why the 2345 sleeper isnt showing when i do a search for paddington to penzance on december 21st thanks,positive_feedback
lol it just gets worse,general_question
ugh stop being such a tease,general_question
sprint always going the distance for you coast to coast and beyond,general_question
dont miss the chance to win a 2018 jeep cherokee overland follow and tweet,general_question
peeps my is going up 50 next month what are yall using for over the air and cord cut,general_question
tan khai wah email,general_question
shown debited,general_question
pls check because my credit card got debited rm67690 on 2492017 please take it seriously for this allegation,payment_issue
name correction my case number 494610,general_question
no did not receive email nor phone call yesterday its completely unacceptable im going to work now so this is going to be problematic,complaint
food delivery due between 9 10pm still not arrived customer services did not answer call services now closed what should i do,delivery_issue
are you telling me these tortillas arent fresh becky,general_question
so where do the tortillas come from,general_question
why cant i get chips instead of a tortilla from for free,general_question
best chipotle costume,positive_feedback
3 burritos at with costume dont mind if i do,general_question
i know halloween is supposed to be scary but a piece of bone in my chicken is a little too far,general_question
the only reason to spend thousands on a fursuit 3 burritos at,general_question
for the boorito offer if you order half steak half chicken and then extra steak it would still be 3 right,general_question
the 3 burrito is cool but can i order online wo being redirected to the 3 burrito page or is this a halloween prank,general_question
went to dressed up as napoleon dynamite and the line was out the door so disappointed,complaint
update,technical_support
should i wear an inflatable cow costume to in order to get a 3 burrito,general_question
thanks for your help becky,positive_feedback
i ordered chips but they forgot to put it in my bag now im sad a sad cone,general_question
i need limes,general_question
help me hello,general_question
ive done that too but i get the code 102780,general_question
well i tried that yet it still doesnt work ive unplugged my console reinstalled the game and everything still giving me the same thing,general_question
it still keeps giving me the same message,general_question
your game broke i keep getting an update failure error code 1,technical_support
hello help me reply to dm,general_question
who have ww2 code dm me,general_question
thank you for the reply appreciate it,technical_support
fix pointe du hoc please,general_question
reply to dm lol hello,general_question
wym,general_question
theyre the most awful support team they dont give a fuck about the players and dont actually help with anything,complaint
when u gonna fix hq for xbox,general_question
when though thats what we all want to know,general_question
yes wonderful just like i did then a bit later i get kicked off error code 5,delivery_issue
hey my headquarters still arent populated is there a fix for this,delivery_issue
this was a good idea in theory but now i have a tummy ache,general_question
i was getting a boorito while your employees ordered pizza hut please tell me this is a halloween trick to scare customers,general_question
definitely threw our plans out of whack maybe more communication next time,general_question
whats up with the app and online ordering being down,technical_support
i got a chicken boorito with queso,general_question
thanks for the 3 boorito,positive_feedback
maybe they are just charging for the extra step to turn tortillas into chips,general_question
you can get a tortilla on the side,general_question
hope be on my side,general_question
just trying to offer a possible alternative although i know its not the same,general_question
why cant i order online,general_question
hey no problem yeah it was delivered just fine just a couple minutes late i just wondered why he was sat out there for 15 minutes is all,delivery_issue
why is your grocery delivery guy just sitting outside when he only has 4 minutes left to deliver my groceries,delivery_issue
im so glad i didnt pay the original toy sale price of 30 like my friend really disappointed as i do this sale every year,complaint
i just wanted to say how disappointed i am at the fact your store reduced items further after the toy sale,complaint
package said to be delivered no one at office remembers or signed for can you confirm who received 1zycreditcard,delivery_issue
id rather chew glass than deal with you criminals,general_question
ive reached out to anyone who would talk to me,general_question
have you reached out to financial service nhp,general_question
lol 3 years ago sent return slip to you 3 times i had the collections agency stop with it because you are pathetic,complaint
hello jason when did you return your equipment to us do you have the return slip nhp,general_question
fear being sent to collections for returned equipment,general_question
planning a scary movie marathon with fios you dont need to fear a slow internet connection,technical_support
i dmed you,general_question
so tell me how can tell me in 2014 that in a year itll be 0 down on any phone i upgrade to well 2017 to upgrade to a iphone 7 plus 32gb thatll be about 560 down today what happened to what i signed up for the jump plan isnt applied to me bullshit,complaint
why does it say expired for the atom tickets if we had until the 27 to redeem,general_question
needs to ship phones in inconspicuous boxes so they dont get stolen along the way at currently have 2 empty iphone 8 boxes smh,general_question
do you have any discounts or other ways to help nonprofits reduce communication expenses while away from the office trying to budget and find ways to reduce overhead to get an idea of our mission check out,general_question
just received my new bamp w google pixel 2 xl ordered on oct 4th went to tmo to switch from atamp t but you canceled your 325 gift card promo now i need to stay with atamp t,general_question
id rather do it in person,general_question
is the system back up,general_question
2nd day in a row trying to buy a phone system down again wtf,complaint
deny clients to pay off bill 2 take advantage of strikes,complaint
still not working,technical_support
still not working,technical_support
only tried with one game but i also cant access netflix or my web browser my internet connection is working fine throughout the house,technical_support
efeab30c,general_question
is psn down cant log into my account,account_problem
shareplay not working today yesterday np says games not available in your country or region were in same city 12,technical_support
hiamp thanks for kindness and support my issue was about my isp,technical_support
thank youyou are awesome,positive_feedback
pleas answer my,general_question
p,general_question
hi everyone i cant join to playstation network after 3 day,general_question
i hard restarted my system that worked thank you,positive_feedback
i purchased and down loaded the variety map pack but didnt get my 10 rare supply drops from lion strike help,general_question
any chance yall are gonna ever fix the stuck hand tool and constant stuck drag selection the only version i can use is 2015,technical_support
thanks im on location until saturday will take a look when i get back,positive_feedback
thanks they are amp,positive_feedback
can anyone who uses explain why a gradient would get lighter in the middle of two dark colors i really dont understand,general_question
which would be my next step,general_question
i dont have an installation usb anymore to restore my notebook,general_question
not much beyond 1 installing updates amp 2 uninstalling updates as instructed,technical_support
hi this is happening once a week its stuck in a very annoying cycle amp i cant restore it,complaint
hi some of our information is wrong in your neighborhood guide can you please let us know who to contact to change it,general_question
gotta hand it to their staff is entirely dressed up for halloween amp im delighted,general_question
the first two weeks of june 2018,general_question
are they direct flight,general_question
sorry to bother you again are they direct flights x,general_question
thank you very much for your help i was only able to see were via atlanta,positive_feedback
are you no longer flying direct to cancun mexico,general_question
so far no but thanks for checking in,positive_feedback
when something on your xbox account went wrong and its saying its having trouble downloading wwii,technical_support
if i pre order cod ww2 on xbox one right now will i still get the free weapon unlock and double xp,account_problem
whats the story with broken pro clubs,general_question
maybe push them into fixing broken achievements on xbox one,general_question
no it is literally unobtainable,general_question
are you ever going to patch the bfa achievement on darksiders 2 for xbox one you already fixed ps4,positive_feedback
que,general_question
congrats guys,general_question
congrats to and they each won a code for gears of war 4,general_question
and we all know that its aload of bullshit due to not losing connection to xbox live or it happening on any other game,complaint
it not eas fault its your internet or console that is always what i get told by them,technical_support
love losing connection to ea servers when playing squad battles what a joke,technical_support
hi have now got the emblem in gow 4 but the multiplier in gow 2 jp still not working getting 50 xp on horde not 2500 xp still,complaint
this has to be reported to gears of war the update and do the server fix,technical_support
have reported it them they said report it to xbox live would be nice if we knew if it was going to be fixed though,positive_feedback
could you please fix the game gears of war 2 japan the multiplier on the public matches does not work and no longer complete,complaint
true power is just 7 days away are you ready pre order,general_question
i bought airtime for the line has it been consumed,general_question
the recipient is a postpay cvp line,payment_issue
that would help watford junction,general_question
hi all whats the score with liverpool lime street on sunday is it open or a bus ride from elsewhere thanks,positive_feedback
activated the e gift voucher but i didnt receive any email as it mentioned how long will it take to process,general_question
its called argos home i had an email asking if i wanted one had one last year too its not that thick just has furniture in,general_question
that wasnt my question in the home catalogue there was vouchers for an extra 20 off i was wondering if you could help me with the codes,general_question
this voucher was in addition to that,general_question
i deleted it,general_question
ill have to check on laptop when i get home from work its not in my deleted folder on phone,general_question
there definitely was they were in card to use in store or online there was 2 of them,general_question
hi i received a home catalogue with an extra voucher in to use i cant find it are you able to help with the codes,general_question
when you go to chipotle and there out of guacamole and there out of forks so you have to eat with a spoon,general_question
responded 45minutes ago,general_question
already responded no response new order is 30minutes late would do a better job using them from now on loyal customer just lost,delivery_issue
4 tweets and no customer service response ridiculous absolutely shocking for an elite customer service app no wonder people are streaming to other apps,complaint
im bummed is no longer serving chorizo,general_question
went to today and was informed that is no more my heart is broken how do i carry on,general_question
this man is sleeping with my wife help,general_question
12478 old us 35 nw jeforsonville ohio 43128,general_question
in jeffersonville no forks or guacamole,general_question
this is why i love my sister,positive_feedback
will i hear back from someone on the money ive paid for things i havent gotten at some point,payment_issue
jen i just submitted feedback you all need to find a way to do better quality control on app orders this sort of thing happens way too often you all as a company are better than this,technical_support
app order messed up again i paid xtra 4 dbl meat n ordered a salad 4th time i want compensation ive lost 18 to your errors in last few months,technical_support
thank you,positive_feedback
your anthony dr champaign il location isnt helping your brand experience unprepared staff had to ask if more veggies were being prepared 3 times amp then watched veggies cook for under 90 seconds before hitting the line can you help make this place better,general_question
my car drives itself to these days,general_question
put a piece of chicken in my burrito im a vegetarian smh,general_question
findlay oh cashier asked mgr when i questioned bill to their credit the cashier and line were friendly food was good,payment_issue
hey question rice sour cheese one store its always a veggie 3 pointer just visiting another location and they said cheese is 2 points so wrice 1 sour 1 its a veggie bowl been getting a good deal at reg store or is that really 4 points,general_question
if you are in an airport that line is out the door,general_question
in pico rivera making bowls half full and burritos look like taquitos smh,general_question
excited to dig into this new york issue,technical_support
yep tried all day no one answers and cant leave a message hope jessi knows to show up tomorrow in khakis and a red top,general_question
you have a new team member starting tomorrow and called the wrong person about orientation someone dm me we cant get in touch,general_question
how long you gonna lie about your price for life deal ive dealt w 12 ppl and they keep changing the rules on me not cool,complaint
when will we have internet its been 2 months and we were told it was happening mon or tue tue evening and still no tech,technical_support
you guys really have awful customer service support line tells me to call back before 6pm local time its 3 30,complaint
so far this week in colorado 2 cans and a string would be an improvement to your voip service wall our dropped calls fixes planned,general_question
why is a hot topic among small business owners,general_question
alright cool i guess yall serve chemicals in your coffee since this doesnt seem to be a concern,general_question
why does your coffee tastesmell like chemicals are your employees trying to kill me,general_question
2 of 2 on 4g signal same thing but error message is sorry there was an unexpected error tried deleting app and restoring as well,technical_support
1 of 2 at sign in after long delay message come up no connection please check and try again thats using home wifi,technical_support
they are aware a quick scroll down the timeline shows how many people have made them aware its because of pr that they dont seem to admit,general_question
could you kindly let me know if the smartshop app is out of action please,technical_support
my mailing address is 3003 e 107 terr kansas city mo 64137 united states,general_question
the store address is 12008 blue ridge blvd grandview mo 64030 my phone number is 8106028994,general_question
80 minutes for my delivery you could have told me that on the front end of this before you took my money,delivery_issue
last two times we ordered from yall weve had nothing but problems whats going on,technical_support
late i never got it they told me it was never ordered even after i showed them the order i am dming you the details,delivery_issue
when i am told my pizza will be ready in ten minutes after i arrive and twenty minutes later im told i never ordered one,delivery_issue
i see the local papa johns delivery guy weaving in and out of traffic but yet it still takes my pizza a hour to get here,delivery_issue
yes one was pan i guess those are smaller,general_question
how are these both considered large pizzas,general_question
as a college student seriously makes traveling 6x a year stress free,general_question
in registering the website wants me to enter their email address i cant reuse the one associated with my account is there a solution besides having to make email addresses for 4 and 5 year olds,account_problem
it wont let me do that so do i need to call or is there a trick around the web for iy denying me to reuse it,general_question
oh so earlier you actually meant to say that the same email cant be used gotcha,complaint
so what your suggestion is that at sign up i go with a different email address and then later on go and change that to the email address i want to have the same across the accounts is that correct,delivery_issue
are children allowed to sign up for rapid rewards,general_question
thanks just sent it,positive_feedback
hi my flight for tomorrow was purchased as business select fare but it gave me a b boarding pass number instead of a1 a15can you correct this,general_question
loving the karaoke in msy at gate b9 janez is great and definitely keeping spirits alive on this late saturday night,delivery_issue
just filled it out thank you,positive_feedback
whats the best way to get in touch with lost amp found missing bose headphone case on a flight from msy to mdw on wednesday,positive_feedback
thanks for the huge delays back to chicago so thrilled to be sitting in the airport for the next 5 hours,positive_feedback
when says theyll call you back in 15 minutes but they never do,general_question
since starting a new job on july ive flown 2 4xmonth while the job amp biz travel may offer challenges flying southwest is a highlight your crew convenient flights amp inflight service earn an a,general_question
looks like this sunset flying into was photobombed by a winglet,general_question
replied via dm,complaint
okay wells fargo wheres my check lol,general_question
i sent a dm,general_question
you guys blocked my card for 3 days after i asked not to and now ive been on hold for 3 hours i need to use my card now,account_problem
replied,complaint
i dont like the way works keeping my money pending they never used to do that and thats why im annoyed very annoyed,payment_issue
upon further review wmany online services that have sign off feature this is the only one that additionally asks if im sure i meant it,general_question
hey your website is the only financial site to prompt me to confirm that i want to sign off is this a real issue,technical_support
so sad ruined his first halloween by failing to deliver his tiny costume 2 days running,payment_issue
6290 e pacific coast hwy long beach ca 90803 united states,general_question
whats with charging 15 to non customers for a roll of quarters thats ridiculous definitely wont ever be a customer there,complaint
can i still get my money back if i have proof that there was a card read error and i was double charged for something but when i filed a claim i was told i was a basically a liar,refund_request
please dm me for details,general_question
omg never had worse customer service than,general_question
i would like to have 100 on my account for free,account_problem
now i gotta go to wells fargo and complain,general_question
stop filling your fat faces with food thanksgiving is over my fucking money transfer needs to go through so i can continue to feed my lil brother and keep my heat on hurry the fuck up before i get charged some bs late fee,delivery_issue
costumer service is trash,general_question
i already called but by the time they reversed the hold i had already lost the item out of my cart which then sold out,general_question
damn wells fargo fraud protection stopped me from getting a size 12 yeezy,general_question
fuck wells fargo,general_question
i wont be back to this branch ayesha khalid has a horrible representation of customer service wells fargo,complaint
i opened a pack of pennies 50 and there was a battery in it,technical_support
you ok this was in your pennies,general_question
is there an sms outage i have been unable to log into my account due to 2fa text and unable to do text banking thanks,payment_issue
i fucking hate wells fargo,complaint
card is about to expire from i asked for it to be expedited since it is already close to the end of the month and the best they can do is 7 14 days not helpful at all,positive_feedback
everytime i turn around i wells fargo taking money out my account im bout to stop turning around,payment_issue
website impossible to navigate all i want to do is email about a faulty item 20 min going round in circles infuriating,general_question
hi ive bought an amazon echo for for a present do they also need an amazon alexa,general_question
thanks it was only a little awkward xd,positive_feedback
apparently if you preorder something then move and update your address the preorder doesnt update automagically,technical_support
said they delivered but its not there yet another annoying thing to deal with today,complaint
12818,general_question
will i loose my account already tried help by link and by calling customer service,account_problem
will i loose my account ive tried help from that link and yesterday by phone customer service and no one is able to solve this,account_problem
how is amazon going to solve this by mail text call customer phone service no one is able to help me,general_question
already tried help by mail and still problem persist please close my account and dont want to be a customer anymore,technical_support
no luck it keeps asking for code witch is not sending to my phone can amazon eliminate the 2 step method this is so frustrating,general_question
no luck on receiving the code by text or call will i loose my account yesterday a phone representative tried to help already,account_problem
usas amazon com,general_question
im not receiving 2step code by text or call in my smartphone cant log in into my account already got help by phone with no luck,account_problem
to the person or persons that stole that big heavy amazon box of my porch today enjoy 200 13 gallon garbage bags,complaint
they said it was ups ups says they never received the package to deliver,delivery_issue
amazons tracking says its shipped amp arriving today by 8pm but ups tracking shows just that a label is created,delivery_issue
hey maybe dont ask people to pay 8 for launch day arrival if youre not going to ship the package until the day after launch,delivery_issue
ordered one simple camera from 3x and all the 3x its been lost in transit ha youve got to be kidding me,general_question
iphone 6 and yes its got the latest software update,delivery_issue
really considering getting a new kind of phone since my iphone dies with 90 while using my camera,technical_support
i cant say for sure it started with ios 11 only does it when i have to enter credit card info not sure if its every site,technical_support
come on 1 same bug as before numbers disappear when entering info video below,technical_support
restarting does resolve the issue thanks,technical_support
i cant download songs progress icon keeps spinning on both data wifi stream works though cant add songs to playlists,technical_support
ios 111,technical_support
it,technical_support
yes and it happens in imessage as well,technical_support
tell me why iive updated my phone twice and i cant type letter i without getting a letter a and a question mark,technical_support
yes its just the newer ones ive got plenty of storage space left though,technical_support
and the new ones tauntingly pretend they are saved its just when i click on them or try to send them that the grey screen shows,technical_support
whenever i try to see the photos that ive just taken my shows me this ive reset it ive restored it help,technical_support
this i shit annoying yo fix this shit,complaint
iphone 7 and it literally just started today,technical_support
after i updated my phone,technical_support
please make this stop,technical_support
i have and my battery life has become even worse,technical_support
please fix the battery issues in ios 11,technical_support
ive updated to ios 111 just now i shall check out these wifi hotspots tomorrow and later in the week,delivery_issue
the overlapping url over time on free wifi hotspots remains v1103 not a wifi problem two different hotspots shown,technical_support
running 40 41 showed up as an update this morning installing it as i type all was fine re battery prior to 40 fingers crossed,technical_support
series1 would consistently get 18 hrs per charge prior to last update now 12 13 hrs maxdied gym 2nite wtf,complaint
dont complain a lot about but when battery iphone goes down 50 after using your phone for 30 minutes problems since update 11,technical_support
why my iphone keep dying at 30 quit playing games im not getting no new damn phone or iphone x,technical_support
having a terrible time getting to move charges to a correct credit card 10 emails deep and have to keep explaining help,complaint
so my 12 ride just turned into 387 really,general_question
how do you add a driver,delivery_issue
ur team messed up again lol,general_question
ive been using the service for more than a year and never had any issues the last week ive been charged for ur drivers mistakes,delivery_issue
from recollection approx 1130am 311017,technical_support
22 cafe 3 members of staff and i am served this,positive_feedback
middle aged white female drkbrown hair tied in a bun local accent young white male dark hair in the background,general_question
awful service call cust and an hour on the phone gets absolutely no where lied to ignored abused doing well there,complaint
yea n u gotta be 17 to drive and my car is at your pump,general_question
thank u to the woman at who idd me for fuel on my way home from work,general_question
why has started putting the price on the shelves in such a big font its like an assault on your eyes,general_question
excelente servicio recib mis paquetes hace un par de minutos,general_question
solo dice en reparto pero no tiene un nmero de contacto con el repartidor que es de amazon services,general_question
no como puedo contactarlo,general_question
como puedo trackear si esta prximo a ser entregado un paquete que tiene fecha de hoy gracias,general_question
got 2 packages delivered today from via their amzl service one package gets dumped at leasing office which is not the address on package amp 1 package gets delivered to address on package which is my apartment 2 drivers different results i was home all day,delivery_issue
i have no option but to see if my delivery arrives on the scheduled date but i will contact customer services if it doesnt arrive on time,delivery_issue
i swear amazon are trying to annoy me ive just ordered another package and had a shipped to wrong carrier facility message again and my order may be delayed 1st echo dot and then 3 packages lost and now another echo dot possibly delayed,delivery_issue
thank you callum will it have to be preorder or will there be general sale,positive_feedback
hi there will the tesco store in monkspath have copies of call of duty ww2 to buy at midnight release,general_question
done,general_question
do you feel better after your wee rant,general_question
yeah its always fun making men stop mid pee,general_question
nothing sort it fucking out tesco,general_question
reasons other than changing a baby i believe they are toilet trained and had no reason to be there your staff witnessed this and did,complaint
finally the old lady got access to the aforementioned disabled loo oh and ps three teenage girls used your babychange facilities for,general_question
by then the unfortunate man regained his stream i washed my hands five times because i had to put the mens toilet seat down and,general_question
mother had moved the barrier aside to the ladies to use the facilities there the rest either died of renal failure of had also scuttled,general_question
kinder to her wait time two the nice elder lady was very calmly calling out the lackadaisical approach by the staff and three my dear,technical_support
reporting back to my ladies my comrades in urination frustration one of them had scuttled assuming the waddle to the main mall would be,general_question
the public stop mid stream in appropriate halloween terror as he realised their was a lady no less a mere 15 meters behind him on,technical_support
loo by which point i had not only used a cubicle in the mens room i had also washed my hands and witnessed an unfortunate male member of,general_question
out of action seriously a fucker could have been dead and it took staff a further ten minutes of screwing around to unlock the disabled,account_problem
from within and surely surely with a scrap of sense wouldnt think to foolishly lock this disabled access bathroom with the ladies being,complaint
was in appallingly desperate need was someone dead or unconscious in that toilet there was a legit concern for there was not a sound,technical_support
be seen or heard i alerted some staff because hey ladies need to pee there was an older woman there and also my immunodeficient mother,general_question
the staff where alerted to this after about six of us waited outside the disabled loo thinking someone was in there alas nobody was to,general_question
so i used the mens loo in silverburn tonight and let me tell you why ladies toilet was closed off disabled toilet was locked,account_problem
who doesnt love new entrance look and feel what says welcome more than a cage full of rubbish,positive_feedback
well this sure makes for an easy connection it seems i always get them at the least necessary times though,technical_support
your contact website isnt working it kept telling me to enter my street address even though it was there how can i contact you,general_question
is it possible to receive a copy of a boarding pass from an old flight i need it for business,general_question
that stinks can you make it a feature off by default that i can enable,general_question
i used to use that feature as an example of great ux,positive_feedback
i cant fathom why youd get rid of such an unique useful feature us heavy users feel truly alienatedbetrayed please make this right,complaint
i wouldnt go so far clearly we were in the minority everyone i showed the feature to loved it maybe it wasnt well marketed,positive_feedback
i will though if they already have the code they could hide it in an advanced settings area maybe a community advanced settings area,general_question
brilliant please keep me updated much appreciate it still hoping they will bring it back in full on the next update,technical_support
the truth is although spotify cares theyve obviously already found the feature to not be useful to the masses we are outliers,complaint
what happened to the ios tap and hold to preview a song feature i loved it for queuing songs to a playlist,technical_support
spotify 8425906 and ios 11,technical_support
no just on my phone since i installed ios 11 mostly on 3g4g its very random when it decides not to work,technical_support
nothing same problem seems to be happening to a lot of people,technical_support
didnt work,general_question
same exact issue sound wont play more than 50 although i have it on full,technical_support
the buttons on my headphones dont pause my music anymore is this a spotify or an ios 11 issue,technical_support
btw i have a confirmation email to say my email address was updated then got an email to say my subscription had been cancelled,technical_support
i cant log into my account as its saying my password is incorrect but its the same one ive used for years i updated my email address but its saying i dont have an account registered to that address,technical_support
theyre back now i was on my phones 4g earlier i dont know what happened but when i connected to my wifi it returned thank you though,complaint
all of my songs disappeared from my songs theyre still in the playlist but im not able to view them,technical_support
doesnt show in lock screen cant adjust volume of phone isnt unlocked also,technical_support
works blame ios update,technical_support
the new ios is making your app way less usable would fancy walking around with a boom box after this update,technical_support
can you stop spamming me with would you like to open waze fuck,general_question
it was the 10 35am from edinburgh to heathrow we finally left around 2pm not impressed ba,general_question
thats funny when we finally got on the plane the pilot told us it was an engine fault,general_question
not overly delighted at the long delay from edinburgh today nor the lack of information as to why or that im not home yet,general_question
managed a quick cuddle with our four legged passenger before his 56 flight from jnb to lhr he was very comfortable,general_question
help just booked a flight seconds ago and now see i have added an extra letter to end of a pax name is there a way to fix or one letter extra ok,general_question
me and my teapot had a pleasant flight with to muc this evening thank you,positive_feedback
thanks for your reply oliver my twitter wasnt working very well last night so i telephoned the executive club,positive_feedback
my executive club account has been hacked please pm me,account_problem
done online check in but dont have the credit card can i still fly,payment_issue
happy halloween decided to go with a logo this year p,technical_support
massive thank you to victor de georgio for such amazing service bom lhr,positive_feedback
ba0229 cancelled friday rebooked on ba293 told to call customer relations for complimentary upgrade but they are closed,general_question
is there a problem with server as trying to book flight and car gets a message sorry having problems,technical_support
wasnt told i had to when speaking to ba conveniently forgot to tell me that very important fact,general_question
only our missing baggage claim number,general_question
flexibility,general_question
and silence returns,general_question
fact ba broke the locks when they didnt need to just makes th while more disgraceful,general_question
communication is that slow it is unbelievable about a week for a reply,complaint
simple fact been home 2 months and you still havent paid me for expenses i incurred due to the delayed bags,payment_issue
but i wasnt told i had too dont expect a company like ba to be dishonourable,general_question
lost opt luggage for over a week then broke out cases now refuses to pay for the damages they causeddisgraceful,payment_issue
ba016 from sydney,general_question
135 hour flight amp this is all i was given for first class breakfast no soymilk for tea or hot meal disgraceful,general_question
i have got through amp nikita explained to me that the bills will update in the next 3 days i will keep an eye on it amp let you know,technical_support
i placed an order on friday for 20 for 20gb with 3 months free sim only thru live chat when i look at my account it shows 33 per month and i cant talk to anybody on live chat now is it down,account_problem
creditcard,general_question
i recorded everything i will go to court it is very shame comcast they have horrible agent,complaint
lost power in the storm visit us at participating xfinity stores across new england to recharge your devices,general_question
internet has been down for almost 30 mins now,technical_support
internet drops periodically for a couple minutes at a time app says internet is fine how can i fix this,technical_support
please get service back in new hampshire not like there is a world series to won tonight or anything,general_question
how come when i call your automated system will allow me to add services but not cancel them please contact me to resolve,general_question
i would like it replaced not refunded but the sale is over and doesnt look like you have it in stock at the site what are my other options,refund_request
who packages these games ordered to games and both came rattling inside their cases one is broken games may have suffered scratches,delivery_issue
its now a police matter you could check the police report,general_question
amazon delivery guy refused to give the police his id and suddenly started sounding like an attorney good grief,delivery_issue
i was just assaulted by an amazon delivery person,delivery_issue
and you guys have officially lost me as a customer was promised todaywas never shipped give me my refund please so i may take my business else where,refund_request
amzl us tracking id tba566517950000 it says delivered to mail room i checked the mail and the front offce the driver listed 1 package in that one package was my xlr cablesim missing the controller,delivery_issue
the more i order from you guys the more im going to stop being a customeryour drivers are useless once again they marked a package delivered when it clearly wasnt i received one of two packages yet they were both marked delivered 3 times in 1 month,complaint
no i cant check it shows nothing and customer service rep was no help,general_question
still dont know if my order has shipped or not but at least im a good person,general_question
wheres my pc case amazon are loss memes organic,general_question
just ordered lets see what gets here first my package from which has been on its way since 1 22am or the food,delivery_issue
amazon,general_question
amazon,general_question
trying to get a friends playlist on my amazon music app but it keeps giving me the following message,technical_support
amazon,general_question
thank you so much once again for kinds of word,positive_feedback
will you follow me on twitter,general_question
is one of the best app in the world,technical_support
hit or re tweet to get notified when the oneplus 5t sale begins exclusively on amazon stay tuned to get,general_question
i got a refund but i wanna check to see if its actually lost,refund_request
okay amazon lost my package gr8,delivery_issue
im looking to reroute all my packages except 1 to a nearby amazon locker ill dm you now,delivery_issue
hey amazon please help me i hve tried calling and chatting with yall but keep hitting walls dm,general_question
amazon,general_question
solicitud foto del estado de cuenta,general_question
jamas volvere a comprar en v,general_question
que hueva tendr que ver vaselina por amazon prime video obvio me pasan una lana por promocionar prime video,general_question
just had my first prime now delivery 2 hours flat,delivery_issue
amazonprime,general_question
i have 2 echos and set up multi room music playback how do you switch back and forth between multi room audio and playing on only one sometimes i like whole house sometimes i dont want to wake up my wife,general_question
you could ask the other amazon delivery driver who was there and then slinked away when i called the police i didnt get his name you should require ids,delivery_issue
can do but that means i will miss out on black friday and cyber monday shopping,general_question
10 hours ago,general_question
yes,general_question
still not working they sent me a link to reset the password try and sign in with new password and still locked out,technical_support
someone keeps trying to buy playstation cards on my account having a hard time getting customer service,account_problem
danke fr die schnelle antwort ja ich werde mal nachfragen was da schiefgelaufen sein soll ihnen auch einen schnen abend noch,general_question
ach schau an meine bestellung war unzustellbar was ist da denn passiert bekomme ich mein geld nun wieder,positive_feedback
for now at least until prime music starts shitting on its subscribers just like,complaint
will i be forced to listen to ads on amazon music unlimited the way im now forced to view them on,general_question
get 3 months of amazon music unlimited for only 099 limited time only,general_question
but why has every item got 3 days processing time when its usually next day,general_question
trying to place an order this happened before and deleting and rentering my address fixed it but now its across multiple prime accounts to the same address,technical_support
live chat down in the uk and as a prime member i cannot t get any items delivered before tuesday whats going on,delivery_issue
no internet all day again third day with issues what is your solution,technical_support
just sent me an email giving me 20k miles for a flight delay i complained about on twitter nice job my friends,general_question
i dont mean to be rude to you or anything its very frustrating i feel like you guys dont want me back,general_question
hi any updates on porting the numbers over see you in the dms,technical_support
one more question please,general_question
john i am finally am back on t mobile your team was great in helping me port back please note zach r mariah d and jason y were great in helping me,positive_feedback
everybody is making everybody go to store to get problems fix dont tweet them 8hours over 3 days trying to come back,technical_support
can someone answer a question,general_question
says i cant dm you,general_question
wow just allowed someone to steal my phone number and told me they couldnt fix it unless they could call me on my phone number,general_question
you guys just gave my phone number away after i called in a put on a security alert someone needs to help me immediately,general_question
i have a few questions about a wearable i currently have with verizon even tho i have switched to you recently,general_question
i think ending the contests at 4 pm is too early not everyone lives on the west coast,general_question
loves a good laugh submit your funniest costume with for a chance to win one of two samsung s8s,positive_feedback
just left br and this did not work had to pay full price,payment_issue
we love to scream for also its halloween so were screaming anyway get 2 off from amp,positive_feedback
hi sultan you mentioned i should send you dm,general_question
sitting here with broken leg and frustrated no netflix on us promo still,complaint
is so close to rising again send your costume pics using to zap him to life,general_question
why cant i get any service in my damn house,general_question
im trying to apply my photo code and its not working,technical_support
look at my download speed been like this for past 30 min,general_question
will do thx,general_question
ive read some reviews that indoor coverage isnt great as a working mom i need consistent reliable coverage,positive_feedback
we have coverage everywhere lisa check it out taryns,general_question
north jerseynyc customers how is your coverage reliability indoorsoutdoors thinking of switching from,general_question
i love my new 8,positive_feedback
netflix and chill thanks to our,positive_feedback
we are past the 30 min mark and no luggage no baggage agent either flight 670 seattle to austin,general_question
thats literally what i just said doesnt excuse the fact that your employee argued with me and as a result im paying 25bag to wait an extra 35 hours never flying your service again,payment_issue
wasnt a delay i told the guy at the counter my bag wasnt tagged and he said yes it is and pointed at my old tag from and proceeded to process my bag i now have to wait 35 hours for my bag to get to sfo from pdx,general_question
nothing like waiting at the airport for 35 hours because employees cant do their jobs right and argue with their customers who are right,general_question
thankful for our amazing partner going to be a great day at the,positive_feedback
waiting for my flight to depart amp the gate agent announces that the delay is due to a vomit clean up,positive_feedback
thx will do hoping our flight crew provides updates so the entire plane participates,technical_support
please please broadcast the on flight 447,complaint
i fly a ton to las unfortunately it never comes with,general_question
heading home from vacation down in tampa florida with friends had a great time flew as always back to seattle to the rain,positive_feedback
captain of our alaska flight just called a korean war vet up to the cockpit to thank him for his service good stuff,general_question
yeah just curious why boarding always happens extra early at ind been almost late to door closure at 45 min prior to departure not a problem at sea closer to 30 min,delivery_issue
not sure in the back of the plane but heard an announcement about doors closing still sitting at the gate past departure time finally turned on ac,general_question
why does flight 501 ind sea always have final boarding called at the listed start boarding time currently sitting at the gate with doors closed for 30 min not the first time on this flight number,general_question
always appreciate the gangsta bear to welcome me back home thoughts on keeping these friendly cuties,technical_support
chicago,general_question
on my return leg on my 1st trip i just had the worst check in experience in my years of commercial flying no staff at dtw counter when kiosk advises you see customer service agent since machine was unable to print boarding pass it gets worse,complaint
thanks for the halloween candy and complimentary drinks on todays flight,positive_feedback
shout out to for a flight to midland that lands right at 7 30 so i wont miss the,general_question
season two only goes to ep17 despite there being more eps but then s3e1 is up,general_question
your support sucks,complaint
i am using an iphone 6s amp i tried the things that the troubleshooting tips suggest,general_question
the hulu app logged me out amp when i try to log in i get an error occurred please try again later amp i know the login,delivery_issue
when will we see season 4 on hulu,general_question
yes dialogue is out of sync seinfeld workaholic as well as others blank pic with sound pic with no sound using apple tv disappointed,complaint
hi your service is completely the stream freezes and the voices out of sync,complaint
hi phil its an iphone 6s black doesnt have a cover and battery had died i was in about the 4th carriage was one with toilet in,technical_support
if you find it and power it up the background image is a woman sitting in a yellow chair,general_question
thanks for your help phil the carriage was reasonably empty so hopefully will be found by staff,positive_feedback
thank you so much for getting back to me ange,positive_feedback
my iphone has been located in the car park at oxford train station and in harrow could you please provide phone numbers,general_question
hello ive left my iphone on the train i was on 2235 from ealing broadway to langley 2257 can you help,general_question
yall upset my man hes a big fan of yall but wont go cause of baddisrespectful service please apologize,complaint
got dinner at with,general_question
branch from trolls and the boorito was delicious thank you,positive_feedback
best halloween treat is always the boorito from,positive_feedback
cant order online because of this stupid dress up for a damn 3 burrito event blocked online ordering,complaint
queso yes or no,general_question
oohok,general_question
i need in my life,general_question
double everything for 3 shout out the homies at,general_question
im next to a university the line is wrapped around the building good try,technical_support
i just want chips and salsa i have to stand in line for chips and salsa,general_question
agreed thank you for another amazing dinner chipotle,positive_feedback
celebrating halloween 2017 with,general_question
thanks becky we truly had a blast and i see this becoming our annual tradition,positive_feedback
the employees were thrilled to see my little chipotle baby,positive_feedback
it was absolutley delicious,general_question
happy halloween thank you for the delicious booritos,technical_support
dressed up as quarterbacks for 3 burritos,general_question
i cant be lazy and send a friend,general_question
is the 3 one per person,general_question
time thanks,positive_feedback
me im not dressing up for im not even getting out of this bed homie 3 burrito at if u come in costume me,general_question
i dont need a lot to be happy a and centurion lounge in the same airport pretty much does it phl,technical_support
you shall not pass me in line while i wait for my boorito at,general_question
thanks becky i submitted a request,positive_feedback
i thought it was 3 burritos if we showed up in costume,general_question
i went to to get a burrito and they called it a boorito on the receipt amp i got such a kick out of it,general_question
when your employees talk shit right in front of me in spanish and think i dont understand it,complaint
i know its halloween but chip messed up so many orders lol,general_question
so this was supposed to be my conjuring face as we picked up our booritos from,general_question
good call delicious burrito as always,general_question
what do i wear for this im too indecisice,general_question
went to get my boorito amp was told my costume as my fav tv character wasnt sufficient by a rude employee cant believe this,complaint
3 minute dva costume for 3 ritos at,general_question
whoever coded the chipotle app grinds my gears i want to order fod,technical_support
walked into to see zero exaggeration 150 people waiting in line in costume for 3 burritos,general_question
3 burritos for anyone in a halloween costume today 3pm close,general_question
thinking about upgrading my wifes iphone 6 what is your best offer,positive_feedback
can i drop rt from my cable package,delivery_issue
great thank you,positive_feedback
i thought i was replying to you directly,general_question
oh bless you thank you so much its wallington or purley way or ill drive to wherever they are so worth it x,positive_feedback
this being its reminded me to ask will you be doing the taste the diff chipolatas w cranberries this year,general_question
thanks robbie ecclesall rd sheffield,positive_feedback
hi just bit into one of your jam doughnuts and it had custard in it not happy to say the least,complaint
fab customer service from today shoes exchanged with no fuss,general_question
really disappointed with my boots only bought them 2 months ago and already split i expected better quality from mamp s,complaint
thanks i filled in an online complaint via your website hoe long does it normally take to reply,positive_feedback
who can i complain to about poor quality with food packs have spoken to store in question but they arent helpful at all do you have an email or phone number of someone who may be able to help thanks,positive_feedback
this has happens far to many times when important work is due,technical_support
after 2 hours of customer service we finally fixed it thankfully our contract is up and we will not be renewed with you guys,positive_feedback
trying to do my presentation and my whole entire house has no internet wonderful just wonderful get it together,technical_support
i redeemed a vc code for nba 2k18 that i got from best buy it said it was successful but i didnt get the vc,positive_feedback
i sent a question can you guys answer thanks,positive_feedback
my account has been temporarily suspended and i was wondering why but i have not been emailed yet,account_problem
but i hope it will come as an option in the future everybody wants this,general_question
when we change our online id,general_question
is there a way to get a psn account unbanned,account_problem
ya los empeze a seguir,general_question
yo tenia un adeudo en mi cuenta y ya lo pague estoy conciente que son 24 horas pero en ps4 dice que esta bloqueada mi cuenta,general_question
my redeem code dosent work,general_question
im trying to buy the game first but its not letting me do that,general_question
im using a ps4 system,general_question
i trying to download qurare magic library bit its saying page not found,general_question
right now i have a controller and headset picking up my audio that i cannot find on my system,general_question
is it possible to create a hidden harddrive on ps4 which can be accessed remotely when the system is on,general_question
i cant believe theres no other account mgrs available,complaint
can you please bear in mind not everyone has smart phones i have but my buyers might not,general_question
i know what triggered it i tried to send my number and email address to a buyer so they could contact me for directions,general_question
im currently receiving enquiries regarding delivery info which i cant respond to which is going to cost me in lost sales,delivery_issue
all the items i have listed currently are for local pick up yet ive had my messages restricted because i tried to give my number and email,general_question
i for one would not consider buying a 3k watch without seeing it first how would i get the sellers details,general_question
but as a delivery driver i cant be opening the app constantly to respond to queries and if someone wants to let me know theyre 5mins away,delivery_issue
why is it such a crime to put my phone number in messages when dealing with potential buyers regarding delivery info,delivery_issue
what is a dm,general_question
ive talked to a supr with no assistance,general_question
is not a customer service co,general_question
to a potential buyer who wants to contact me during my work hours to arrange a viewing,general_question
but yours as well doesnt make sense,general_question
if l lose out on sales or an item doesnt sell as well as it should ebay wont receive their youre not only affecting my pocket,general_question
i agree why the frig can we not get an etr,general_question
funny bc everyone around is restored,general_question
never lost power,general_question
i get it tx for explanation etr depends on natl grid fixing power outage still in the middle of 02806,general_question
etr now 12pm consistent w following natl grid etr for 02806 center at 8 30 am all good news thanks,positive_feedback
hi i know youre working hard just a little update or etr would help a lot,technical_support
my name is charles martin 3238 w columbine dr phx 85029 my bill has almost doubled from last month why no help by calling,payment_issue
hello curious when the outage is expected to be resolved for the 02919 area code,positive_feedback
thank you for helping me get all of my services back,positive_feedback
thanks for sending me a new modem that doesnt work your agent cant even turn the old one back on so my daughter can do homework,positive_feedback
hi there i need some infos about opening a checking account at bofa for foreigners im gonna be in miami next week only for this and i really could use some help,account_problem
its a bit concerning,general_question
bonjour a partir de combien de temps aprs creation de paypal avec un compte bancaire peut on acheter,payment_issue
why not try illustrating call backs to current customers,general_question
great illustration the cloud goes underground at invent via awscloud,positive_feedback
is the worst internet provider ever i wont be able to do school work until tuesday so are you paying for class if i fail,complaint
there better than these faggots,general_question
thank you call me tomorrow afternoon 3 00 pm 706614 7640,positive_feedback
ridiculous amount of fees again from how do you justify stealing money from people,complaint
too late i smashed it,delivery_issue
im sat getting emotional trying to make an xbox work almost crying i just want to watch fucking harry potter,general_question
he literally just asked something lol,general_question
yeah just let us know if youve got any question and we will be happy to answer them ps,technical_support
when can we pre order on xbox,general_question
playerunknowns battleground launches on xbox on 1212 ill see you on the battleground retail digital 2999,general_question
if i uninstall and reinstall the game on my xbox one will my account progress still be there,account_problem
making,general_question
hi please give the man who is giving updates on the piccadilly line at leicester square a pay rise hes make the whole platform smile with his hilarious announcements,technical_support
is it possible to cancel a pre order,general_question
whats the reason all trains at lancaster are at a standstill,general_question
using the london zones 1 4 travelcard combination ticket,general_question
sou to wembley park preferably via wat,general_question
one that will allow me to get to and from england v brazil would probably be on the train from wat after 12am,general_question
how much is a ticket from sou to london zones 1 4 swr website will only give 1 6 but only need to go to 4 for wembley park,general_question
any idea whats going on with preston trains will they be running,general_question
alfreton,general_question
and waiting and the normal question went before the fast lane was tended too so whats the point in it,general_question
yeah there not fast it would of been quicker joining the normal que,general_question
make the fast track fast,general_question
whats the point in fast track when its really slow,technical_support
you are responding to people every few minutes but have not responded to me when i email fleet i do not get a reply,general_question
how do i turn these notification off i do not want them,general_question
im tryig to order off the app and ive tried on the website and it isnt working,technical_support
when your order came to be 30 after tax and tip but they charge you nearly 40 neat,general_question
so just brought me poke with none of the sauces that i ordered,general_question
why would charge more than my order to my account and then decline the purchase i hate that app its so glitchy,complaint
please reach out your company needs to have a customer service phone number,general_question
hey 34 of food cost 65 to receive major surprise over quoted amt no surprises at,general_question
cant reach cust service to report terrible experience hair in food and no way to get back,complaint
we finally found each other disregard thanks,positive_feedback
my postmates cant speak english and cant find my address can you help us,general_question
yall really need to get your shit together and get a customer service phone i never got my shit so fix it,complaint
man is garbage chick straight ghosted my order but theyre still trying to make me pay for it,complaint
hi i was charged 55 dollars for my order when it said it was 36 bucks on the postmates app will that change thank you,technical_support
come on get it together this is like the 5th target ive seen this at by the each,general_question
why ups always charge cod why they cant figure out cost before when shipping is calculated,delivery_issue
a video game dude eva helmet prjt and a plain box,general_question
i really wish wouldnt ship with worst service out there,complaint
i used ups my choice to hold two packages that were going to arrive on friday until monday theyre still not here whered they go,delivery_issue
this just in marketing cloud is so difficult to use i want to flip tables nothing is intuitive nothing,general_question
is down for anyone else,general_question
biggest regret of 2017 signing up with still waiting for them to give me the internet theyre charging me for,technical_support
got call of duty and i was super stoked turns out my internet aint fast enough thanks and thanks to for taking 3 weeks to install my new internet,technical_support
your service sucks speed is slower than what we are paying and wifi says connected but yet cant get on gr,complaint
got home to tally and my internet is broken called customer service and they said theres been an attack on our router how you let someone brick my shit smh,complaint
trying to order bonded dsl but getting conflicting answers from customer support help,general_question
another poor customer service expense with my trouble ticket being lost goes with my 16 hours of calls with your billing department,payment_issue
hi stand by please checking it out thanks,positive_feedback
hi why does it say you are closed via i need some yummy food,general_question
at least im being productive and grading while waiting for my food to get here,general_question
being naughty and ordering mac and cheese though,general_question
purchased a case yesterday that dropped in price today can the difference be refunded,refund_request
i bought a pc case yesterday for 6999 and today its 5 off can you refund me the difference,refund_request
how do i change default document ie indexphp in webapp,technical_support
thanks i just did support rest guidance or iosswift quickstart for cosmos db what do you think,technical_support
estoy al tlf con ellos me lo reembolsan ahora mismo espero que asm reciba algun tipo de sancin porque esto es una vergenza,general_question
pago para tener el prime con vosotros para que me tarden en llegar 10 dias reembolsadme la compra y lo compro en cualquier otro sitio,general_question
estais de coa no el reembolso lo quiero ya era para un regalo para hoy y tenia que llegar ayer,general_question
poo assinei hj pra ver a terceira e nada acha q so qnd acabar na tv americana de qq forma obrigado,general_question
tem previsao para liberar a terceira temporada de no,general_question
1031 amazon w w,general_question
i have stopped ordering from your site amazon courier guys are very rude i have given similar complaints to u no of tyms,general_question
okay thanks so much,positive_feedback
im trying off my fire stick,general_question
i go to watch and episode 7 amp 8 arent there,general_question
i lost my signal while searching something in and since the page didnt load this shows upi am not even mad,general_question
from your biggest fan thank you for creating and households nationwide,technical_support
my audiobook hasnt shipped but the site still says ill get it by 8pm,general_question
lots of folks even wprime reporting they will not receive the final dossier today from,technical_support
yall need to fix this now,general_question
no,technical_support
just updated my 7 plus to 111 but i cant see the new emojis on my watch pls help,technical_support
ok cool,technical_support
i lt wtf is going on,complaint
as always thank you,technical_support
i cant change lock screen anymore from wallpaper in settings how do i do it now,technical_support
dear this new update sucks i have too many problems with my phone now blurry screen black screen frozen phone,complaint
creates amazing technology but talk to text still messes up 90 of what i will it to type,complaint
excuse me can someone explain to me why when i type an i alone i get an a and a question mark,technical_support
cool just did seems every update is just purposefully adding new stuff that is optimized for the latest iphone need update provisioning,delivery_issue
hey still waiting on a version of ios 11 that isnt complete shit everyone with any iphone that isnt the brand new one,complaint
why does my iphone 6 is redmarrer alone,technical_support
sa fait 1h jai ios111 et mon tel redemarre seul explication,technical_support
you dropped an update and i still see boxed question marks fix this shit,complaint
yes sorry i just watched a video about 112 beta 111 when i type the letter eye i happens,technical_support
tried it and it still doesnt work,technical_support
when eye type the letter eye a capital a with a box next to it shows up and replaces the letter eye with a question mark in a box,technical_support
just updated to ios 112 and my keyboard is completely screwed up and glitchy now,technical_support
no virginmedia tried twice with completely new mail one didnt save 2nd did though very odd,technical_support
updated ipad pro to 111 worked on draft email none of changes saved started new email saved but disappeared help please,technical_support
1103,technical_support
i updated to ios 11 and my iphone 6 stopped connecting to wi fi already restored the phone and the network connections,technical_support
why is my it autocorrecting to it so annoying cant change in settings either,complaint
im phoning to check if there is bicycle space before purchasing my tickets if u could do this it would be brilliant amp id be very grateful,general_question
im trying to get through on the phone to book bicycles onto services ive been on hold for ages any help available,general_question
you failed me seriously a burrito and queso when i ordered a salad and no request to get this fixed help me out,positive_feedback
this is out of date the site is no longer online found this but im not recieving anything,general_question
hi i have a problem getting my invocie in mexico tax legal facturas can you help or do you have a help center for mexico,technical_support
i need a hookup with an promo code help a nigga out,general_question
just ordered for the first time order botched driver cant fix bayonne mcds wont answer phone,delivery_issue
he wants a loan,general_question
let me get a loan right quick,general_question
extremely limited tickets still available on stubhub for tonights game come support,general_question
need help sent a dm and no one has replied yet,complaint
we all want free tickets can bofa work something out with the dodgers it never hurts to ask,general_question
actually can you text me please to my email email,general_question
sergii daragan02152380671277946,general_question
i need to get information about refund from groupon,refund_request
i am in other country in ukraine if you can call me and help it would be perfect,general_question
oh fuck what the dlc is now available after the save data is gone thanks microsoft you guys suck,complaint
because its redeemed but the dlc is unavailable so all of thisbecause we asked a question,general_question
now all of this was because we called to ask why dlc wasnt appearing after being redeemed do we need a constant internet connection,technical_support
theres no save data it wasnt backed up to a cloud and even it was we cant get to the cloud,general_question
first of all fuck you second what if we didnt either way thankfully we found a friend got the account back but guess what,account_problem
surprise problem now we cant get the account back on the xbox supervisors response dont you have a friend nearby that you can ask,technical_support
it cant come back bc we cant connect to internet but even asking if we can get it back before doing it we were told oh yeah no problem,technical_support
how would deleting an account off a device that cant connect to internet to troubleshoot it work be brought back oh it cant,technical_support
ive lost every bit of save data on my console all because your cs rep didnt know what the fuck shes talking about,general_question
id like to know why the fuck you employ people and dont train them to know their fucking jobs,general_question
party invites are fine and the game invite issue seems to be limited to dead by daylight found away around the issue in the end,technical_support
unable to send invites on xbox you guys fixed something and it broke something else,positive_feedback
people of the fog venture inside badham preschool the new map available for free on pc amp consoles,complaint
the updates kept starting and stopping but after restarting and reconnecting my internet multiple times it seems to be working,technical_support
i legit think the new xbox update broke the xbox no game is able to update and its not a problem with my wifi,technical_support
same with me and disconnecting fun,general_question
only happens on dbd,technical_support
really pissed of and the customer care gave 2 days time i am returning on 4th where the that can fix when i am in need,general_question
i have to waste some of my money on now i thought was good,payment_issue
do you guys even care i am stuck after paying cannot make calls feels really bad that i took this plan,complaint
my phone number is 91 90002 89198 please help me on this 2n,general_question
i am in us and highlighted planlooks like you chargd me on local i dont think i used 500 1n,general_question
i want to see action is made in this line 09020564975 to stop deducting my account it is one of reason to cease reaching,account_problem
but shes now missed the connection to blackburn,technical_support
shes not at a station the train stopped between them my dads waiting at preston staff arent giving any info can she get a taxi paid,payment_issue
my mum is stuck on a train between warrington and wigan any chance of her getting her a taxi sorted,technical_support
and its not safe for women to be on their own at this time of night theres no more buses to blackburn either,general_question
the next train is 440am from preston to blackburn you cant seriously expect her to wait almost 5 hours for a train home its freezing,general_question
right ok hope so i cant even go and collect her as my kids are in bed,general_question
hi im unable to activate my student account can you help me,account_problem
i did not receive anything have dropped a dm thanks,positive_feedback
booking no yiubpf thanks,positive_feedback
how long do i need to wait for my credit shell to be processed i replied the email on 2510 need it for new booking,complaint
your airline the worst and horrible customer service,complaint
you have closed my case without any attempt at a refund i would be happy to pay the regular baggage fees but not 400 for three bags,refund_request
the case was not assisted accordingly you can not price gouge when there are no alternatives,general_question
no where does it say i would have to pay 127 per bag or not fly home,payment_issue
i was not allowed to step away to pay for what i had no idea would be price gouging,payment_issue
fairness is not price gouging when there are no alternatives fair is not being rude to customers fair is refunding,refund_request
the fair thing would have been to allow me to step away 2 pay it was not specified in any email to pre book to avoid paying 127 per bag,payment_issue
your support is horrible ive read all the thread above and you make it even more difficult to get cases resolved for the passengers,complaint
disgusted with your customer service,general_question
out of service again thank goodness for may be time to increase my data plan,general_question
i dont know my account number,account_problem
i was on hold for 46 minutes and no one could help me shame,complaint
can you please promote my music at your store target,general_question
never order from online because thy send multiple defective items and dont care for customer satisfaction,general_question
damn told me i could go get my headphones and theyd call me when i could go get them the they dont call and tell me its too late,delivery_issue
theyre the ones charging it,general_question
yo papa youre seriously charging 025 per packet of crushed red pepper and parm cheese refund my money,refund_request
someone added a credit to my account so next time i wont have to pay for them thank you,payment_issue
yes i can i will update you,technical_support
no i havent called back i was hoping they would,general_question
i called and said i didnt get my sauces and she said hold on a second and then the phone hung up,general_question
when your pizza comes and its cold and they didnt give you 5 of the 6 sauces you orderedim mad,general_question
ohcamaro at gmail,general_question
could have sworn i was signed up for birthday rewards no points for me,general_question
wtf you dont deliver to my area after 6pm fine ill get pizzas from they dont make me feel like a criminal,complaint
would you say this is light cheese or little to no cheese,general_question
it was wonderful and your staff are great i hope to see you all again soon,positive_feedback
cant believe i am about to leave the had a wonderful time here for and a couple of extra days in the city,complaint
reached third tier closing in on inner circle,general_question
wine hour ink48 candy corn,general_question
thanks,positive_feedback
i need help,general_question
worse experience 0 customer service 3 years of this,general_question
hello whats happening to my screen,technical_support
im paying for premium but every time i log in it keeps saying free service,payment_issue
phew everything should be back to normal now let know if youre still having issues,technical_support
how long does it take usually for account recovery to get back to you its been about a week now,technical_support
las phl 734 1135am not 1 smile between the whole crew amp your terminal for phl dub flight is awful,complaint
why is your website always down pretty annoying to have to check back later every time i need to login,complaint
how to set up fingerprint on my phone i got savsung galaxy j3prime,general_question
what app should i put on my phone to do finger print on my phone,technical_support
svasung galxy phone,general_question
get a free when you buy one and add a line,general_question
i have dm you multiple times and the credit is not showing up which is why i have contacted you guys many times,general_question
how did i get my credit this is the 3rd notice,general_question
typical empty answers i wasnt expecting a resolution but you may want to be careful as you will allienate your customers along the way,complaint
comes to mind every time i fly with you i am considering switching to even if it means longer flights as they rock,general_question
i am an frequent flyer and i can attest that they suck the best frequent flyer programs to strive for,complaint
still no response frm abt y we have 2 book 4 2 nights thats not express,general_question
the fact that my laptop that i havent even had for two years keeps shutting off without warning at 15 is kind of ridiculous,complaint
i live an hour north of the atl airport can it be done online,general_question
ive been busy with life how long do i have to file a claim regarding this or is this a lost cause at this point,general_question
just noticed the zipper was broken off yesterday morning on my return flightamp it wasnt like that when i left is there help,general_question
yes i did the dude even said thanks for watching now enjoy your 30 mins of ad free music,positive_feedback
ok thanks i will let you know if it happens again thanks for every thing,technical_support
no it didnt crash i was cooking dinner and heard about 3 songs each song is about 2 3 mins after the third song the ad played,technical_support
when i watch an ad video and you say 30 mins ad free i expect 30 mins ad free not 10 mins,general_question
was my wifemom we couldnt believe it then she proceeded to try to tell us how to parent our children our children 6 and 4 were perfect,complaint
interacted with one of the rudest flight attendants on flight 1305 from ord to slc be patient shes only 4,general_question
i wasnt even on the trains but thanks for your concern,positive_feedback
just like every other one of your delayed trains,general_question
typical delays as always what a joke of a train company,general_question
i just did hope to get a resolution soon,general_question
i went to t mobile store today after my yesterdays conversation and got turned down again,general_question
have been a loyal customer for 4 years and got denied dues to es limit which is 4 year old what is point of jodmonth,general_question
card declnd out of state calling ph past few hours amp states no acct info found amp hangs up this is unacceptable whats going on,complaint
no worries thanks if the departure time changes well be notified right just sat down to dinner and dont want to have to rush out,positive_feedback
thanks app and airport boards should be updated though i assume,technical_support
awesome thank you so much appreciate the quick responses,technical_support
any updates on flight 6353 from den to bos four hours is a bit much,technical_support
having issues getting the website to load so i can login to my account are you experiencing tech problems,technical_support
my wife made the mistake of updating to 11 how can we revert back her password keeper app is now dead she cant access her passwords,technical_support
the last agent in telesales ching or chin basically told me he has not id and no manager or supervisor to escalate my issue to,delivery_issue
anyone and everyoneif you decide to do business with save your money and time the customer service is insulting and a joke,payment_issue
just boarded on our way to thank you,positive_feedback
i shouldve known there was a catchflight delayed,general_question
my flight back to sf just got upgraded thanks,positive_feedback
will it be complimentary or charged the 25 or however much it is,payment_issue
i bought a carry on luggage that 2414925 exp what does the 25 exp stand for on my luggage will check in charge me 25,general_question
being on hold for 11 minutes and counting is poor seevice,general_question
yes sorry i mean ios 11 when i texting my keyboard its very slow and my battery it consumes very fast,technical_support
i installed the ios 100 1001 and 1002 and makes my iphone 6 very slow and doesnt work properly can you help me,technical_support
hi paypal paypal,payment_issue
when a flight attendant states in front of the passengers that she is tired of the call bells going off its an issue with the service,technical_support
you suck 9 hr flt wo entertainment or wkg jacks staff rude free wifi not with over 200 people time to shred the dsm card,complaint
my iphone is a fully up to date so why does my phone keep freezing,technical_support
kudos to the pilot that had the smoothest landing ive experienced,general_question
shows are buffering every 10 seconds is storm affecting internet cant deal,technical_support
after the new apple updates the battery life is really go fast and the wifi is always on,technical_support
not really tech coming on wednesday,general_question
why are the announcers on the football games switching between english and spanish,general_question
does the store have any other deals,general_question
is the iphone se promotion only on the website or is it in store also,general_question
mi plaga se llama virgin mobile promociones bsicamente me estn robando,technical_support
upale creo que alguien est con problemas de plagas ten cuidado con eso por nuestra parte te contamos que venimos con nueva oferta con muchos ms datos ms rpidos y ms segundos ya la conoces,technical_support
en vez de mejorar empeoran ya no los puedo diferenciar de los otros operadores eran la salvacin eran buenos chveres pensaban en el cliente y ahora son unas ratas,complaint
i dmd hours ago and im still having problems,technical_support
is anyone else having trouble with their boost mobile network or is it just me,general_question
how do i get in contact with someone higher about one of customer service reps deliberately messing up my accounts and lying her name is ann,account_problem
hi your colleagues offer me two 0848 options a 20 and 3690 your own website offers me one 0848 option that isnt available on the option 1750 45 why the disparity surely they should be identical,general_question
hi what in blazes is going on here different ticket availability and different journeys on the left your website via nectar on the right am i missing something,general_question
please call me,general_question
or you can provide me with a direct dial number and ill call it now,general_question
thank you spoke with customer service who was very nice amp helpful amp put me straight through to a competent logistics person who documented issue researched my acct amp was going to contact delivery svc directly to ensure procedures followed time will tell thank you,delivery_issue
i tried that and ended up on page to provide package feedback too difficult and i did not have the time to search for your customer service number so if you follow me we can direct message one another and i can give you my cell phone,delivery_issue
will do in morning by the way ive complained about this same issue 3 times and twice before directly to carrier,technical_support
so for the 4th time the package i ordered was tossed onto my property instead of being left on my front porch it was raining package wet ive complained repeatedly to no avail since amazon switched from usps to local delivery svc the service is terrible,complaint
i dont have any card so cannot fill the required field i just want to know if its a service only for inside usa or not before purchase,general_question
question can we send a gift card maybe digital out of us im in panama and want to send a gift card to someone in panama,general_question
oh now youre here to help i am disgusted with the level of service i received by your customer service reps over the phone despicable,general_question
some of the worst delivery service i have ever received in my life,complaint
thank you im waiting what support will do thank you again,positive_feedback
i change my number i need to update and im having problems cause in the app dont let me do that even in the site help,technical_support
no need already sent the request to delete my account,account_problem
thanks to your amazing customer service you have just lost 2 customers who have spent nearly 1500 this year great work,positive_feedback
page isnt working,general_question
this is what m getting everytimeany response to this,general_question
wth totally unprofessional first cancelled the ride without informing me and second charging me for that,general_question
we ordered food on for 8 hungry neighborhood kids and they cancelled the order after an hour of waiting r you effn kidding me,general_question
im ready 2 file a complaint with better business bureau amp ftc over misleading info uber sent 2 me in an email amp overcharging,general_question
i ordered chips and queso and i got no chips please help,general_question
trying to spend clubcard vouchers but eating out option diverts to lifestyle every time website glitch,general_question
just for completeness ordered arrived just now over an hour late,delivery_issue
amazon2,general_question
im looking to get some information regarding delta to help me with a presentation on delta is there anyone i can contact,general_question
should be the standby list not upgrade,general_question
i had the option to see the standby list for 1445 but its gone now so i believe you took me off of it,complaint
can you look at the standby list for dl1445 for tomorrow suppose to be on it but dont think im activated on it,general_question
excuse me i have songs that i never made available commercially available on your service who do i contact,general_question
yall charged my account 8 times uh,payment_issue
ipamazon,general_question
thanks item recovered and waiting collection d,positive_feedback
hi i lost my phone in an uber app asks me to submit my phone number to make contact i only had mobile as travelling,technical_support
help website crashed and dont know if flights booked or not cant get thru on phone,technical_support
so just left london on the train 4 30pm i was supposed to leave london this morning at 10am thanks morons,positive_feedback
more repulsive embarrassing soggy slop in club 8482 at least this time crew were nice amp didnt eat the cream themselves,general_question
hey are you helping passengers stranded by turkeys visa ban on americans kid off at university is heartbroken,general_question
its clare with no i,general_question
i appreciate your point but this was not the case last night it was to allow club europe an additional row lets leave it there thanks,technical_support
clue is in the name wrong words and blatantly spelling my name wrong on more than one occasion great customer experience and loyalty,positive_feedback
i think you meant should im not sure how much more feedback i can give ive made my thoughts clear another airline may now be needed,general_question
cs wont get me off the plane tonight any quicker changes so you can make money no loyalty and getting worse,payment_issue
im now half way up the plane when i was originally in row 4 whats the point of silver perks when you take them away,general_question
when you go to check in and the one week you need to be at the front for a sharp exit and youve been put out your seat,general_question
also how terrible is it that almost every single flight in this terminal is delayed guess you get what you pay for,complaint
also has the worst terminal at sd airport youd think if they can never be on time theyd fill their terminal w cool shit,complaint
whats going on at mbj longest line ive ever seen in my life not sure well make our flights,general_question
my curly fries were still hot and perfect at the bottom on a takeout order cheers to the jitb on s cooper st in arlington tx,positive_feedback
no i cant see anything about an expiry date in the email,general_question
sure ill do that now just dont redeem it on me,general_question
i won a 1 month ea access subscription in your intergalactic competition the other day and im wondering if theres a time limit for me to redeem the code or if im ok to wait before entering so its not wasted thanks,positive_feedback
reason 1 000 000 why youre the worst,complaint
my service is always on and off ironically when i need it most im having to reboot and reset my internet and its very inconvenient,technical_support
getting really frustrated with lately starting to look around for new cable and internet provider,complaint
have a chance to win their first championship tonight and is out in my cypress neighborhood,general_question
will do,general_question
so my isp really screwed me over so i switched to,general_question
hey why no hd service on tonight,general_question
hi i pay for 150,payment_issue
you cant thats why i cancelled my service,general_question
too bad they are stuck with the worst customer service,complaint
were proud to announce that has connected 4 million low income americans to the internet,technical_support
youre not fooling me i know the typing i hear when i talk to your robot is a sound effect,general_question
does not appear that comcast is too concerned ive heard zero from comcast,technical_support
whats d s,general_question
i received a box i will not open it i ordered nothing,general_question
thanks nick for the reply but you can check my dms i sent previously they wont help,positive_feedback
i did man,general_question
any luck with those new terms,general_question
if i can zero down on our phones thats wht i need but they already said my not able because im not a 3 year customer,general_question
thank you but ive fought with you guys all weekend over dms they wont give me zero down,positive_feedback
if i would have started a youtube channel years ago maybe apple wouldve sent over an iphonex instead of me fighing over zerodown,technical_support
is too late to pre order the iphone x through if i have the jump program,delivery_issue
im starting to get concerned there is no label created for my iphone x yet and it releases friday i hope i get it friday,general_question
how you feel about your customer service supervisors hanging up on a customer telling them to take their business elsewhere,general_question
had 3 extremely horrible experiences at your stores here in melbourne florida absolutely contemplating ending my service after 9 years,complaint
im new to whats a dm,general_question
just sent it,general_question
might be a good idea 2 have working intercoms on flightsflight attendant literally sounds like adults talking on charlie brown,complaint
well done on your award were honoured amp of how well weve done in marks it means a lot to us that our customers enjoy our food,general_question
and the mince pies have all been eaten overall results are on their way,general_question
the best overall mince pie of 2017 goes to the for both the homemade and all butter mince pies congratulations,positive_feedback
and we award the prize of best nationwide mince pie 2017 available across the uk to for the collection mince pie and to for the luxury mince pie well done,positive_feedback
tomorrow we hope to look back through the competition and to share the tasting notes on each of the pies tested,general_question
we look forward to it,general_question
you should celebrate this magnificent competition with some of booths stollen bites they are also a triumph,general_question
aww more amazing feedback thank you so much merry to all,positive_feedback
very much deserved,general_question
this is the most incredible chain,general_question
oh wow those sound amazing,general_question
yeah,general_question
thank you most esteemed team of mince pie testers we humbly accept this accolade on behalf of ourselves amp without whom the pies would not be what they are,positive_feedback
tremendous,general_question
we are proud to be your helping hands at christmas well done onewell done all,general_question
hurrah,general_question
anticipation,general_question
so exciting fingers crossed we retain our crown,general_question
good morning pie makers today has been decreed the final day of the competition as we have covered the breadth of the uk supermarket mince pie landscape more to follow later,delivery_issue
and the results are in scoreboard updated,technical_support
just casually waiting for that big reveal,general_question
so the mince pies are ready to go in to tasting,general_question
the suspense,general_question
good morning pie makers today is day 11 and todays pies are from how will this alter the scoreboard we will find out later,delivery_issue
good to know we had you like this well settle for incredibly tasty,general_question
not going to lie we were sweating a bit at going up against icelands pies over the moon to still be top of the leaderboard,complaint
ok scores are in for todays tasting,general_question
so todays pies are about to go in to tasting,general_question
have to say one or two of the team have had a sneak peek in the box of the mince pies and there was a nod or too,general_question
i guess theres always next year,general_question
clearly youve been saving the best til last enjoy,positive_feedback
good morning pie makers and pie eaters its the 10th day of mince pie tasting and weve eaten a lot today we have mince pies from weve had a lot of people suggest these,general_question
remember there is more pie tasting to come we hope to test your award winning pies on monday,general_question
aww you guys still did brilliantly and youre easier to get to too,general_question
very clever,general_question
simply the bestbetter than mamp s,positive_feedback
and our results are in well done to both and we feel very well fed today,general_question
so here are our selection of mince pies for today looking good and,general_question
thanks boo,positive_feedback
oh we intend to just havent been able to get to a store yet to get some will try at the weekend,general_question
but when are you going to try the mince pie champions mark,general_question
good morning pie makers and pie eaters a rather festive feeling friday and day 9 of tasting today we pitch all butter mince pies against luxury pies could we see a change at the top,general_question
and our team of merry tasters have tasted the results are in today we add taste the difference and deluxe mince pies to the board yum,general_question
so here are todays pies for tasting taste the difference and deluxe both well presented,general_question
good morning pie makers its the 8th day today and today its a double whammy we shall be tasting both taste the difference and deluxe pies this could cause some tension at the top,general_question
heres hoping we stay top of the leaderboard,general_question
ok scores are in for and can you be toppled from the top,general_question
here are todays pies ready to be tasted the merry mince pies,general_question
so todays pies are going to be are you exceedingly ready mr kipling,general_question
good morning pie makers day 7 of tasting today and we have more pies to go through are we all on board today,general_question
tasting continues tomorrow as we explore more pie ranges remember weve only tried your yummy standard pies so far,general_question
no bribery at all rather the case that its a very very long walk to our closest booths,general_question
results are in for the homemade looking pies its all change at the top,general_question
so are up today we are trying the first of their collection today these traditional and homemade looking pies,general_question
imagine making your customers pay more than twice as much per pie for your top range and still only scoring a point higher than our basics just you wait till our deluxe mince pies get marked and on that note drop us a dm,payment_issue
didnt you hear folks can order our mince pies online for home delivery gt,delivery_issue
in the north west maybe,general_question
nah ours will be better,general_question
looks like youre a hard nut to crack mark but were pretty confident the best is yet to come with our luxury mince pies,positive_feedback
we look forward to this in the meantime your results are in for your extra special pies and the rest are you ready,general_question
tomorrow morning mark ours are on their way to you,general_question
so unable to find premium pies our crack squad managed to find extra special mince pies they are about to be judged,general_question
lidl just been to look for your premium pies but we couldnt find any,general_question
when realise theyd forgotten all about,general_question
iceland and spar you are in the competition and will be tested just need to find a way and some time to venture to obtain some,general_question
we were born ready,general_question
good morning pie makers 5th day of the contest today how will the leaderboard change today,general_question
the competition is strong,general_question
dont forget are yet to enter either,general_question
the competition isnt over yet,general_question
we cant wait,general_question
loving the confidence and the pie tasting will continue on monday i dont have my fellow pie judges available over the weekend,general_question
results are in for,general_question
one day people will recall the mince pie wars of 2017 amp we will all recall the way it played out stand by for your score,general_question
well call it 1 1 thennote the correct use of then,general_question
id say the real burn is that our basic favorina mince pies got the same score as finestand there are more in a packand they cost less when our deluxe range clock in then well talk,general_question
passes over the aloe vera,general_question
where is everyone,general_question
good morning pie makers ready for day 4 today we have all butter mince pies how do we all feel about that,general_question
and youre formally on the list pies have just been acquired,general_question
ours are cominglets hope we can snatch the crown,general_question
not sure if youre listening but your results are in looks like your crown is safe for now,general_question
watching enter the game like,general_question
thanks for announcing our arrival,positive_feedback
hey we are ready to give you your score but where are you maybe can entertain us while we wait,general_question
righty we have secured the pies weve gone with your finest they look good through the pie box window,general_question
good morning pie makers day 3 of the mince pie tasting today due to over indulgence of pies today we will be selecting 1 set of pies and these will be from do you feel confident,general_question
you are very welcome to but more competition is on the way including an upcoming entry from are we all excited to see who we will taste tomorrow,general_question
and the results are in score a respectable 6 loving the dusting whilst score 65 current leaders with a slight lead are whos up next,general_question
ive had to pull in a team of tasters to help me we are just tucking in to the luxury mince pies and the all butter mince pies will either unseat,general_question
righty the unboxing have to say the pies look really good,general_question
so how do you both fancy your chances with the current leader results to come this afternoon,general_question
its a co operative derby john lewis partnership vs cs,general_question
good morning pie makers looks like we have some and pies today whos feeling confident,general_question
hold your horses there are others wanting a go too tho for marmalade sandwiches youd definitely win,positive_feedback
the cognac steeped ones scored a good 6 but the shelves were empty of the sloe gin ones want to join the mince pie competition,general_question
you need to get the iceland ones seriously,general_question
2017 mince pie off is go first round underway bring it on,general_question
preston sorry,general_question
just wondering if the station will be open tomorrow morning ssp start around 4am,general_question
that makes two of us see you all real soon,general_question
best treat ever keep on doing good things wish i were flying today instead of in two weeks,positive_feedback
long day at worklong flight for worklong days away from the kids and hubbyreally appreciate the free drinks tonight,technical_support
hey do you do group flight bookings,general_question
awesome job by indy employees who tracked down our bag after another pass took it home made a bad situation bearable,complaint
the last time i had was halloween 2016 so excited,general_question
hey isnt this the cutest burrito youve ever seen,general_question
will they reimburse,general_question
they said they put chips in the bag i get home to eat my guacamole and chips and no chips,general_question
not yet but i will,general_question
happy halloween nothing scarier than unmashed avocados in your guac,technical_support
how are you gonna charge me 195 for guac when you cant even mash the avocados,general_question
the picture shows the rainbow going into too burritos are blessed,general_question
app is not working,technical_support
my future kids better trick or treat for candy and,general_question
found this lovely piece of plastic in my bowl today looks like the corner of a sealed bag not my fave thing to bite into,positive_feedback
im coming for my boorito,general_question
what time does boorito end,general_question
you a real one no tricks just treats,general_question
my 317 costume just saved me 369 at,general_question
aint no chipotle like a 3 chipotle,general_question
3 burritos at everyone,general_question
why is the app not working,technical_support
shout out to tuscaloosa for giving me a free meal for dressing up as a skeleton,general_question
you thought i was joking,technical_support
i love you but whats going on with the queso its so chalky,positive_feedback
so im enjoying my amazing burrito bowl and i find plastic in my food im disgusted,general_question
by no means should this snuggie qualify as a costume for 3 burrito night,general_question
lol when charges you for queso an you dont even like queso,general_question
im in lagos nigeria this week t mobile data does not work in nigeria according to your customer service this is crazy even if not free you need to be global dont sleep on africa can you fix this,technical_support
heres my experience been a customer for years amp just bought pixel 2 phones and tried to add new lines of service based on the offer at but support is claiming the offer ended advertisement says its good until 122 which is it,general_question
dear your new update sucks its insanely hard to navigate can i downgrade please yours american hulu watchers,complaint
we use it through our roku and it happens on every show unfortunately also happens even if you just cause or rewind and then continue,technical_support
can you guys maybe likefix your stuff for the longest time now if you have the captions on it only lasts for one episode wtf,complaint
when will the platform available in latinamerica more specifically in argentina,general_question
too much to detail just go look at netflix ui is no place to innovate any longer just get on board with 20 yrs of evolution,general_question
did u fire the ui team behind the roku app re do yet i want to rip my eyes out every time im forced to use it,complaint
got an email saying my password was changed bt i did not change it asked to reset it still have not gotten the email to reset,account_problem
um well im not ray so not convinced,general_question
has been this way for months doesnt that tell you how much we hate the new experience cant even get a live person twitter bot,complaint
you do realize chat and talk require hours long waits ive been on hold to chat for 78 minutes,general_question
tried everythingnothing worked logged into fox which worked for a while but cost me off in the 8th inning rip off,general_question
this is absolutely pathetic big part of my motivation for signing up was the opportunity for world series sorry i bothered,general_question
hey any particular reason on why my wan address keeps releasing and renewing,general_question
outage in 90815 modem dropped ds connection,technical_support
oh look my internet is out as well im paying you 250month for a blinking fucking light,technical_support
you know what the best part about being a customer is having to find illegal streams of channels i already pay for because the sound hasnt worked on my cable box for the last two fucking days,payment_issue
came home and ondemand has completely changed wheres all the tv ondemand,general_question
nothing u can do now bc its 6pm here tech sched again 4 tmw 10am work depends on internet so v frustrated,complaint
was told no techs available after 6,general_question
cable amp internet out all daycalled cs 4 xsno didnt come today as toldfrustrated af,complaint
i appreciate the response spoke with someone on the phone to fix it apparently my modem was unsure what speed i should have so i got 66,technical_support
soo how can you help me with this bull shit,complaint
sprint always going the distance for youjust like the jeepfrom coast to coast and beyond,general_question
amp she hung up the phone on me i want my money back or else the whole world gonna know,refund_request
is there an outage in the minneapolisst paul minnesota area,general_question
had thee worst service on the planet fam,complaint
fix it because my wifi doing better than yall how please tell me how,technical_support
yo sprint we need to fight or something cus im not about to pay for unlimited data and you giving me ass service like tf is this,payment_issue
no you already got my koney and i had 13 attempts with you i feel sprint sucks and only incompetents work there,complaint
sells phones that are unusable in other companies they can unlock them but they dont,account_problem
when will my lyft drivers stop flirting w me asking me out on dates i will never know,delivery_issue
why is doing this never had this problem before,technical_support
hey how you doin baby is out tonightwanna hook up,general_question
so there is no reimbursement for customer paying extra to be able to watch it,payment_issue
hello victoria currently we have no update at this time nhp,technical_support
the update with already charged for my subscription its a bit ridiculous to ay for cable and have to pay more,complaint
after trying for 4 hours i was told i would get a call back in the morning because the departments have now all left,general_question
the order was not completed because there was an issue regarding my address not showing up in the system which multiple people could not fix,technical_support
its not an online order i tried to make a triple play order via telephone services got disconnected and the order can not be found now,general_question
the order was not completed because there was an issue regarding my address not showing up in the system which multiple people could not fix,technical_support
is driving me through the wall with how the way my pending order is not going,general_question
when i check my voice mail it says that voicemail is not active how do i activate it,general_question
help,payment_issue
been having an issue for a couple hours now trying to signup and now access my new account help,technical_support
your customer service is the most horrible ive experience jeez,complaint
replied,complaint
hi paypal today you have taken what i owed out of my bank and also of my paypal balance you have charged me twice,payment_issue
hi talk me in the private massege,payment_issue
why,payment_issue
any idea how id go about replacing the audio cable that came with my ps gold headset,general_question
let us change our psn,general_question
i purchased a game accidentally and i dont know how id be able to go about getting a refund for it,refund_request
hola lo que pasa esque no recuerdo la contrasea del correo ni tampoco el usuario y por lo tanto no puedo entrar al chat en vivo,general_question
hola alguien de soporte podria ayudarme con un problema con mi contrasea,technical_support
hey does the playstation slim supports 5ghz,general_question
iam do it,general_question
hi iam bught 50 psn card and i lost 2 letter now ihave acard and ican imagine him,technical_support
that seems to have fixed the problem thank you so much,technical_support
i can still get to the apps via the library folder but prefer the convenience of the home screen folder,technical_support
my media folder netflixamp whatnot has been moving down my home screen list and is now nowhere to be found despite using the apps how do i get it back,technical_support
thank you so much,positive_feedback
are online ids permanent,general_question
when are you gonna announce the next months ps games,general_question
how big is ww2 on the ps4,general_question
any info on when we can buy the season pass on the microsoft store,general_question
why am i getting this message when ive already paid for the game,payment_issue
please fix these lobbies in getting lobbies with 7 v 3,general_question
the w less domain of the main site is now outputting an invalid certificate error and giving me an access denied error,technical_support
are the leaderboards down for anyone else on the website not sure what the issue is but theyve been down for a long time now,technical_support
your worst nightmare is here have a spo uka uka halloween,complaint
its only this message i didnt delete any files but is i press ok illustrator seems to open a new file and the old one is gone,general_question
i cant sent the project,general_question
yes but i cant upload it on privay chat on twitter,general_question
so i cant open it in 2017,general_question
oki np,general_question
i send you the file to your email d,general_question
i already updated al my adobe programs,technical_support
i dont know how shareing works,general_question
thx i cant open my project anymore the new version of adobe has a lot of buggs,technical_support
yes but on a different computer but the new computer is authorized with the same adobe id,general_question
the vendor account you entered is not associated with the item you are trying to open when i try to open books with new ade,account_problem
jpg i resaved it 3x out of ps,general_question
can we get back to this still having issues,technical_support
when i enlarge it it pixelates,delivery_issue
sure im out of the office now too thanks,positive_feedback
mk design twitter can anyone explain why when i place my 1920x108072ppi image in my 1920x1080 doc it isnt the right size,general_question
i am on the adobe customer care chat now waiting to chat to someone i want 2 have my original photoshop backi didnt ask for an upgrade,general_question
thank you issue has been resolved it was my error,technical_support
i ran latest update on my macbook pro and in that apps attached to my creative cloud account also updated loosing photoshop subscription,delivery_issue
please help i have updated my softwere and lost my subscription to photoshop,technical_support
how do i report a bug with the groove mobile and web apps,technical_support
think i just need a new controller rb barely works have to press really hard even then it only works 25 of the time,general_question
did this a week ago and then worked fine again but has now broken again wolfenstein is really hard not being able to throw grenades,general_question
do you know how hard it is to play xbox with a broken rb,general_question
will be xbox play anywhere title,general_question
its literally the only annoying thing about xbox i want to play with friends and some of them i cant join games,complaint
can you guys please fix the crap where i cant join certain friends its been going on ever since i started playing,complaint
hey i have some problem with storefront on fm3 servers will be back help us and guys,technical_support
your game is broken bought the pack cant use the cars,general_question
exciting news the ferrari 70th anniversary dlc pack will be launching on 4 and one on october 31st 2017,general_question
whats up with the xb party menu since yesterday i think i cant scroll down it to get to the leave party option,general_question
yes im still getting the problem i dont know if its because i game share my xbox live with my brother but my brother can still play,technical_support
but im still able to play destiny 2 halo etc with live but its only fortnite giving me this problem,technical_support
my brother and i have the game and my gamertag is toxicradiation5,general_question
i cant login because it says your account does not have the correct permission to access xbox live functionalityi have live,account_problem
cada vez funciona peor su pagina los juegos que adquiri no me deja comentarlos ni puntuarlos el soporte en linea no funciona,general_question
how do you take your clips out of the record thing on xbox and put it on twitter,general_question
check out this 3 piece i got for the win,general_question
ive tried lb rb amp x but nothing,general_question
i have an xbox game pass 14 day trial and i want to cancel it how can i,general_question
i cant remember the hidden games,general_question
how do i unhide hidden games,general_question
hi vicky thanks for your response i have dmd you the full details,positive_feedback
bought a printer from you as it is advertised as compatible with mac it isnt i spent from 11am until 8pm trying to resolve this with your staff and got nowhere 16 miles 2 hour phone calls 3 store visits and 1 day wasted can you help me please,general_question
i would like to leave positive feedback but its too many characters so i have attached a picture of my feedback,general_question
there should b laws on 4 who hit their in row 7 were horrible crew 2look away is wrong,complaint
at least then my dad can go home and she knows she can get home when she finally gets to a station,general_question
falsely advertising same day delivery would like a refund please,refund_request
are you selling call of duty ww2 on the ps4 in your irish stores this friday 4th nov,general_question
hey you should monitor buyers like you do with sellers got 7 messages asking for a better deal out of ebay but hey you only flag sellers because the 10 fees right lol,technical_support
trick no treat,general_question
trick and treat,general_question
trikntret,general_question
they just know we all have so many problems,technical_support
just your friendly neighborhood assassin having fun in walmart hey we love candy too,positive_feedback
personal platinum card,general_question
hey can conceirge get tickets to the 2020 olympic games,general_question
someone in ur staff in costa mesa stole my cc since i checked in this sunday not cool,general_question
locks up eyelashes amp glue but not alcohol,general_question
where is my package tracking,delivery_issue
will do cheers,positive_feedback
could you please shed light on 1z5776w10491633299 it is due for delivery today but hasnt budged since last week please advise,delivery_issue
extremely poor customer service repeatedly unbelievable smh,complaint
i will try that,general_question
yes its my correct account for the first 30 minutes only 2 commercials after that 1 every song seems too many thanks,account_problem
why am i getting a commercial after every song should it be after every few songs,general_question
seems off campus users can log in fine visiting works but as soon as you log in it gives the error,technical_support
yes this started around noon est i am on hold with an open ticket as well desktop client and phones work just cannot log into website,complaint
sorry to hear that were not aware of any ongoing related issues our friends may be able to help ct,delivery_issue
having issues where anyone that has logged off of o365 and try to log back in get something went wrong page anyone else,technical_support
i didnt know hair came with the cinnamon rolls,general_question
third time in a row messes up my order,general_question
you guys are the best thanks,positive_feedback
thanks fyi you cant search for it on your site photo and it doesnt state whether it has caffeine or not,positive_feedback
hi does your iced plum ginger hibiscus tea have caffeine,general_question
always something screwed up at this place dont know why i even bother thumbs down,general_question
what if the generator is new in its original unopened box it does not have any fuel,general_question
does anyone know if i can bring a generator as my checked in luggage to puerto rico,general_question
no signal on my modem please fix,general_question
the internet came back up late last night thank you,delivery_issue
same no wifi in ballard when can we expect to have it up again i got work to do,technical_support
nope,general_question
how long is outage for maintenance going to last in trying to celebrate,general_question
i had planned on it but doesnt seem to care what i want,general_question
hope you plan to keep me company next hour standby,general_question
if why wont they do something about these recurring problems cant watch nor download something already recorded,technical_support
my internet is down a week after a technician came out to fix it,technical_support
my internet service has been cutting out every 20 minutes whats good,technical_support
i love how when your support cant figure out my problem they just hang up on me,technical_support
it happens every night like in between 2 4 am wow i appreciate the response damn yall have no type of live for your customers,technical_support
my internet sucks and their is always something wrong with my bill lol its crazy i couldve went to for this,complaint
ive called literally more the 15x and its always about some tower repair reset my phone go to the sprint storeits ridiculous,complaint
my fucking internet just took a these mufuckaz making me wanna snap always talking bout towers and technician n more,technical_support
was thinking of adding another movie channel is there any trail period so i can try it before paying another one,payment_issue
2 maintenance outages in 3 days i work late amp use services late should this be the last for a while or get,delivery_issue
my cable sucks,complaint
why did my x1 box decide to restart itself during the world series 2nd time in week customer support has no answer,general_question
bruh needs to get their stuff together theres nothing worse than the wifi going out during a bingeathon,technical_support
cable and internet goes every night at the same time just want to relax after work,complaint
no need to dm anything philadelphia market test occurred at 0100 and 0110 hours for surrounding counties piss poor planning,general_question
thanks for ruining the end of the game with your weekly test do it at fucking 3am when no one is watching anything,positive_feedback
poor cant make a reliable internet connection im embarrassed by my routers recent performance calling tomorrow sad,technical_support
it would be really awesome if you guys could finally come out with an apple tv app,technical_support
im paying 200 a year amp you cant even automatically tell to activate my league pass,payment_issue
its back on now i will provide that info if you provide a discount,general_question
i dont know my account number and i just called comcast and they said an agent couldnt help me,account_problem
you can help by lowering your fees its ridiculous what you charge,complaint
and its out again this morning,general_question
i have some starz channels coming up but im not a subscriber and i dont want to see charges for this help,general_question
series of lies is getting old i followed you dm me if you want to talk but no more lies plz,complaint
appreciate the set top video box i specifically asked not to have and then told was required for internet service it isnt,technical_support
to see the severity of the issue 2nd comcast service call had supervisor check past convo and wasnt pleased with how it was handled,technical_support
same here ive been getting screwed over for the last 7 months just found out today,general_question
hi there i would love to provide you with my account to review my situation but need to have someone check the recorded calls 1st cont,account_problem
same with 3rd service member about the 2nd was lied to again about when appointment would be tmrw vs tdy its becoming absurd,complaint
has always had touch amp go cust service but 3rd call this week found the 2nd to be lying who discovered 1st was lying,general_question
trying to download stranger things season 2 onto my phone right now and this internet is moving slower than mole asses,technical_support
sent,general_question
no i had the issues during the entire game of the world series gm7 and the rest of the night what the heck,technical_support
thanks for having an outage in my area the entire game 7 of the world series,complaint
booking a flight to dubai via and finding out afterwards dubai wont give visas to the nationality we booked for helpful,positive_feedback
your agents made people check bags because the flight is full yet many people have taken up overhead bins with coats,general_question
whys that if its your phone number charge,general_question
i see some ba numbers are non geographical local rate local price for landlines but mobile operators charge the earth,general_question
were you calling the 0344 number or the 0844 number,general_question
0844,general_question
if this was an after sales enquiry consumer law gives you the right to a refund of the call charges,refund_request
consumer protection regulations have banned the use of 084 087 amp 09 numbers for after sales issues,technical_support
ba has changed to 0344 numbers but has left the old 0844 numbers running and with same ivr options,general_question
the premium rate 0844 numbers fail to tell callers that they can re dial 0344 for a cheaper call,general_question
never ring these from mobile they are way over priced by mbl companys,general_question
so how can i dispute this please my provider makes it clear that part of the charge is with you,general_question
part of the cost is your service charge no one made it clear to me that an alternative cheaper 034 number was available for the same call,general_question
this absolutely did not happen i called the 084 executive club number,technical_support
are you kidding me a 33 minute call to the executive club cost me over 17 thats a joke i want my money back,refund_request
wow youve surpassed yourselves again at hk amp it is heaving 6 priority lanes 5 economy why do this muppets,general_question
that feeling when you find the perfect parking spot right wouldnt you agree,general_question
i dont know you havent responded to any mails for over 2 months,general_question
im campaigning for the refund on the money you stole from me over 2 months ago,refund_request
need to get to philadelphia or jfk airport on saturday morning to attend a family wedding can someone help me with this,general_question
thank you kimbers managed to just make it onto my flight in the end,positive_feedback
been to many airports but this is the worst45m pre security 20m bag drop30min security wbusiness class,complaint
hi im trying to check in online but it wont let me continue without a visa number im travelling to usa so i have an esta,general_question
still no info courier called late yesterday amp no definite eta leave tomorrow amp no no to call ba app has no info vbad service,complaint
im now told my bag is in naples public holiday in italy so your help line not open no info when bag to be delivered what do i do,delivery_issue
yes but all our details were recorded wrong now corrected told case was at gatwick but online says still trying to find,general_question
lost luggage at rome airport ba 2540 not very happy at lack of information on when bag will arrive,delivery_issue
i cant contact my postmate help,general_question
hey can you dm me huge issue trying to get my order today,technical_support
i saw an ad on my twitter for 100 credit if i installed your app i installed it now the ad is gone can i get the code please,technical_support
its been saying this since the 4th any idea why anyone else having this too,general_question
stop changing your story first you tell me ill be receiving 1200 twice and now your saying 100,general_question
1z6e6y548577784432,general_question
thats the number amazon gave me 2 weeks ago after waiting a week for the failure pick up i took it to the fort leonardwood store,general_question
the rolla no store said to drop it off with the tracking numbers and the driver would print out the label none of that has been done,delivery_issue
rolla missouri,general_question
these are the only tracking numbers i have,delivery_issue
dont tell your customers lies like our driver will pick it up and then never show up take the package to the store and a week,complaint
unless u delivering to my door or giving me 800 then u cant help,general_question
thanks for losing my fucking package i want my damn iphone,delivery_issue
my package has been taking forever to arrive amp i havent been given an arrival date and im wondering if you could help,delivery_issue
second day in a row staying home to wait for a package from only to be met with a slip saying i wasnt home,delivery_issue
shot it off thanks,positive_feedback
help your boy out,general_question
hey my account which i pay for has become unmoored from my facebook which im sure is what im registered with,payment_issue
any of yall got cheap flights to scranton pa aka the electric city,general_question
nope 6 hours later and im still on standby trying not to cry in the airport,delivery_issue
my flight is cancelled and the team at seatac is less than helpful more concerned with breaks than customers,positive_feedback
nothin like shopping the new line while employees joke around complain about their jobs amp discuss vomit,general_question
why ask for people to standdown on flight at airport surely in days of social media is ease to ask early,general_question
whats the easiest way to get a refund on 3 market pantry pizzas that were expired my pepperoni was all grey dinner was ruined must be why it was 25 off on cartwheel,refund_request
i cant seem to get in due to the card or payment provider yet i checked my card and it is 100 fine can you please fix this,payment_issue
all clear everythings looking good again enjoy the tunes,general_question
another day im over wells fargo shit,complaint
ive been hanging in there since 7am they keep putting me on standby over and over and over and over again my patience is running low,general_question
im still hanging in there please help me out managers supervisors and gate employees arent helping,general_question
how can i be put on that list do i give you my info,general_question
this is my 5th stand by flighti havent been priority at any of these flights im on stand by again for my 10 10 flight,general_question
flight has been delayed since this morningi am missing events and jobs get me on now please,general_question
is there an email i can message ive been trying to buy premuim for a few days but i keep getting the card bad day error,complaint
i find it funny that your business model is to risk all revenue instead of just giving the same deals to everyone not just new customers,general_question
done,general_question
already gone from cable i can get the channels i want for 50 a month less elsewhere and your people didnt care that i was upset,general_question
no more cable gone tired of their shit,complaint
does this look right its the preboard line from orlando to columbus,complaint
i exactly did that that too multiple times when you redirect to payu the page looks broken buttons dont work app is worse,technical_support
hey exactly when u stopped being great service amp being pain in the a your payu interface is not working since at least 6 hrs,technical_support
sent you dm espn is cutting in and out,general_question
is the map reliable if it is what can you do,general_question
your not answering my question about the map,general_question
also paying for 60 mbs because you didnt want me paying for 20 mbs upcharge not getting it since the updown issues,technical_support
wouldnt you say this sucks tmc didnt have this kind of crap,complaint
thats because we know how to maintain the system and have been for over 40yrs scabs are only creating more noise w degrated services,general_question
seriously you guys need to get your crap together internet up and down for days in texas,complaint
add lyrics to all songs on ur app pls apple music can do it u can too,technical_support
one of my refund request has been active for a week and the money still has not been put on my card,refund_request
how long does it take for a refund to be completed and money to be put onto the debit card the payment was on,refund_request
hello there i need help with the use of an administartors name and password on my imac,technical_support
dl the latest ios today very laggy 6s phone is running like hammered dog shit since the dl,complaint
will do thanks,technical_support
every time i watch a live broadcast or video it skips or repeats a few seconds since updating,technical_support
can your team let me know why my new iphone 6 always has hanging problem i do not know what the problem is by i know i feel i am cheated by apple for phone do i,technical_support
so incredibly annoying that you dont work on roku,complaint
i dont know i need the space though how do i get rid of some snapshots,technical_support
its slowing down my mac a lot,technical_support
i have 256 hd and timemachinesystem is taking up 150gb of space i only have 25gb free is it suppose to work like this,technical_support
thank you,technical_support
no imessage as well i,technical_support
ios 111 should never been released so many bugs the statusbar randomly disappears in facebook app,technical_support
i cant believe that amp has not fixed the vowel text issue its very annoying and takes extra time to write something,complaint
thank you,positive_feedback
hi just a query on how there is a late arriving aircraft when the flight is just over 24hrs away this this a glitch,delivery_issue
that was at bag claim same thing happened to my other bag last week tell those bag handlers to chill,technical_support
hey seriously,general_question
im allergic to people abusing the preboard line does that qualify as a disability alist preferred business select here,general_question
oh my god im so embarrassing why do i always send voice recordings in imessage by accident do you know how embarrassing that is,general_question
hey why did you give our plane for flight 783 to flight 773 our flight was scheduled to leave first,complaint
lancaster store,general_question
i think ive found the winning twirl please let me know what the prize is on a serious note what is this x,general_question
only 8 attempts to open the twitter app and complain about the ios 11 messing up my iphone 7 this is slowing down my life,technical_support
thank you,positive_feedback
the flight destination signs are showing minneapolis through to san jose is this a fuel stop,general_question
i dont understand the decision to swap to a smaller plane with less fuel capacity to sacrifice this flight for the san diego one,general_question
whats the likeliness of this flight getting cancelled,general_question
where did you send it guam,general_question
why did flight 783 just post a two hour delay,general_question
thanks unplugging stuff will be logistically difficult would it work if i just went online and triggered a reboot thanks,positive_feedback
hi there is out on my cable in austin this might be the only station affected thanks in advance for your help,positive_feedback
you suck raise my bill twice since june internet goes out almost daily never had such awful svc from any provider,complaint
went to get the new iphone 10 today and your sales rep wouldnt even take the time to look up from his phone to help,general_question
email,payment_issue
please read my message to you on facebook and call me before i go back to the fca the media and your ceo,general_question
nope just wanted to let you know,general_question
i just wanted you to know your internet is trash 3 22 in the morning and its slow as f,technical_support
yes that is only 27 miles from my house so its not too far and the mobile home parks that are across the street and right behind us they get spectrum im wondering how are we too far they are both on south street too,general_question
thank you for your help i really hope i can talk spectrum into bringing your services to my area especially with the mobile home park now turning into a family community and dsl and satellite internet really wont cut it for families and i really hope the higher ups see this,complaint
how do i get you guys to bring wires my way,general_question
when will cable come to my area,general_question
we had the best employee ever finally show up,positive_feedback
yes he reconnected everything properly and explained everything to us,general_question
by far the shittiest internet provider by far always goes down on the weekends,complaint
your installer did this friday afternoon yet here i wait with no service still,general_question
maybe someone from will show up for the actual appointment this way calling clearly doesnt work,technical_support
i am owner of the account i have created this folder some time ago i realized that ive been cut out from it,account_problem
hi i problem with one of folders on my account for some reason i cannot edit it see attached photo,technical_support
im not sure you can the remote only works half the time my channel options suck,complaint
i now have spectrum at my condo in kauai they suck i hate the channels options and the picture quality is bad,complaint
3rd time in a row i have been told to submit pir and asked for feedback no action on my damage compensation claim request rather same reply as if you have linked our mails with auto reply bot,general_question
please find pir,general_question
please find appended latest case no3rd one with pir,delivery_issue
please ask them not to share those regular mails asking pir again and feedback prior to resolution of case this is happening 3rd time with me,technical_support
i did that please let me know if some thing is still balance to be submit all this while i havent received any call from your local support team to update about progress or discrepancy about my case,technical_support
3rd one filed again with all pics as desired,general_question
just did that again,general_question
dear kindly go through my mail communication link with you i have submitted pir and waiting for reply what else i have to do,general_question
kindly go through the mail i have received from you asking to submit pir and snaps of damaged luggage how come the case can be closed without taking my consent or compensation by merely replying on mail,general_question
please see my latest mail from where i have been told to submit pir and in reply i am getting disclaimer that my case has been closed without even informing me,delivery_issue
baggage broken by rude mishandling of ground staff from delhi to goaawaiting response,general_question
just phone numbers not available now why is it so hard to just put an email address there,technical_support
chat doesnt seem to work in germany on the order page i cannot leave comments,technical_support
dear i have an online order which i never received who can i talk to,general_question
i login with facebook email but i think my email account for spotify is my old one email that is now defunct what can i do,account_problem
will changing my password stop this person from using my,account_problem
today mrng allready again submitted,general_question
all ready re requeated,general_question
when u r side face the same problem that time u r know my pain,technical_support
i need an actual human to help me,technical_support
havent forgotten it just isnt accepting i tried the process for forgotten id anyway amp it times out every time before i complete it,technical_support
suck upgrade phone amp i lose my apple id cant get new id without old amp cant book genius bar help appointment without id,complaint
sorry there was poor internet connection you can now if possible,technical_support
yes please,general_question
you can call now,general_question
call please,general_question
i didnt keep the packaging but have my receipt it was the store on lower addiscombe rd would like to know what can be done about this,general_question
i dont have a nectar card and im a bit shocked at that response to just give out some points when one of your loyal customers could have potentially bitten into a large disgusting insect in one of your products,general_question
love it when i buy a chicken salad sandwich from and theres a giant flying ant squashed inside it didnt see that on the ingredients list pretty disgusting and traumatising stuff sainsburys care to explain,positive_feedback
hi robbie picture of our receipt attached for you both meals came out the same with no other veg apart from overdone soggy brussels simon,general_question
hi robbie no need for nectar points we just want to get something reasonable to eat before we do our shopping i know its not going to be exceptional but at least be reasonable and match as advertised each time the customer service also needs to be improved there simon,general_question
minimum effort on the turkey lunch at bicester today not as advertised im afraid,general_question
i have windows 10 i do not remember making any changes myself but i did take the computer to a store to get it cleaned up how could i get those troubleshooting steps,general_question
i just checked and the computer says i am the administrator on my computer,general_question
i sent a private message describing my problem,technical_support
i am having a problem with my computer games i just tried playing 3 of them and a message came up saying game could not intiate some of my other game do not load at all or a message comes up saying you need administrative access plz help,technical_support
couldnt find anyone very annoyed by their antics,general_question
no one came through before we got off at stafford i pity the passengers who had to put up with them still on train to london euston,general_question
rather have a refund for ticket for the station staff allowing ppl drunk on the train in the 1st place racist foul mouthed louts which scared the kids on the train,refund_request
so you dont have a duty of care for your passengers then these 2 wouldnt have been allowed into any other premises with their behaviour or would have been promptly removed,general_question
thanks for ignoring my reply,positive_feedback
where are they located on train,general_question
any chance you can do something about the 2 drunk ladies causing havoc on the 1747 from liverpool lime street to london euston abusive to fellow passengers amp general behaviour leaving a lot to be desired,general_question
im in greenock and ive tried value stuff and its not cheaper for nothing dreadful stuff,general_question
youve got plenty of easy cook rice its the regular kind im looking for,general_question
ive given up on long grain rice non easy cook version ill go to sainsbury for it,general_question
thanks rm blurays play fine these dvds also play fine on original xb1 and other devices the discs arent dirty heres a video my guess is the xb1x isnt handling some form of macrovision correctly,positive_feedback
i will try but to be clear it is only the bluray app doing this games and other activities on the xb1x are fine ive also noticed the audio is out of sync with the picture when using the bluray app again only this app not forza or anything else,technical_support
i did no they did not i also deleted and reinstalled the app i dont believe it is a tv or video output issue in general as all the games are fine it is only the bluray player app which does this i think the app is not handling macrovision or something,complaint
though the ps4pro is not for the same reason as with xb1x it is connected to the tv for 4k output,general_question
hi jl why thank you i am not given an automatic resolution option unfortunately but i set it to pc rgb and it works the dvds play back fine now even with resolution still on 4k thank you kindly what a champ what is colour space out of interest,positive_feedback
terrific thank you,positive_feedback
hello on my new xb1x many dvds play horribly audio and video goes on and off unwatchable yet all else works fine and the dvds played fine on original xb1 also ps4pro any ideas bluray player bug,technical_support
ok thanks,positive_feedback
sorry to bother you again if there fixing it will the games be on sale longer,general_question
if the black friday games sale ends monday and if the games say 3 day remeaning is that it or will they be back on sale again,general_question
your messing some games nba 2k 18 legend edition was on sale now its not,general_question
great tired to buy a game and it says service is unavailable,positive_feedback
ups supposed to pick up a return package yesterday and bring return label never showed,delivery_issue
when you cant get my prime order to me on time what happens i needed it on time its a gift your courier not up to the job,technical_support
hecho el procedimiento lo que me interesa y exijo es que sea devuelto mi dinero puesto que jams he adquirido algn articulo por este medio,general_question
exijo mi reembolso inmediato ya que yo en ningn momento solicit dicha membresa prime hubo algn error solucin inmediata,technical_support
cancelacin de membresa amazon prime y reembolso ya,general_question
hasta que al fin lleg,general_question
hasta que al fin pude comprar algo en,general_question
my original echo some time say things without asking here anything this is really wired and creepy and scary,general_question
well it says arriving today but honestly i know thats fake as looked last four days and its still the same then,general_question
thank you but unsure how thats going to help as just says put for delivery and arriving today when i know it proberly wont,delivery_issue
okaywhat information do you need to be able to help then,general_question
the last update was on 22nd oct saying its out for deliveryyou cant tell me it take a over two weeks to deliver,delivery_issue
i have re ordered one and going to see how long this one takes and then cancel second if not here by time that one gets here,general_question
i know its nearly xmas but seriously i ordered a book from due to arrive 23rd oct and still dont have it or know where it is,delivery_issue
why do i pay for 2 day shipping and its going on 4 days,delivery_issue
pls investigate ur satara maharashtra amzn staff or ur reputation is doomed in the region in long term,general_question
needs to figure its shit out my phone wont stop freezing amp closing apps,complaint
no my photos arent gone why are there four five actually one isnt pictured albums in my photos all labeled twitter,technical_support
what the fuck,general_question
lil help,technical_support
so it cant be disable umm ya problem comes oftenly when my iphone just woke up kindly please gimme some advices to heal that issue,technical_support
ya i did that way like 3 4times for make my screen finally worked out whats the causes anw what tips to prevent it wont happen again,technical_support
okay ill message soon thankyou for your help,technical_support
yalately my screen was disfunction for touch after its been restart i couldnt enter passcode yet homebutton still figureout my fingerprint,delivery_issue
is that safe if we disable passcode for unlock iphone i mean is the fingerprint still worked out i think dat would be enough,technical_support
yes i just did that today,technical_support
oh my god thank god i thought i was losing my mind,technical_support
btw its still doing it,technical_support
if you look above you can see what im a talking about i clicked the letter i and it still does it,technical_support
hey whats going on with the letter i when i start to type this happens below,technical_support
let me enjoy the 11 first mfs,technical_support
wtf yall got going on with my emojis im seeing boxes and shit,complaint
fyi folders no longer show folder names after update unless folder highlighted,technical_support
thank you,technical_support
this is the second fishing email that i have gotten in 2 days,technical_support
since upgrade to high sierra i see this screen each time my imac reboots thus defeating automatic login i need help,technical_support
i bought 2 iphones x on friday but i dont see any charge on my credit card do i should worry or its normal,technical_support
hi i cancelled an item today but the money has not shown back up in my bank yet can you tell me how long it takes,payment_issue
just got kicked out of this guys car because he didnt want to drive me home insult to injury you charge me 7,general_question
so how about my goddamned money,payment_issue
remedy amp please refund my 5 thats breakfast money tomorrow thank you,refund_request
this was our driver she was so rude and tried to sell us fishplates during our ride,delivery_issue
me and my good sis had an issue with a driver recentlycan you please help,delivery_issue
am i going to get a refund,refund_request
i have already use these alternative a few days ago and havent had any answer yet,general_question
i will,general_question
i all ready send the dm,general_question
were can i receive attention im a restaurant owner in queretaro mexico and i want to work with your apo,general_question
how about your drivers in london dont cancel on you after 15 minutes of being on the way then charge you anyway happened several times,delivery_issue
uber is your ride to anywhere get the app and get around easier,technical_support
do you have a customer support email,general_question
stuck on the tarmac for one hour in a hot plane flight dl2170 from slc losing thousands on a business deal in la unexceptable,technical_support
been a long afternoon in the airport sorry if i sound bitter,general_question
missing my entire halloween with kids because cant find a flight attendant for my flight home,technical_support
can 2 people travelling on the same booking pool their luggage allowance,general_question
fasho thank you for the help,positive_feedback
thanks 4 the speedy response but i think i discovered whats going on does the desktop app have a way to play music from personal folders,technical_support
cant access my account annoyed that i have to tweet to get tech support for a service i pay for,payment_issue
i have now tried a different computer on a different network with a different browser edge amp still cant push play,general_question
no problems with ios,technical_support
tried an incognito chrome window no change work has blocked in firefox,account_problem
chrome web player on dell laptop,general_question
my web player is stuck in a commercial play isnt an option tried clearing cookies etc nothing helped,technical_support
android 601 and spotify version 8425771 armv7,general_question
not sure why the app has been slow to load and glitching music for the past couple months samsung galaxy s5,technical_support
with spotify open both on my computer and phone i added a local file to a playlist on my computer,general_question
on my phone spotify didnt show the song that was in the playlist but instead asked me to browse for music to add to my newly created,general_question
playlist i only want that one local file visible in the playlist it wasnt until i said download that the song appeared,technical_support
itd be helpful if it showed the song greyed out as its not on the phone yet and simply gave me the option to offlinedownload the song,positive_feedback
checked the three dots and saw the download option and then my song appeared it works but it feels hidden thank you for your interest,technical_support
you guys trying to make it harder to load local music browse for music show me the song i added instead dont bs users,general_question
shout be in india soon,general_question
added india,general_question
why arent you available in india,general_question
have done it now cheers,positive_feedback
can you possibly follow me back so i can send you a dm,general_question
hi can you please provide me with an email address that i can contact about my flight booking and cancelation,general_question
can you follow me back so i can private message you,general_question
thanks all sorted,positive_feedback
flying to ny adding passport details but keep saying error never had this problem is it cause my lead passenger should,technical_support
wont respond to my tweets bc they cant fix my problemunderstaffed perhaps,technical_support
oh why am i not surprised that ive spent over 1 hour on the phone with a rep who keeps arguing amp cant resolve situation,general_question
i received a new gatewaymodem amp installed it now my bedroom and media room will not connect to cable help,general_question
whats going on with the service in chicago when will it be back up,general_question
its really stupid that we pay all this money for our phones and we dont get signal where we live,complaint
i hope yours works better than mine for the 2nd time mine died,general_question
got my popped in my sim amp it worked no problem lets rock,technical_support
wow how can you refer me to apple and not fix my problem after 15 years not 1 bill cycle,complaint
ive talked with you trying to see what neville has to say,general_question
hi neville will you ever update this area i have constant dropped calls here,technical_support
i dont like the the new livery,general_question
landed in charlotte at 7 11 pm its now 7 52 without any luggage or staff in baggage claim or belt movement hello,general_question
home please,general_question
fantastic job by the staff at to get us on our way to the championships thank you,positive_feedback
taking off from clt to den almost 2 hours late had to board a new plane bc the other plane broke im sick amp need to get home,delivery_issue
found the feedback site thanks,positive_feedback
hey this is great saw this at when is this coming to an airport near me,positive_feedback
i would like to change my name on my account to my married name how can i do this email address not working,technical_support
it pays to read the fine print well done and thank you,payment_issue
thx,general_question
why does your app tell me it cant connect to your supercomputer i want to order some burritos,technical_support
how are you fixing the issue,technical_support
went to go get my burrito tonight and they told me they dont serve chorizo anymore smh,complaint
crying bc i forgot about booritos,general_question
finally found my companion amy pond time to go get some booritos at delran,general_question
2 years in a row i want to order chipotle online and its halloween and they turn their ordering off,general_question
all i wanted was for my break at work and now im going to have food but no break because of the halloween line,general_question
thats a thing do some poor souls really not know you can get two proteins at,general_question
this fruit about to slay some veggies,general_question
see you soon bb,general_question
when they be hookin it up thanks,positive_feedback
psa 300 burritos at chipotle if you dress up for halloween,general_question
people eating without a costume look so out of place on,general_question
got my 3 booritto best promo ever thanks,positive_feedback
this has happened to me twice they hate us,complaint
and i each got one it makes me happy not have to cook dinner thanks,technical_support
line is ridiculous lol but im always here on halloween lol,complaint
when you go to in a costume for a 3 boorito and you get charged full price,payment_issue
dressing up to get booritos was totally worth it,general_question
ilysm thank u for this 3 bowl happy halloween bae,technical_support
got rid of chorizo if anyone needs me ill be locked in my room listening to sad songs on full blast to hide my sobs,account_problem
fix your app im hungry,technical_support
is it still 3 if i add queso and guac to the boo rito,general_question
having anxiety bc i dont have a car to go to for their 3 booritos at school,general_question
installed a new yellow cratridge but it is not printing,general_question
i cannot get the printer to fax from my computer,general_question
i absolute hate your streaming service it literally never works when you want to watch something such a waste,complaint
i use roku and no other streaming is impacted i am watching cbs all access right now this is solely a hulu issue,technical_support
no i switched from your app to cbs all access due to the issueit was also an issue this morning at 5 30 trying to watch the news,technical_support
i will check that when i get home tonight,general_question
at what point can i expect to watch a live program without buffering every few minutes,general_question
i try to like and i dont want to cancel but theres nothing to watch can even watch dragon ball in english thats awful,complaint
you guys are having a utf 8 issue with your text in your android app,technical_support
my stuff still doesnt have my favorites it actually mixes my recently viewed and favorites would screenshots help,technical_support
your keep watching isnt functional i added several to my profile and some show but also other ones that i didnt add show up,general_question
why does your tv listings confuse the channel for the world series tmz sad,general_question
about 36 hours now meanwhile relatives on the other side of town are getting theirs back any eta now,general_question
5 lines for 100 better rate then but im a fan of what more do you have got a cool ceo,general_question
all im saying is that i prebooked first day because i was promised a date which i liked i got 7 lines on my act keep your,general_question
if i dont get my prebooked from by november 6th as promised by the store im switching to or,general_question
lol for the eighteen thoudandth time this is not my phone because there are 2 iphones and 2 androids and it effects them all smfh,general_question
are you getting dizzy yet because you seem to be running in circles,general_question
a customer should not have to go through so much just to get adequate service that they pay 300 a month for unacceptable,complaint
pretty funny stuff guys,general_question
earlier today,complaint
oh again why the other two times today wasnt enough,general_question
hmm interesting cause ive had that done twice now lmao,general_question
i still have zero service and power has mostly been restored this is unacceptable in a day and age when most people only carry cell service,complaint
can we begin an investigation into why has failed its ri customers during an emergency and power outage,general_question
i like how i pay for unlimited for the fastest 4g service but after a certain amout of gigs used apparently it slows down cool,technical_support
well how come there are people on here whos have shipped already,general_question
my iphone x said deliver date of the 3rd when i ordered it however it still says pending when checking order status,general_question
yes mine,general_question
anyones iphone x shipment still pending for,delivery_issue
well i just tried calling you guys but it automatically fails i had this problem an hour ago and its back just messaged you,technical_support
never mind i cant even send txts,general_question
the sad part is im at my own house and everyone else that i live with has service,general_question
i broke my phone and yah insurance clam thing giving me the run around,general_question
im finna call you,general_question
mane u bullshitting we most deff can yo ass just dont got a license and i hate driving that whole way,complaint
man fuck that lets leave tonight this phone shit got me spicy and ill fill yo tank up lets hit the road,complaint
whats popping on o block tonight,general_question
i been going thru all lame shit with sprint all day yah gay af,complaint
wireless customer service had to cancel my online order im at the store now trying again,general_question
as a user but not owner on a business account the process of ordering a new phone has been extremely frustrating,account_problem
what is it you want me to do,general_question
and the chat window closed,general_question
its on the outside wall every connection is tight,technical_support
done,general_question
apparently not im back in a hold queue on the secured link,technical_support
no i have not,general_question
im sick of being on hold with your online chat fix your chat process oh fix my fios while youre at it,technical_support
we have but youre not available here wish you were,general_question
ive had no comcast internet or tv service for days now but i have a verizon phone can you help me watch the world series game,technical_support
i closed the chat in twitter on my iphone tired of consuming my battery for no response,technical_support
the psn store is undergoing maintenance and has been for over 12 hours,general_question
does netflix on ps4 pro utilise hdr the netflix app on my tv has a hdr badge on it and looks better than my pro app,complaint
how am i able to preload cod ww2,general_question
i keep getting playstation error code ce 33992 6 tried restarting ps and router still nothing just want to play overwatch,technical_support
but i didnt get email,general_question
i get error ws 37338 4 when i try to log in,technical_support
this is the second time i been giving the run around by one of yall employees if their not trainedwhy are they working,general_question
went to three locations looking for a working atm finally gave up and paid the surcharge at another bank get it together,payment_issue
stays sending me new chase freedom credit cards clearly i have a problem,technical_support
took me 5 mins amp a hotspot to tweet this,general_question
wow bro my service has been shit all fucking day like its never this bad wtf,complaint
you know all the networks are great now what the fuck year is it 2001 fuck you and your shitty 3g one bar,complaint
bruh be blowing it with this bum ass service,general_question
hi you added a telephone to my bill even though i didnt ask for it how can i cancel it,payment_issue
no internet service since 1029 2 days straight cust service gave estimated restoration times now they say they just dont know,technical_support
its 1313 or 313 it gives me an error message that says theres an issue with the channel ive been trying since about 4 10pm,technical_support
whats up with att sportsnet in lv right now i would sure like to watch the hockey game,general_question
too little too late should have hired employees who do their jobs for customers who pay full price,delivery_issue
nice try those well trained workers caused my outage amp your phone rep mustve had a bad day goodbye hello,complaint
my cable amp internet are out amp these guys are getting paid double time to fix the problem but they arent doing anything,technical_support
if i was home id watch it on my tv this makes no sense i would love 2 b able 2 watch one game,positive_feedback
on the air atamp t sportsnet cox 3131313 directv 684 u verse 7571757 centurylink 7601760 fox sports radio 989 fm1340 am,general_question
thank you for the help,positive_feedback
ok thank you for your help today,positive_feedback
no help at all from really fucked up my weekend,general_question
thank god for never again will i or any of my family bank with worst bank,complaint
ahh gotcha can you assist,general_question
sadly we are unable to seat allocate on these sectors tristan as those flights are operated by virgin america,general_question
5271 amp 5272,general_question
thank you tristan and do you please mind specifying which flight this request is for,positive_feedback
ybcfvk closest to the front is preferred flying scares me and theres a lot of turbulence in the back,general_question
hi tristan may you please send me your six character booking reference along with your seating preference,general_question
thanks is there a way to do it online dumb american here without an intl phone plan dont judge me,positive_feedback
hi tristan please phone our guest contact centre on 13 67 89,general_question
hi i am trying to confirm seats for a flight i just booked can you help with that,general_question
hi i havent received anything in terms of credit for my 6 hour delay on monday please reach out,general_question
i mean tuesday,general_question
hi i never received an email today,general_question
how do we get notified,general_question
k i sent a dm but waiting on a response,general_question
hey delayed for 4 12 hours from a 7 30am flight so had to be here at the break of dawn can you hook us up with some credit back for this ridiculous,complaint
the virgin america ground staff are dressed up for halloween and are playing tunes like mcr amp the harry potter soundtrack,general_question
yes theyve reset all of the tvs twice this is the second straight time this has happened in the last two weeks,technical_support
im sitting in first class and none of your live tv channels are working for game 6 of the world series,general_question
i did but elevate line says i need to call alaska and vv my elevate gold is in pnr,general_question
are mcs and first upgrades for elevate gold not available on a flight booked through as but on vx metal,general_question
please dont tell me this is a fried plaster in my chicken,general_question
glo couldnt give me a reply from first complaint from jan 11 till may 2017 glo is really fraudulent,general_question
cpc expects more from businesses like even now this consumer deserves an apology amp explanation consumer is king for real,general_question
hw is now robbing peter 2pay paul wht an unfortunate company is glo network i reported illegal deduction still ongoing,payment_issue
ive been on this issue for almost a year amp very sad d regulatory authorities allowed this illegitimate deduction continues wt no checkmate,technical_support
after initial illegitimate deduction of which i reported alas no solution i loaded 1k glo deducted complaint no response,general_question
thereafter i loaded again with total balance stood at on early hour on monday 29102017 i inserted d sim to load,payment_issue
this is over 10 times u people have been asking 4my number with conflicting responses frm so amp d likes 08054117690 u must refund my money,refund_request
hope authorities can see the mode of operation of glo network i am not surprised at all but i believed the regulating authorities is noting,complaint
ok o,general_question
you is robbing peter to pay paul what an exploitative network over two to three weeks now no feedback nor response from you people ole of highest order barawo kwai,payment_issue
some of the network providers behave like an emperor amp cheat on the average nigerians knowing to enrich themselves at the expense of masses,general_question
telling me 2check back when this is a great disappointment 4us in nig wt such a feedback 2customer rather 2update telling me 2 check back,technical_support
ive been on dis issue wt 4almost a yr bt disregarded amp instruction wt lies unfoundedu must return my money,complaint
up till this moment you are still escalating you is robbing peter to pay paul what an exploitative network over two to three weeks now no feedback nor response from you people ole of highest order barawo kwai,payment_issue
you people i mean shld just embark on wasting time of checking to buy time with already calculated results of nothing at last,delivery_issue
on checking my acct bal i met again before loaded meanwhile this line has not been active neither inserted into any handset,general_question
im calling d fedgovt of nig under d leadership of president m buhari 2call all authorities incharge 2rescue nigerians frm glo exploitation,general_question
it wont be fair if president m buhari is fighting against corruption but allows glo to be exploiting nigeria masses to enrich herself,general_question
now is giving the same excuse gave on nov 1 2017 for system upgrading do we really have a regulating authorities monitoring glo network pls glo return my money,refund_request
if govt of the day wants people to have confidence in them the security of citizen must be guaranteed from all the network providers glo started deducting my money illegitimately since last year december till now still continues reported this case to ncc but nothing was done,payment_issue
recall this is the 13th times given out this number to you people especially tt,general_question
08054117690,general_question
i believed glo is not bigger than regulator very unfortunate loaded again after insertion frm welcome back i met 09k no callmesg,complaint
pls attention of glo amp ncc was called on illegal deduction of my account till now no soln,account_problem
i got it sorted out after multiple phone calls and failed chat sessions those were horrible btw,complaint
ive had nothing but trouble with 23 of my orders this month and im starting to doubt my continuing my prime membership,general_question
hello so how do i contact someone if i cant log in im really concerned about what is happening with my acct and who has access to it,technical_support
thank you,positive_feedback
that just takes me to the log in page i cant log in as i can see from my audible acct that my log in has been changed to a yopmail acct,account_problem
im uk based are the contact details the same,general_question
it looks as though someone has changed the email address linked to my acct amp i can no longer log in help,account_problem
i appreciate the quick reply,technical_support
haha has been sneakily charging me 999 since february for a service i never use 90 gone thanks,positive_feedback
love you,positive_feedback
not here pissed,general_question
had a package scheduled for delivery today and it didnt come im not happy,complaint
what does this mean,general_question
solved thank you,positive_feedback
under the same order id another product of 617 was delivered paid 700 asked to add the balance to the wallet same thing not added,delivery_issue
order id ending with 5148337 i paid ur delivery guy 1000 rs for a 690 rs order asked him to add 310 to wallet y s it not done,delivery_issue
well i was running 1103 and now 111 issue persists,technical_support
im having the same issue just started today,technical_support
hey whats up with this new autocorrect happening on iphone 7 plus and iphone 7,technical_support
its showing its connected and the battery is decreasing,technical_support
i got my phone yesterday and its already not charging thanks,positive_feedback
my iphone is so damn glitchy not sure this upgrade to the 8 was worth it i cant even send pictures,technical_support
can i undo this ios update this is horrendous and dealing with phone frustration during 75 of my 150 mobile uses each day is not acceptable,technical_support
my 7 refuses to stay on wifi calling ever since ios 11 and im seriously so over the customer service,technical_support
ios111 consumes battery pretty fast,technical_support
111twitter20,technical_support
thank you so much im just happy about the release of the new update and the 3d touch multitask is back again,technical_support
bienvenida sea la multi tarea al 3d touch en iphone gracias,technical_support
the new update is making my phone so funky check out the emoji and the letter i is there a fix,technical_support
whats up with typing the letter i it wants to be an a and a box with a question mark,technical_support
i bought an itunes gift card worth 15 a week ago and the email still hasnt come into my inbox to tell me the code help,technical_support
okay i updated my phone the newest version,technical_support
i have 1103,technical_support
hey apple what is going on with the iphones every time i type the letter i i get a symbol which you see right now,technical_support
my screen is lagging my apps are all glitching your new screen updates are slowing my procesing speed down yall are killin me fr yo,technical_support
hey just wondering why this new update has had my phone going bananas all day so far please enlighten me,technical_support
ayo fix this whole question mark box ting dem shits annoying,complaint
i bought an iphone 8 with applecare wanting to return the iphone 8 what happens with the applecare,technical_support
but would it work with another phone brand like lg galaxy phones,technical_support
does the person you send it too also have to have a iphone to see this i see it on my phone,technical_support
why are my i s changing into i,technical_support
thanks but thats about two hours too late,delivery_issue
so your support team gave me bs answers and then refused to speak to me paypal didnt goodbye hello,payment_issue
its not you guys its only they have terrible and i am tired of it,complaint
we dont just want we want you to get our orders correct,complaint
our customers want convenience and were delivering literally,general_question
1 that makes better than u when somebody throws up in a drivers vehicle they remove the rating especially if they have to,delivery_issue
wish i could give uber drivers 5 stars while simultaneously giving the app a 0 star rating for giving the wrong directions,delivery_issue
can you bring me a bottle of sparkling ros,general_question
i accidentally picked up the wrong order from my lobby can you help i can deliver the food if i have an apt number,general_question
i submitted again through the link you provided me,general_question
when will you update your in app location services for edmonton alberta canada uber drivers never find our area maple crest,delivery_issue
my app isnt working whenever i try to check out,technical_support
thats the spirit order witch ever fall food you crave with,general_question
i waited 20 minutes for a ride driver around the corner the whole time no 500 fee please,delivery_issue
it just doesnt make sense,general_question
uh we order through and the guy didnt fill the cups we paid for drinks but only got the cups,payment_issue
not the but dinner and service on flight 820 tonight is pretty darn good,general_question
thanks to going above amp beyond i was able to change my flight to go directly to florida amp have the chance to say goodbye to my grandpa,positive_feedback
i thought id have to get on my return flight and then stay in the airport overnight to get the next flight from lexington to florida,general_question
while on vacation i got news i just never expected to hear amp i have been scrambling amp freaking out about how to get to florida from here,general_question
because of the change my sky miles now says the flights werent eligible can this be sorted,general_question
thank you for getting us on the next flight out of lga with only minutes to spare at the gate we will make our connection,technical_support
here is this pop up that keeps coming up,general_question
im new at this how do i delete and whats dm,general_question
help on my spotify card please,general_question
my spotify premium stopped working,general_question
done but disappointed this post has been running since 2012 and nothing has been done about it,complaint
when will you add an explicit filter my kids dont want to hear those songs,general_question
okay sent,general_question
yes the music works fine no problem just the lock screen functionality has completely disappeared,technical_support
ios 1103 and the spotify version is 8425,technical_support
i have logged in to multiple devices as well all iphones with ios 11 updates same problem,technical_support
then after about 5 hours it glitches again,general_question
yes it is a constant problem on the ios 11 update like i said im not the only 1 encountering the problem,technical_support
please fix asap i hate apple music i dont want to use them,complaint
thanks if you want to see the finest release notes known to man check out the argos apps release history they add brand value,technical_support
love these detailed updates from so great to download nearly 100mb of each week or two,technical_support
im trying to correct a name on my ba booking can this be done over phone frederick on passport but freddy on booking,general_question
need to change my seat on lhr cph for tomorrow but have an aa ticket how can i do that,general_question
hello ive booked an american airlines flight operated by alaska will i still earn ba tier points on this flight,general_question
do i have to fly a certain amount of flights on ba planes to obtain a status in executive club or could it also be on aa,general_question
flew the other day best safety video ever,positive_feedback
i tried to purchase food bacon bapsandwich and drink for my 3 children but they ran out we were in row 14so they had nothing,general_question
flight ba0471 3 hour delay on tarmac with loads of kids onboard no fooddrink provided,general_question
s safety video is the best thing ever,positive_feedback
that feature used to be there not now,general_question
dvr will only let me add max 30 minutes to the 3 hour broadcast seems reasonable probably wont miss anything,general_question
hows that research going my internet still going down regularly,technical_support
for the last two weeks my connection periodically goes down for 4 5 minutes at a time ive rebooted my modem regularly amp your tech support hasnt been able to help,technical_support
no service for over 24 hours im disappointed in your customer service and ability to resolve this issue,complaint
cable been out since i got home yall trippin,general_question
hi there i sent some dms and need some serious help with my bill and autopay issues thank you,technical_support
thinking of leaving tmobile for amp t,general_question
looking for the best deal on an s8 i8 or htc u11 longtime verizon customer,positive_feedback
i currently have verizon and due for an upgrade they wont give me a deal give me a good deal and i switch tomorrow,general_question
why is your network sucking in the middle of nyc tonight,complaint
yall just pissed me off and im highly disappointed with the customer service been with yall over 16 years fix this,complaint
that was a terrible 2 hr customer service experience was transferred internally to an expired 6 transfers 2 dropped calls,complaint
i dont have words for how frustrated i am by the lack of professionalism accountability and ability to resolve the problem,complaint
ive been down this rabbit hole before sending another dm,general_question
brendan transferred me 7th time tonight the next person kept me up until 1am only to tell me he lacks credentials to place the order,general_question
tried to have me call sales which wouldve made for 3rd time tonight two month delay on my phone lot of excusespassing around no help,general_question
i feel like you guys have ruined the x for me by the time i get it it wont be a year until the upgrade so ill be out more and behind,general_question
top that off earliest i can get the phone now is mid december cant confirm the date enough to know which side of the country ill be on,complaint
i was first in your store on the 27th its a shame the e sig isnt an electronic form signed in stores lot of timeenergy wasted,complaint
sophia we realize this is an exciting time im glad to hear we now have your e signature and your order is on the way gisellem,general_question
iphone x order cancelled email e sig bad ux now i have to wait another month youre killing me,complaint
whats wrong with my service yes my bill is paid,payment_issue
aa1008 awesome job guys on time departure great service arrived early thank you,delivery_issue
to be fair i got much better service through twitter than i did previously over the phone thanks and,positive_feedback
any tips on how to relax on a long haul flight,general_question
cheers see yous in 12 hrs,positive_feedback
flying tomorrow to vegas for big 30 cant wait,general_question
sucks so rude left my bag somewhere and they wouldnt help at all kept telling me they didnt know why,complaint
hey i got food poisoning from your inflight meal on sunday just a heads up in case you want to look in to that,general_question
screwed up now me and 12 other recruits are staying the night in dallas kinda excited,general_question
bags are packed tomorrow we hop on a flight headed for washington dc dc college tour 2017 you ready,general_question
im going to continue to tweet until they respond reach out and take care of this issue,technical_support
its official were going on vacation were checked into our flight,general_question
a quick shout out to the crew member at gate 8 wawesome throwback luv uni,positive_feedback
poor experience with chase visa over the weekend customer service satisfaction was way low,general_question
adjusting my life goals to include inventing a device that evenly spreads the ingredients in my burrito cc,general_question
when you dress up and drive an hour away to get a 3 burrito from chipotle,positive_feedback
are they buying,general_question
could really go for some but here i am in night class without chipotle,general_question
it was deliciouso becky,general_question
my daughter amp i are omw,general_question
do good banks even exist anymore i was enquiring informations opening an account at chase idk why they said i have to show proof of income and keep a balance of 1500 in there like really rothschilds,payment_issue
thanks becky i sent a comment,positive_feedback
your twitter confused me today i thought the 3 special for costumes started at 3 but san francisco refused me until 4,general_question
dressing up and getting a 3 burrito is the adult equivalent of trick or treating,general_question
bruh goes to so often the cashier noticed he got a haircut so,general_question
i mean im flattered,general_question
3 burritos at when you got a costume on,general_question
went to for 3 boo ritos,general_question
didnt give me salad dressing and you ruined my halloween thanks now i have to eat this dry ass salad smh,positive_feedback
because being a graduate student consumes my entire life,general_question
highly disappointed that i wasnt able to enjoy a 3 burrito from,complaint
when you get all the way home and they have you the wrong bowl,general_question
i love you chipotle mexican grill,positive_feedback
you guys are relationship goals,general_question
i need to stress eat i am distraught,general_question
i am trying not to hit yall with any spoilers but i relate to steve in a lot of ways and honestly what the frck,delivery_issue
thanks,technical_support
dear you are amazing your halloween amp 3 deal is exactly what we needed thank you,positive_feedback
thanks for 3 bowl today you are appreciated,technical_support
bonjour boorito,technical_support
havent been able to watch hulu for days seconds into a show error message appears and asks to check connection signal fine,technical_support
was able to log into fox via hulu credentials fingers crossed,account_problem
apple tvfroze repeatedly during the pregame show,technical_support
still problems with world series so much for the fix,technical_support
everyone hates your app why why w h y fix it,complaint
did that,general_question
disnthat for an hour and a half yesterday said i may hear back by thursday after she investigates not holding my breath,general_question
brooklawn nj store has a thief spoke to manager took my info then never called back of course,general_question
loyalty does not go unnoticed on,general_question
always giving out the best for costumers,positive_feedback
service is my bill is way too much to never have service,payment_issue
again contact is ashley wisniewski 3128907112 she is an account holder,account_problem
i will have no choice on principal to make good on my commit to seek 3rd party assistance via the fcc ftc sag moamp il and public sentiment,general_question
again no follow through pattern not ok radio silence from me for now i hope my wife receives a call by 5p est tomorrow else12,general_question
still nothing 2 hours later our definitions of momentarily are not aligned ashley 3128907112 please contact fyi,delivery_issue
could you confirm falls within your offices jurisdiction i have been defrauded refuses to mediate,general_question
appt if your techs return this time 25 days no internet disregard of your customers is repulsingmaybe,technical_support
just spent one hour amp 20 min at trying to get my confirmed will call package nope forty minutes waiting for someone to look for it will never buy from anyone shipping ups again,delivery_issue
what does that mean we have a dvr cable box that stopped working after having it for 2 months they sent a replacement,general_question
yes the box needed to be replaced,general_question
how can i contact you by email you sent us a replacement box and its filled with dust a fire hazard we cant use it,general_question
is there an issue with cable and internet in towson md not able to fix anything or reach anyone,technical_support
done thanks,positive_feedback
everything is in order still no email received it has been more than 2 weeks do you have a support email cant find anywhere,general_question
hi who do i email regarding my horizon platinum theme it has been quite a while since i platinumed the game but i havent received any email yet,general_question
is psn down,general_question
will this erase my game data if i restore default settings,general_question
thank you for your help,positive_feedback
i tested it and it works with all games ive played,general_question
no during gameplay the screen freezes completely and theres no audio it happens about 2 hours into playing a game,technical_support
hi my playstation 4 freezes everytime i play a game ive tried everything i dont know how to fix it what do i do,technical_support
its okay now the e mail just took an eternity to arrive thanks anyway,delivery_issue
im trying to create an account but i still havent received the verifying e mail no inbox no spam help,account_problem
hi i bought psn off the ps store for 4999 which come with 1050 fifa points but i havent received the fifa points,general_question
i am trying to download ww2 and it keeps telling me my card is invalid same card ive used to buy 2 games digitally with,general_question
i was over charged for an item and i didnt notice until i clicked buy can you dm me for more details,payment_issue
can we get a remake of war of the monsters fund a remake for real,general_question
can we get a remake or sequel to this game please,general_question
no thank you very much i didnt know that steam released games according to your time zone thanks for the information,positive_feedback
thanks for the info will the game unlock on steam on the 3rd american time or is it based on your time zone and where you live,account_problem
do you happen to know when will be released on steam i know its supposed to be the 3rd but my steam says the 4th,technical_support
cache is cleared and still not reverting back to original stats,general_question
here is video of stream copy showing when it was reset and before it was reset i am not aware of how to clear cashe,general_question
here is a screenshot because video quality was garbage,complaint
i just got disconnected from the black ops 2 servers and now all my stats are gone,general_question
it happens when i draw small i can enlarge the image expand the path and then resize but then i lose edibility,technical_support
i just noticed this problem too it seems like it happens most when i resize a drawing but i dont think that is the only time following,technical_support
i have an advanced problem and would love some help why do i get filled areas sometimes when drawing lines thanks,technical_support
adobe reader dc is making everything so difficult i should be able to look at this document no matter what fucking version i have,general_question
i think its me not you im a newb lol i,general_question
well im editing in lightroom and my photos look like shit when i export them,complaint
i solved the problem it was my fault lol didnt think yall would find this,technical_support
aye who can help me with adobe illustrator pls my shit comes out blurred and its 1500x500,complaint
its no big problem at all but it should be communicated theres even no new version no 13001 or whatever after bugfixing,complaint
cc 2018 installiert dann bug fix keine meldung dass installation nicht ntig ist also ist es nicht in cc 2018 eingeschlossen,complaint
believing is not knowing,complaint
i believe not included,complaint
when i download indesign cc 2018 now is the bugfix included or must i run it separately,technical_support
well heck new classic cant import more than a hundred or so images at a time before totally crashing big fail,technical_support
thanks adobe,positive_feedback
got it i decided to delete since im rung out of space,general_question
thanks should i still keep the older version just in case,positive_feedback
can you let me know when this is fixed then i can update it to the 2018 ver,technical_support
hi britt the eyedropper tool tends to crash indesign when im copying a style from one table to another never did this before until update,technical_support
notice a bad glitch in indesign after update,complaint
adobe releases creative cloud 2018 with new illustrator photoshop indesign amp more,general_question
that 2015 version wouldnt open my 20153 project i guess i have to upgrade my projects,general_question
well that disk has been formatted is it too much to ask to include the exact version in the download app,technical_support
is the only 2015 option actually 20153 it wouldnt open my project which was created in 3,general_question
i reinstalled everything how i am supposed to download pp 20153 i tried 2015 amp it was too old to open my project,general_question
w10 issue with immediate illustrator crash on launch was solved with setting default printer to adobe a fix i eventually found in the forums weird but it worked,technical_support
dear i really really needed you to work today but after multiple restarts reinstalls later its obvious youve decided were not going to hang today,delivery_issue
already done thank you so much,positive_feedback
hello 2160 x 1440 is the max supported resolution on the surface pro i tried lower resolutions and the issue is always there too,technical_support
thank you for checking im on a surface pro 3 windows 81 id cc 2018 2160 x 1440 px,positive_feedback
hi just take another look at the attached images all options have their descriptions truncated and replaced with an ellipsis,general_question
hello there just installed 2018 and got my first bug truncated options when ui scaling is disabled fig1enabled fig2,technical_support
seems to be good support responded by email saying that the order status wont change online but the warehouse will ship to the new addr,general_question
i was helped when i called support again however the address hasnt changed in the order status yet,positive_feedback
is there anyway to update the shipping address on an existing microsoft store order i just recently moved,delivery_issue
there is no issue,technical_support
me traje la mini extensin y tiene tierra los conectores japos de mi no tienen entrada,general_question
police suggested i was renting a flat in nyc that was illegal host wont respond impossible to find channel to write to you,general_question
thanks i put the cable at to tv and worked thanks for the fast attendance,positive_feedback
yes the console turn on but the tv keeps no signal p,general_question
i tried it and the same thing,general_question
have you plugged hdmi into hdmi out on the console there are 2 hdmi ports on back you want hdmi out not in,general_question
my xbox one turn on but doesnt appears anything on the tv i use the hdmi cable that comes with the xbox,technical_support
my gears of war 4 wont launch it goes on the loading screen and boots me off the game,technical_support
solution to this problem get a fucking ps4,technical_support
my xbox just started spinning its disc i dont have any its all digital an now its running but not onis it haunted,general_question
shoutout for the fly fi and for sponsoring this tweet,general_question
some people think this is halloween marketing but ive been their jetboo far longer than this campaign,general_question
normally i wouldnt care but on world series night this is suboptimal,general_question
hey is your customer service capable of actually helping customers looking for a new hotel since doesnt care,general_question
so i guess your twitter account isnt anymore helpful to customers than email or your 800 terrible service,complaint
stayed at 1 of your hotels but didnt get a receipt sent at least 4 emails re getting one all emails ignored y no help,general_question
trying to access your server in the web browser by its ip address is impossible,general_question
tells me theres no way to use a server without a domain name,general_question
guy works in hosting support yet doesnt know that domain names point to a servers ip,general_question
been a customer for 12 years and spent the last hour dealing with the dumbest employee they have on staff,positive_feedback
its a deceptive ad id like to hear your feedback on the class action lawsuits is facing for deceptive advertising,general_question
is all your advertising meant to be deceptive or is it just your buy service,general_question
any idea when you will have our website fixed this is embarrassing on so many levels,positive_feedback
what do i have to do to get to stop calling me multiple times a day w no voicemail this is my 2nd time complaining,general_question
sitting amp waiting at a branch for 15 minutes w no line and no good explanation why when i ask,general_question
chelsea manhattan 6th ave,general_question
has pathetic customer service all around shame on me for still banking with a morally corrupt business but still they suck,complaint
is a fuckin joke wouldnt recommend this bank to no one,payment_issue
please make it happen these are some of the best people ive ever met amp dont need the stress,technical_support
well ruined halloween paid over 40 in shipping and had a guaranteed arrival that got rescheduled at 5pm today,delivery_issue
since when do i need to be home to receive a package from amazon that has a t shirt and pj pants in it,delivery_issue
hey when will i hear back about my package that wasnt actually delivered to my address,delivery_issue
the hotlines customer service is awful,complaint
package tracks as delivered but did not receive need for school project 1zr5427a0294522617,delivery_issue
never use asurion mobile insurance again complete scam,general_question
shoutout to apple had my screen replaced about a month thru asurion it got all messed up after i cracked it again,technical_support
you have no replacement screens for the 6s and dont know when to expect your inventory issue becomes my problem,technical_support
why must i pay 149 versus my contracted 29 due to your inefficiency customercare is an oxymoron for your company,payment_issue
order date 06 oct 2017 order 406 8895581 1413106 order total 3 71900 1 item check out yourself,general_question
what support team are you talking about i called twice n they make it sound like they will graciously refund my money but then nothing,refund_request
i have had the hassle to provide my concern on the given link twice and its a pain use the details i already mentioned i m not doing it,general_question
incredible i shouldnt post my details here coz its public while you cant access it being in amazon are you kidding me,general_question
order date 06 oct 2017 order 406 8895581 1413106 order total 3 71900 delete it again,general_question
worst experience in shopping no product no refund been 40 days famp it,complaint
ive returned several things lately and dont want amazon to think im abusing the return policy,delivery_issue
i seem to have bad luck in trying to get undamaged books from sometimes its damaged in delivery but this one was packed this way,complaint
i phone 7 received from amazon india order id amazon india has refused to replace pictures attach herewith,general_question
havent received that email,general_question
please teach alexa slang ive been trying to play momentz by gorillaz for the last 30 minutes,general_question
i already chatted with help and am still not convinced ill get the right item because clearly the warehouse workers cant read,general_question
ordered cases for our new iphone x and sent me iphone 8 cases for both ones not the same phone,general_question
i was incredibly disappointed with my customer service call w after my order was 2x delayed and lost,complaint
the reliability of 2 day prime is hitting an all time low not sure what is going on over there,general_question
i mean i dont have problem with most of the orders but the black dot moving with the green bar is quite irritating,technical_support
why cant the updates move properly,technical_support
i have checked there is no email from amazon and amazon is in safe senders list,general_question
i have filled the details,general_question
havent received any mail can you please resend mail to email,general_question
i phone 7 received from amazon order india order id 171 8960684 6076325 amazon india has refused to replace,general_question
was sent this item in 6x9 size trying to return amp ups did not show up today id keep item if i could get refund for price difference,refund_request
amazon,general_question
you it is late but it is fine i just thought it was hilarious,delivery_issue
please explain this,general_question
if thats the case because if i pay for overnight shippingdelivery i expect to get what i paid for,delivery_issue
so i pay extra for overnight shipping and you guys are gonna delay my package for another 2 4 days id like a full refund 12,refund_request
thanks for the new movies on prime video something new to distract from pain during crps flare ups,positive_feedback
hey possvel sincronizar minha conta do para ler no kindle,general_question
damn the new emojis will my battery still go from 65 to 40 after one snap,technical_support
started before downloading 111 was never able to download 1103 hasnt gotten better since update,technical_support
started yesterday has slowly been happening to more and more people since then already have a support ticket open,technical_support
please help us lmao,technical_support
1103,technical_support
dear why is my letter i not working by itself in email or text when i type the letter i the attached happens,technical_support
updating xcode via appstore 7 min remaining 6 hr ago 1 min rem for over an hour why my net bandwidth is good,technical_support
mi iphone no se puede conectar a la red wifi privadas pero si a las free que hago,technical_support
i said the battery is dying too fast is that because of the new ios 1103 im pretty worried about it i cant trust my phone anymore,technical_support
thank you,technical_support
foco aqui q q t acontecendo ios 11 guloso,technical_support
imessage amp snapchat,technical_support
hey my i on my keyboard isnt working and i just updated my phone to the latest ios,delivery_issue
stop sending me drivers saying their 5 minutes away when theyre really 20 i have places to be,delivery_issue
ive had 10 emails trying to get ubereats charges moved to a correct card 3 of 6 moved getting run around help,general_question
pretty sure i detailed what the issue is blatantly yall have no filter whatsoever on the driving skills of who you hire,technical_support
why is everyone that works for literally the worst driver on the road at any given time,complaint
but i dont register yet thanks to the sms code,positive_feedback
today dont works the sms code for registration new account,account_problem
is a joke made us wait 50 minutes just to tell us they cant fulfill the order and cancelled it,general_question
amazonhdd hdd,general_question
has the worst customer service i have ever experienced spent two hours on the phone due to ignorant operators amp nothing was resolved,complaint
do you think it will actually leave at 9 55 the people at the gate are not sure,general_question
amazon,general_question
hi how is it that team says they dont see the price in this picture and refuse to pay the claim any idea,payment_issue
too long a story for 140 characters feel free to call me,general_question
appalling commercialcustomer awareness this evening my patience and like for avios points are almost at an end,technical_support
the best bit about safety video is,positive_feedback
thanks happy halloween,technical_support
what is the bag size restrictions lxwxh for im cabin,general_question
contacted mastercard and they referred me to you managed to get through having being transferred from 0800727800 and sorted immediately,general_question
other number still not working just cuts off without going onto hold im sorted but recommend you try the number to see what im saying,technical_support
i have tried again today and still cant get through could someone from cr please contact me as this is getting ridiculous thanks,complaint
yes the atm says to cantact provider the number on the back of the card is the number you gave me but it hasnt been working for weeks,general_question
no theyre not called 30 times and when you get through it says they are dealing with backlog and wont take any calls its a joke,general_question
30 attempts over last 6 weeks to call you about compensation mastercard that doesnt work department not taking calls,technical_support
done,general_question
wifi is not working,technical_support
how do i do that,general_question
sick of having to reboots big out x1 box,general_question
why does have to throttle me when i try to livestream i absolutely hate it and it runs just fine when im not streaming,complaint
please put service in my neighborhood im over,general_question
welcome to kissimmee do you mind driving 10 min over to to see what is wrong with our service,general_question
happy halloween from disney world,technical_support
i didnt get this,general_question
idk how to dm on twitter,general_question
you need to get with i have no service,general_question
he is right that code did not work at all,general_question
the code to claim the free movie from vudu,general_question
movie code didnt work and i have a dairy allergy maybe ill get the prints if i have time,general_question
aww dont like ice cream movies or free photo prints maybe well have something youll like next week jon kananib,general_question
thanksfor nothingcuz everything youve done this tuesday is worthless,positive_feedback
bats all folks give it up for dominic s who just won a spooky trip to london courtesy of amp,general_question
does even have lte barely ever wants to give me 4g and keeps me on e the whole time lol,general_question
wow ive never felt so disrespected by someone that i pay a lot of money to is sure showing its,payment_issue
whats with these speeds in deer park ny,general_question
nice work letting your staff dress up for holoween love it,positive_feedback
holy shit just got free wifi on i guess you can have your cake and eat it too,complaint
seats with the tray tables in the armrest are absolutely smaller in width why would i pay extra for that,payment_issue
you should really mention that some exit row seats are smaller width paid xtra for the most uncomfortable seat ive ever had,payment_issue
never flying again they flight attendants were rude and the extortion for carry on baggage is ridiculous so disappointed,complaint
continuamos aguardando de una explicacin por la agresin verbal q sufri mi esposa por parte de una azafata de esta cia,general_question
hi can you please give me a phone number to call to check flight status thank you,positive_feedback
amazon just doesnt seem to get it together poor customer service warranty is a scam,general_question
i was on the phone for an hour kids fire tablet not working warranty is a lie and your agents are rude,complaint
worst customer service got hung up on twice,complaint
breaks car seat and says its not covered be careful parents dont trust them with your kids valuable items disappointing,technical_support
halloween with part 1,general_question
just won money for a dance contest at the gate fun,payment_issue
thx 4 ur inexpensive flight options 2 make a last min trip hm 2 family in time of need flying w my is seamless,general_question
thank you for the best bday gift ever a weekend at and the best empty flight home,positive_feedback
lol who actually dresses up on halloween uh how about the smart people who want their 3 burrito from,general_question
i didnt even know about a boorito promo becky but now i want it whatever it is,complaint
i just wanted a treat and they gave me the worst trick,complaint
thanks for the great our annual tradition xcellent as always your chips however are better without the queso,positive_feedback
3 boorito amp only had to wait 15 min doing great despite the 3 tests im procrastinating studying for,positive_feedback
thanks for my 3 burrito bowl ily,positive_feedback
walked out of mid burrito bowl bc they dont change their gloves cant make a veggie bowl properly,positive_feedback
got our fix at like the party animals we are,general_question
i got home from a long day school and went to eat my bowl but there was no tortilla in my baggie,general_question
n o,general_question
posted up chipotle to get my 3 burrito,general_question
breaks my heart that i cannot be at 3 day,general_question
just got a burrito from for 3 haha,general_question
a becky with the good hair,general_question
i am here for all of the half ass costumes at for half price boo ritos,general_question
steps for an adult halloween go to for a boorito and hand out candy at home,general_question
3 is much better than dollar pizza im hallowgrateful,general_question
day 17 halloween aka guac to the future,general_question
day 16,general_question
day 15,general_question
day 14,general_question
day 13,general_question
day 12,general_question
day 11,general_question
day 10,general_question
day 9,general_question
day 8,general_question
day 7 one week,general_question
day 6,general_question
day 5,general_question
day 4,general_question
day 3,general_question
day 2 forgot to take a picture but heres proof,general_question
day 1,general_question
a thread of me eating like every day sponsor me pls,general_question
if youre not dressed up in some kind of costume today do you even like,general_question
the chipotle app is trippin out and its making me really sad,technical_support
i got dressed in my costume just to get a burrito lol,general_question
hopeless waiting for someone to respond on my request more than 30 hrs,general_question
i have a package that is showing as delivered last friday however it has not been and there is no note thanks,delivery_issue
why is the second half of season 2 gone,general_question
nope nothing between btn and fox,general_question
mysteriously came back without either sledge hammer maybe i just didnt wait long enough to see channels after force quit,general_question
how come i cant stream espn on my iphone its an mls game not nfl,general_question
how much long until you guys release season 3 of,general_question
apple tv,technical_support
oh no its start bad again updated app and still watching commercials and rewatching old footage,complaint
why does have such a hard time with live events and ads fix your goddamned system or im gone the world series is painful with you,general_question
did you find my phone that i returned to brooklawn nj store that was stolen by an employee and credit account,account_problem
ok thank you will talk then,positive_feedback
no thats it i hope this situation gets resolved quickly,positive_feedback
exactly its a customer service business so how could they be good to you if that is bad id say its horrendous,complaint
has been good to me but their customer service sucks,complaint
my packages keep getting delayed because of operating conditions i dont understand because yall just toss people packages amp go anyway,delivery_issue
i didnt get this deal eitheri got 41 a month if theyre offering it for 22 a month now thats crazy i want in on it,general_question
i preordered on friday and didnt get this deal,general_question
get 350 off iphone x when you pre order yours with sprint,general_question
yah know im really really really tired of,general_question
hold on how nvm,general_question
sucks so bad always switching to roaming so they can charge me whatever the hell they want get a real network,complaint
i sent a privatesecure messagei havent heard back i am having a hard time understanding commitments to customers its not ok,general_question
sad when you have been a customer for over 18 yearsamp they say there is really nothing we can domust be time to switch,general_question
mad at sprint daughter had her phone stolen and we are getting the rum around trying to get her a new one,complaint
i sent a dm,general_question
sure,general_question
i just want 20mbps i dont need 100mbps,general_question
why when i call up to reduce the overall cost of my package am i greeted with we only offer the max speed in your area wtf,complaint
how long until our wifi works its only been 15 years of this paying for extra mbps this is ridiculous,complaint
whats up with no channel 9 local fox in area code 54024 world series starting soon not okay,general_question
yes i need corporates number,general_question
if you dont share it i will just call the corporate number and ask for the office of the president,general_question
okay i accept your challenge amp expect a resolution of a corp ee my complaint is very fair and my requested resolution will be reasonable,general_question
ive been a customer for years and have never been treated so poorly by i am furious i need corporates number,general_question
i overpaid you you owe me money back its that simple now pay up,refund_request
any idea when android o will be released for the sony xz,general_question
yes clicking the link on the priority app was supposed to automatically add it,technical_support
no i havent the original offer was on the o2 priority app with a link to the lego website the link was supposed to automatically add the snow globe with the purchase of the advent calender,technical_support
hi there hi i ordered my lego advent calendar through priority but havent received the snow globe,general_question
yo guys somehow my profile doesnt have my name im showing up as null how do i fix this,general_question
no more for me,general_question
had a really poor experience with my driver tonight extremely disappointed and thinking of returning to uber,complaint
so someone hacks my account takes my money 3 weeks later countless emails hours on hold nothing has happened,delivery_issue
just received a payment confirmation from my mums account to my email address massive breach of data protection,payment_issue
i am encountering problems when withdrawing money from my paypal account to the bank my paypal email assist,technical_support
sent you guys a dm never got a reply,payment_issue
please see dm,payment_issue
never offer any solution and thus has been happening for years then i call customer service which isnt even open 247 and ive 23,technical_support
im about to close my account my debit card literally never works its declined everywhere and its embarrassing they 13,account_problem
i have asked for bank account to be my primary why on earth would transactions still come out of this is a major flaw,payment_issue
none of channels are unavailable weve tried to troubleshoot it but it isnt working it isnt a videopicture issue,technical_support
yes theyre all having the same issue,technical_support
yes,general_question
its secured whats next,general_question
yes,general_question
i did that nothing happened,technical_support
yes that didnt work,general_question
just the tv,general_question
our cable is down so my mom called shes been on hold for over an hour this is ridiculous,complaint
do you know how long the wait time is,general_question
thank you,positive_feedback
yes but i triedfailed too many times so now i am locked out,account_problem
hello check the router label for the orignal log on information nhp,technical_support
how do i get back in to change my router name after a reset online support not working and callback feature not working,technical_support
awesome would love to team up best way to contact you guys to do that,positive_feedback
you got it lots of travel adventures to come on my,general_question
i need help,general_question
its a nice simple small claims case,general_question
you know what im so fucking enraged thinking about it mind you i have spent hours on the phone with your lying employees im switching in the morning fuck off,general_question
i was given a device that some idiot sent to redirect my calls which also didnt work,general_question
opened second ticket number last friday and received a call to cell that it was corrected guess what its not,general_question
is garbage my office phone hasnt worked right since september now the vm pw is suddenly rejected and after 2 weeks they still cant fix it verizon,complaint
amp i havent sold anything in almost 2 weeks,general_question
why the hell have you put my item below everyone elses in international sellers section im selling it cheapest,general_question
still waiting for help i have no cash and you locked my card until midnight all local branches are closed,account_problem
can you unlock my debit card so i can take cash out cs told me i had to wait until midnight for my card to unlock,account_problem
thanks for ruining my halloween did you know boa cant unlock a debit card over the phone i work til 6 banks close at 4,payment_issue
haha thanks,positive_feedback
and thanks high blood pressure worsemy mom died at 59 from it hermotherat 57 i am60,positive_feedback
check out my account and know that i had a husband near death for a year five surgeries,account_problem
haha ruined my life thanks,positive_feedback
you suck,complaint
feel free to call back i didnt hear the phone,general_question
thanks for your help and doing some explaining,positive_feedback
explain how i get overdraft charges when i had a positive balance,payment_issue
your employees are just roaming around like walkers while the line for tellers is 10 long not efficient at all,technical_support
i havent is there a phone number for that team,general_question
wow another price increase from started at 40 dollars after promo 6 years ago and it has since doubled,general_question
i dont block anyone just go away,general_question
well i dont have your service so why are you clogging my timeline,general_question
tonight game 6 of the astros vs dodgers watch on fox fox deportes or fox sports go starting at at 7 304 30p,general_question
wtf apparently wants to raise my bill 50mo more just so i can continue using cloud backup services for my familys computers,complaint
how can i know if my service is on vacation mode,general_question
3 email was sent from a customer to me first but not being able to reply likely cost me a 1500 contract thanks,positive_feedback
2 to clarify the ip address is clean on all spam dnsbls sends extremely low volume mail and can send email everywhere else just fine,general_question
my mail to net is being blocked with a cxbl and the online form linked in the error is broken who do i talk to to fix this,technical_support
tell rhea mae o he was a gentleman with me and i had a good time with him,general_question
xbox support has always been great nothing but good experiences with them both as regular person and as reviewer,positive_feedback
i agree is awesome,positive_feedback
is first time i talk with a xbox support on live chat was pretty quick and i believe next time will try talk about games at the end,complaint
whenever i interview a dev about their game i always end up chatting with them about other games way longer than the actual interview,general_question
thank you for your support got if fixed guys,positive_feedback
hi why does dropbox take up so much space on my phone i thought the point was to not have to store files locally,general_question
havent opened it yet will put it out when the christmas tree goes up,general_question
bought one of these and absolutely love it,positive_feedback
how can i get this back please what do i need to do,general_question
i left my suitcase on the train from london waterloo platform 12 leaving at 2305 to poole got off at basingstoke leaving sc 12,general_question
i still find that my sim is not recognised and i am unable to connect i get a msg sim registration failed all your responses are so vague continually asking me to explain the problem please review my concerns and then give me a proper recourse thanks noorel,technical_support
kindly restore my number my account has had a balance greater than rs20 9850873091 as per your message of 6 10 17see complaint,payment_issue
oh ive missed you so i thought i would fly on the busiest day of the year,general_question
thank you for alwing me to take an earlier flight my halloweens going to be in,complaint
was ready for takeoff on,general_question
just got married need to change the name on upcoming flight tickets and on my mileage plan what should i do,general_question
perhaps were hoping crusty hall would go up in flames so the kiddie winkies could toast marshmallows on nov 5th x x x,general_question
not into did not come to the right part of my complex and left instead of contacting me then charges for the food,general_question
hi order was not fulfilled by vendor and i am still being charge can we fix this please can we chat in dm,general_question
thanks i sent you a message,positive_feedback
hi why cant i get service in williamsburg va my brother whos on another plan is getting service,general_question
i did seems that your people are interested in neither,general_question
dangerous experience at bought a bike wheeling it out in the parking lot the handle bar practically falls off,general_question
my offers have all but disappeared including many wend of year expiration dates that i had previously added to my card,technical_support
this pic speaks 1k words on how 2 lose business in,general_question
no idea me either,general_question
like honestly how could your customer service and work get any worst holler if you feel me for any of my companies,complaint
two days ives been trying to us this app all i want mcdonalds breakfast while not having to leave my bed and this is very problematic,technical_support
when all you want is a good burger and and let you down is this a trick or where is my treat,technical_support
your customer support is awful ive been waiting over two hours for my food,complaint
dmd,general_question
just dmd you guys had an awful lunch experience,complaint
hi please check dm thank you,positive_feedback
anyone else see an odd looking website it looks very different not wrkng as easily and lots of red text,general_question
i love my new kindle oasis please tell me that immersion reading will be added in a future update,technical_support
why not does amazon not care about children,general_question
why doesnt blue light filter work on kids account on the fire kids edition,account_problem
el soporte al cliente de es tan buena onda que dan nimos de contactarlos slo para platicar con ellos p,complaint
i have an order that was supposed to be here on the 25th which has not arrived yet,delivery_issue
my apologies it says now that the delivery date is october 31st still hasnt come though,delivery_issue
thank you i will,positive_feedback
no package,delivery_issue
the tracking indicated as here and then it seemed to go back in time saying it was not here anymore i believe its usps,complaint
does it matter that i purchased from,general_question
how does amazon have late shipping multi billion dollar company,delivery_issue
did amazon get hacked,general_question
paid for next day delivery had it confirmed and alas no package,delivery_issue
amazon,general_question
hey why did i pay extra for shipping only for my order to say arriving today and it still hasnt shipped yet just wondering,delivery_issue
a previso dia 6,general_question
e j estou desesperada achando que no vai dar tempo da entregar o terceiro livro antes de eu teminar esse,general_question
hey yall why is my checkout not working i click checkout with fresh and it takes me to an error page whats the deal,technical_support
my package from was supposed to arrive today now it not coming till friday why the hell do i pay for prime doesnt do shit,complaint
wheres my damn nutribullet,general_question
can i get a confirmation that it will ship tomorrow,general_question
hi is there a way to confirm that i make sure my pre order of wwii gets here on time last year was day late,delivery_issue
ok and figure your collective shit out the error when attempting to type i am amp getting weird ascii characters is stoopid,complaint
22 docs did open duplicated themselves now none open after i closed them,technical_support
hi ios 111 ive also restarted my ipad twice docs flash on touch but dont open,technical_support
so since updating the latest ios pages no longer lets me open any docs all show just dont open suggestions anyone,delivery_issue
after i upgraded my iphone to ios 1103 the back camera and the flash stopped working could you do something,technical_support
thanks for reply must be that not many if any talk radio stations available in uk on,technical_support
just updated apple watch to 41 is espn radio etc only available in usa cant get it on my watch in the uk,technical_support
depois da ultima atualizado do ios a bateria do iphone 6 t durando quase nada,technical_support
why is it impossible to type i without a stupid box with a question mark,complaint
baje la app de la cual es gratuita y me llego un cargo de 1811 pesos cul es el motivo,technical_support
i figured it out thanks,technical_support
why everytime i type an i this extra a and box pops up,general_question
updated to ios 111 and theres so many glitches and bugs i found inside the update,technical_support
downloaded new software update and my iphone 6s in perfect condition magically became inoperably glitchy what a coincidence,technical_support
well it is now 11 days after and still no sign of it,technical_support
why do i not have my october challenge ring after competition,technical_support
ok great thanks,positive_feedback
thanks our baby is lt 12mos and we need our car seat to fly so i was wondering if we can bring our own car seat and install via belt buckle in any uberx to go to the airport,positive_feedback
can we bring our own carseat in an uberx ride to the airport,general_question
i am still waiting for a response in regards to my account being disabled is there a number i can call,account_problem
i wish malaysia have,general_question
wants the point of uber vip when 4 of my friends that arent vips all got 50 deals,general_question
i had a couple of drivers show up at my house with that middle eastern attire stinking of me food,delivery_issue
any chance you guys found some beats headphones left on flight dl0929 yesterday,general_question
hi im flying from lhr to jfk tomorrow im wondering what the new security checks are for this flight are you able to advise thx,general_question
thanks 4 embracing,positive_feedback
stop showing me diaper ads i dont have a baby,general_question
hi i cant log on to my premium account are there any problems at your end,technical_support
thats definitely the plan thanks for the great flight as always,positive_feedback
thats it im on board with ready to leave tokyo for london no before you ask i dont want to go,general_question
no,general_question
its okayi got a 20 voucher appology,technical_support
lisa i was being incredibly sarcastic,general_question
firstly cabin service manager lesley thomson is fantastic and went above and beyond during a flight from vegas to heathrow,general_question
thanks,positive_feedback
hi any idea when issues with booking references will be fixed still getting error no flights in the booking,technical_support
is there anyway i could make radford va any closer to the next ones on the list,general_question
okay thank you just seems weird that all areas around the city can get comcast but not in the city or the surrounding one mile,positive_feedback
hey you know what i want for christmas the ability to get xfinity where i livealmost everyone in the city im in would switch 2,general_question
glad i pay for 100mbs,complaint
ive been stuck on a bus trying to leave seattle for the last 15 hrs and my service has been lte but not even loading for 65 of the time unacceptable,complaint
thank you i appreciate it hopefully its just a server overload of some sort the website works fine,technical_support
its not that big of a deal really i dont have a baskin robins in my area anyway its just something i noticed,general_question
i think i just might use the website,general_question
ive spent all day trying to access the app and i keep getting this error message this is the longest ive had this problem,technical_support
are iphone x preorders going to come in early mine has said shipped for 2 days now or are we getting them the 3rd,general_question
could one of you beautiful humans slide in my dms,general_question
please check your messages i have sent a dm,general_question
i cannot change my delivery and this is the third attempt can someone contact me because i dont want my package going back to the sender,delivery_issue
can i use my jumpstart towards getting the iphonex,general_question
hi right now our 2phones are in my name but my husband and i want them to be in his name do we need to go into a store to do this,general_question
american airlines extends that courtesy for every flight from every airport guess they spoiled me thank you for ur patriotism,positive_feedback
cmon manwhy doesnt ever call military personnel to pre board like american airlines,general_question
haha ill take it,general_question
only witches melt thoughwhat are you saying,general_question
another reason to love flying,technical_support
thanks for the treat for those of us who have to miss out tonight i will be sure to tell my flight crew they dn know,positive_feedback
gate agent said you had treats for travelers today,general_question
team san making passengers smile on halloween,general_question
finished the second season on the flight so good,general_question
another day another 737 800 amp i snagged exit row again time to continue to binge perfect for,general_question
hey thanks for great flight from oak to pdx appreciated the comp halloween cocktail treat amp minnie mouses announcements,technical_support
i wish i was in canada so i could have my 3 burrito at,general_question
friends give friends coupons for burritos,general_question
ill never give up on you i promise baby,general_question
today has been the shittiest day ever my stomach hurts like shit after freaking chipotle and then my phone decides to say no sim,complaint
idk if it was the baby food or the chipotle or the combination of both but my stomach on trash rn,general_question
theres not a chipotle within 100 miles of me since ive moved,general_question
ugh i just want a boorito,general_question
dont forget got 3 burritos,general_question
i got my 3 burrito thanks halloween happy halloween yall,technical_support
i realize its busy today but when you charge me 5 and then dont put my queso in my bag i get really upset,general_question
hey why does your authentic queso taste like actual powder,general_question
i also got a burrito today thanks,positive_feedback
buying this gumby costume is one of the best decisions ive ever made in my life,positive_feedback
are you becky with the good hair,general_question
boys on them at chipotle tough tonight,general_question
on his way,general_question
i got my chipotle,general_question
if could come home so i could go get thatd be cool,general_question
sorry i had a bowl,general_question
thank you stopped by in costume cause it was so good last night for monday nite football world series tonight,positive_feedback
i feel it is my duty to inform everyone that has all meals for 300,general_question
booritos at,general_question
y my kid got a bowl but said no to husbands costume as steve they messed up the order neway and werent very nice i miss my patch we ppl,general_question
ok becky sent not my first time complaining about this store either if i want attitude laziness and wrong food ill just go to mcds,general_question
woodruff rd is awful store our 1 bowl wasnt close to right and ya its busy but y do this if staff treat us bad and not listen chips gross,complaint
when i workd4 u amp some1 came as steve ells we always gave em 3 boorito greenville sc store has 0 fun kid was wonder woman 2,general_question
bummed folks at work didnt get my costume but the guy did amp thats all that matters 3 bowl,general_question
i think he was legit,general_question
when you have to triple take to tell if the cop in is an actual police officer or just a dude dressed up for a 3 boorito,general_question
for real who the fuck doesnt like i dont even know how that can be possible,general_question
i submitted the incident via your link,general_question
instead of a treat for my 3 for me a trick of a case of food poisoning was served diarrhea ensued not a happy halloween,technical_support
are you in costume go to,general_question
so i just found out chipolte has queso and my life has been significantly improved,general_question
thank you,positive_feedback
can yall put little nicky on hulu please,general_question
there are some episodes missing from season 2 of blindspot any idea where to find them,general_question
why wont hulu let me watch greys it keeps freezing on advertisements,general_question
cannot access hulu for the past six weeks but i am still paying for it asks for profile update then screen freezes,technical_support
how long will it take for a show that im recording to show up in my dvr,general_question
is there any news on when the wifi calling plus will be available for the note8,technical_support
smart move sucks read all the negativity on their facebook page,complaint
you have let me down as a customer and a share holder walking away from the tmobile deal the service sucks i,complaint
whats going on with my service,general_question
so excited,general_question
i just received my tracking numbers today i hope you did too,delivery_issue
preordered my on time before 5 on the 27 and still havent gotten a shipped email it still says pending,general_question
outage of fox during the world series in northern wisconsin only channel not working,complaint
hey wtf is up with the feed of so frustrating,complaint
mobile,general_question
my phone number has not updated from my old service even though i got a confirmation text help,technical_support
if i want to upgrade my tv package and my tv says itll cost 30 more per month will i get charged for oct if i upgrade today or prorate,delivery_issue
ok so i wont be charged 30 for the entire month of october and then another 30 for november itll be prorated for october right,payment_issue
can i get some service please need an issue resolved,technical_support
this is incredibly slow its been like this in the past week,technical_support
the dlc shows like its for ps3 when its for ps4 i got the bundle from the ps4 store and when i log to psn it shows download for ps3 auto,general_question
i need help with a purchase of a dlc that doesnt want to download or a refund,refund_request
hi can you update ps4 pro to record gameplays in 4k,technical_support
bought 1050 fifa points in a bundle with 12 mounth ps plus havent received the fifa points this was at 16 00 gt1,general_question
hello i purchased the gta v bundle ps4 and reset my ps4 and now i dont have my gta v who do i contact to restore it,general_question
im fine but needs help,general_question
sachen machst du,general_question
either im doing something wrong or this doesnt work anymore what do you say,technical_support
getting this error any advice,technical_support
try creating this wicked awesome icon set,technical_support
i have os highsierra installed the bug fix amp now its crashing losing work cant undo amp recovered documents have none of my updates,technical_support
hi raj none of these have helped me ps amp illustr are starting to have issues also shutting down amp losing work etc ill log the problems,technical_support
2018 is unbelievably buggy please fix asap,complaint
why is it easier to get in a twitter spat with the president than it is to actually speak with one of your tech support reps,general_question
ever since i updated premiere pro its gona to shit,complaint
adobe premiere stopped working,general_question
i pre ordered ww2 not long ago from gamestop and they didnt give me a code for the pre load what do i do,general_question
thanks i answered my own question,positive_feedback
i have question when you get the digital bundle do you get the season pass included,general_question
fix the atrocious load times in crash n sane me and my friends literally cant play it we can emulate and beat all three quicker,delivery_issue
why when i play shadows of evil i have the group 935 max ammo sign probably another bug,technical_support
um wheres my m16 gone bo3,general_question
i am based in hyderabad india trying to access our corporate subscription just stepped out dont have the subscription id handy,complaint
azure portal times out for over an hour now unable to access the services for configuration update,technical_support
got charged for uber didnt see the uber credit getting posted amex platinum,payment_issue
thanks chris will do,positive_feedback
have some accountability if i dont want your service this month do you really think knocking on my door 5xday will do it next month,account_problem
and then when we call your customer service department they just say thats not us we dont know how to take this feedback,general_question
you guys are the pinnacle of a garbage company you pay for vendors to harass people to buy your services,complaint
wells fargo is the worst bank i have ever banked with i do not recommend them whatsoever,complaint
speaking of why is the exclusive more you do this a lot wexclusive items,general_question
have a few other things i need to do between now amp then including a run tues for so 2 trips in 4 days,general_question
i cant wait either maybe ill get in line now 10 days in advance isnt that early right,general_question
will these be available in store too and should i camp out now or wait until next fri to go,general_question
its get the exclusive magazine album bundles only at,general_question
nvm it just got delivered however waiting 2 hours for a pizza,delivery_issue
order ordered my pizza and hour ago on the tracker it says delivered didnt get anything can i get a refund,refund_request
i think it will be a good idea to have spinach as a topping because spinach is one of the best toppings just saying,positive_feedback
really we preorder our pizza and wait in half hour line to pick it up,general_question
done,general_question
mc i sent the number an hour ago do you have any info thanks,positive_feedback
normal son dos solar outdoor led lights,general_question
es un paquete grande o pequeo,general_question
when ever you want when ever you want,general_question
so u have me dm u amp provide all types of information only to respond that someone will reach out to me tomorrow waste of time,general_question
is now 3 hours past my 2 hr confirmed delivery window for 2nd day air medical supplies next order i will demand another shipper,complaint
how late do they run,delivery_issue
trying to find out status of this package 1z5a619v0399897253 say today but not arrived,delivery_issue
assistance yes plz tellus where obama delivered those somalias amp middle easterns for obama during his reign of invasion start there wouldya,delivery_issue
not only opened the door he picktem up brungem here by ups dhs busesinemin trains strategically placed them all over usa cells everywhere,general_question
democrats obama opened the door wide for them now deal with it or die let trump do his job,general_question
my card was declined for a lyft transaction as a safety measure from my bank can you help me pay and tip my driver,delivery_issue
in light of terror attack in nyc lyft is charging 133 to go from manhattan to brooklyn capitalismfuck yeah,technical_support
why is it my paymentorder to a certain company seems to be in limbo contacted company and they have no order,payment_issue
you have a dm looks like i need your heroics after all,payment_issue
i did send a screenshot,technical_support
can you please open my account so i can transfer the money in there and close the account,payment_issue
can someone please help me with my account email 27824381483,payment_issue
3rd time ive gone to and paid for a bread bowl i didnt get,payment_issue
i ordered almost a full week before release receiving it almost a full week after thats not prime,general_question
didnt know i needed to is that really a thing but still prime shipping should be 2 days correct,delivery_issue
hey whats the point of preordering a game if i dont get it until 5 days after release,general_question
2 other orders that were due to arrive today did not show up,delivery_issue
u pay for prime you expect the befits of the membership i ordered a package on the 25th it still isnt here,delivery_issue
the carrier doesnt sell free 2 day shipping as part of a membership amazon does,delivery_issue
shows it was supposed to be delivered today by 8pm usps,delivery_issue
i called customer serv they called usps and the usps rep blamed your routing the second the usps rep was off the phone amazon blamed usps,general_question
i purchased the items specifically for the wedding,general_question
they did not the wrinkle is i board a plane for the uk in the am and these items were part of the attire for the wedding im in,general_question
yes,general_question
youre customer service reps were no help in resolving the issue they just blamed the carrier,technical_support
this makes 5 consecutive orders that missed their deadline,general_question
u just lost a prime member of many years not only did u mess up 3 consec orders u refuse to make good on them,general_question
uhh my 10 yo just asked alexa to play halloween music first song opening lyric yippee kiyay motherfucker wtf,complaint
yeah i know how to check it theres no information still,general_question
im so anxious to see that my xbox one x will be shipping im seeing other people get their confirmations wheres mine,delivery_issue
me purchasing two items within 6 minutes is not enough for you to freeze my damn account please remove all additional protections from my account because they all suck,complaint
you keep insisting you havnt taken any money from me dispite proof,payment_issue
at 7 it said it was out for delivery by 8 pm it now says sorry for your package being late and will arrive by november 3rd,delivery_issue
thanks i called the agent says the order has been received but not shipped still anticipate a friday delivery,delivery_issue
will do thanks,positive_feedback
original promised delivery date was yesterday to this friday,delivery_issue
its been 7 days amp my order still hasnt shipped,general_question
30amazon12amazon,general_question
should have been today before 8,general_question
still have not received my package i paid extra for guaranteed next day wont do that again,delivery_issue
when its removed the system says its inserted but unrecognized when its inserted the tablet behaves as though theres no card,general_question
it was doing this a few days ago and a factory reset dixednit for two days a hard reboot did not resolve,general_question
it was doing this a few days ago and a factory reset fixed it for two days a hard reboot with card in or out does not resolve,positive_feedback
regretting having bought kindle fire kids edition every day it has some random problem i have to fix now saying theres no sd card,technical_support
pumpkin spice is here so it must be autumn weve picked 3 fall cookbooks to whet your appetite,technical_support
yes it was due today by 8pm and now its changed to tomorrow or the next couple days but isn t there a guarantee,general_question
i understand but i am asking a general question do you or do you not have a policy about late delivery with amazon prime,delivery_issue
isnt prime two day shipping supposed to be guaranteed what happens when its late,delivery_issue
talked w cust serv yesterday just sent an email from link would like a straight answer abt my order,general_question
at time of order del date was 1029 carrier is amzl us,general_question
im thinking that tracking is total fiction package has been out for delivery for 2 days amp hasnt arrived 3 days late,delivery_issue
so much of the programming has changed on prime blues clues was free now its not still constantly having problems with my fire stick,technical_support
continued buffering loss of sound and it doesnt save where i leave off in programming,general_question
im so frustrated whow things keep changing making it hard on poor people free isnt free anymore,complaint
my drying rack was broken when i opened the box what should i do,general_question
well it froze as i was ordering a pizza so i had to and now its already to 49,technical_support
did you try maybe uh not restarting your phone,technical_support
my battery was at 64 and i restarted my phone and now its at 52 what the fuck fix your shit ios 11 cc,complaint
i noticed shortly after the first patch to ios 11 not sure which one but here in the past week or two it has gotten worse and more frequent,technical_support
its only done it with apple music and apple podcast regardless if saved to phone or streaming,technical_support
its only done it with apple music and apple podcast regardless if saved to phone or streaming,technical_support
iphone 7 and yes the software is up to date,technical_support
music and podcast skip around like a cd then distorts and clears up in few seconds only happens after ios 11,technical_support
havent been able to type i since the new update,technical_support
i might have to fold for this league pass,general_question
the whole phone will just crash or freeze for over a minute it be spazzing out too like it has a ghost in it or something,technical_support
1103,technical_support
my phone been fucking up all week,general_question
wtf is this box shit i keep seeing or someone just answer it plz lol,complaint
my watch has been saying ive been averaging 57 minutes now today its 52 i checked and did the math its 57 what the,technical_support
6 plus idk what ios version and it was the rear facing camera,technical_support
would love to know why my pictures look like this when i take a picture,technical_support
and move to next month everything disappears,technical_support
open calendar and move to next month,technical_support
open calendar,technical_support
your new ios 111 not resolve the calendar problem,technical_support
lucky i was home and next to this when it randomly started to smoke unplugged before disaster what the hell,technical_support
is anyone doing bug fixing anymore i have a whole zoo of them on my iphone and imac that could be tamed,technical_support
i received an error message and another when i tried to set it up again in settings,technical_support
tried the steps still receiving an error message just updated to ios 111 and got the message when my phone restarted,technical_support
my touch id failed when i restarted my phone now its not working at all,technical_support
i get prompted for a system administrator password on a mbp macos but there is no system administrator account im aware of,technical_support
got people out here looking crazy with this damn glitch fix this shit now,complaint
how you gon troubleshoot a charger tho,technical_support
love how my computer charger just stopped working for literally no reason at all thanks youve really done it for me this time sweetie,positive_feedback
i need to file a complaint w asap anyone know of the email address i need,general_question
i have been doing that for the last 50mins no reply,general_question
someone from needs to contact me asap or i am reporting there company this is ridiculous,complaint
how long does it take to get approved as a driver,delivery_issue
if i wanted to be an ubereats driver could i be under someone elses insurance policy to qualify,delivery_issue
who the heck gave me less than 5 stars im a pleasure please address and fix,general_question
whats the point of s split fare feature if it never works ever,general_question
i hope the dumb bitch that stole my wallet in my pool chokes on a dick and gets a week load of diarrhea,general_question
this is one reason why rocks,general_question
sure thank you very much,positive_feedback
and is that causing the other issue where nothing will play on sonos thru spotify app,technical_support
they arent locally imported we just imported her itunes playlist in spotify so it found identical songs is that why they are greyed out,general_question
why does it say cant play this right now and why are playlist songs greyes out originally imported from itunes,general_question
trying to help my mom play spotify through so is and getting the oddest error upstairs is sonos connect,technical_support
done thanks,positive_feedback
just checked still unavailable,general_question
hey what about being available in india,general_question
arrived on time great spoiled by waiting for bags and choice of meal not bring available in club europe ba 827,delivery_issue
off to the big apple just landed actually it was a delight,technical_support
lets do this x,general_question
my this ones on us seems to have dropped the discount off my bill i didnt change my plan can you all help out with this,payment_issue
my dunkin donut 2 promo does not work when i tried adding it to my dd card it says it is not activate,general_question
12 year as ep with aa since they wont address my concerns whos interested in my loyalty,general_question
you guys have to do this more often not just once a year chipotle cravings are real 247,general_question
how to meal prep on halloween chipotle style,general_question
true supporters get queso whether they like it or not,general_question
yo are you doing the 3 dollar burritos all night or just for a specific time,general_question
enough with all the onions and jalapeos and cilantro its just too much in everything,general_question
happy halloween,technical_support
my only plan on halloween is to go to,general_question
becky you rock appreciate the work you do,technical_support
so for the 3 burrito,general_question
thats hard to believe because that queso does not taste real its taste like powdered cheese packet that you add water to and heat up,complaint
you need to redo the queso horrible powder blah look on the back of a velveta box there is a recipe there for cheese dip,complaint
theres no such thing as without a from im telling you,general_question
and,technical_support
is this not the happiest burrito youve ever seen,technical_support
update got em,technical_support
im about to with no shame go to after work in my costume because i cant resist a 3,complaint
thank you,positive_feedback
we want our booritos,general_question
i think the entirety of north jersey is here for 3 but i will stay on line because im super hungry lol,general_question
hey whats up with getting the peel of the avocado in my bowl,general_question
threw on a mason jersey and a demonte buckingham headband for a 3,general_question
well i got a super good burrito for300 so well yes,general_question
went to tonight and got a 300 burrito because i was in costume i didnt have the heart to tell them this is normal,general_question
boorito is my favorite part about halloween,general_question
get your shit together with our cable the picture is always doing this how the hell do i watch the cable i pay for like this,complaint
dear less than awesome southwest im 1 of kens followers instead of twitter campaigns treat aloyal custmr rt and refund refundable tix,refund_request
dear awesome people if you have an extra game 7 ticket plz tell me by 2p wed so i can catch 335p smf bur flight,positive_feedback
amazing crew today at denver,general_question
all treat boarding group a35 and im sitting in row 2,technical_support
goals,general_question
still having this issue,technical_support
world series courtesy of,general_question
and by showing ads of the show youre already watching makes you keep watching that show you were already going to watch,general_question
why is showing commercials of a tv show while im watching it,general_question
care to chime in,general_question
what is this problem how do i fix this,technical_support
hulu were having trouble authorizing your account with spotify please contact spotify support to help resolve this issue,technical_support
hey hulu no those dont help i have tried basic troubleshooting your app shouldnt require a hardware reboot or ethernet anyway,technical_support
whats up with apple tv 4k support ive been getting this message for days all other streaming apps are working great,technical_support
i knew you would ge back to me via social media you all have a refund you owe me amp ive been trying to solve my account issue w you all,refund_request
been calling sprint all week been on hold for a whole hour with today and still havent resolved my issue im calling,technical_support
im being charged for the phone i returned in your envelope via your return service plus late fees,delivery_issue
thanks after leasingreturning my phone sent in a sprint pack marked as delivered the warehouse has no record of receiving it,delivery_issue
por qu su seal es tan mediocre,general_question
wtf they just hung up on me again,complaint
i live in the bronx many channels such as fox tlc nbc dont work what the reason,technical_support
issues with my home cable second time calling this week honestly the first time ive had a really bad experience with fios,complaint
are you referring to wireless issues or residential jay,technical_support
been on hold with for 108 minutes apparently the company is going as a steaming pile of garbage for halloween,complaint
amazon98009800,general_question
anybody else having a problem with broadcast looking choppy on,technical_support
i have had the router replaced i have made numerous calls and im tired to paying for something i am barely able to use,technical_support
yea mike did you let a manager know while you were home,general_question
when you get home and realize not only didnt give you extra chickenthey didnt give you any chicken,general_question
amazonprime nintendo switch amazon amazonprime amazonprimeamazon,general_question
shouldnt we be able to pre load codwwii at the time being but how,general_question
i bought psn for 12 months but i didnt get my fifa points,general_question
when i loaded my ps4 everything is green is this a trick,technical_support
im getting no audio at all i already restarted my ps4 twice already,general_question
through the console theres no error i just dont have a better option to change cover like i do with profile picture through the app,technical_support
ill try it later,delivery_issue
im having hard time to change my ps4 profile cover is there another way to change it,general_question
why does my ps4 turn off by itself,general_question
i used my credit card yesterday just fine today it says my card isnt valid tried using another cc and paypal fix for bug,technical_support
i cant log into playstation network,account_problem
is season pass going to be 50 after the release of cod ww2 or will it stay at 40,general_question
hey im going on a cruise do i need to do anything so my debit card is good,general_question
hp8620 cant connect on wireless network,general_question
done,general_question
its sayin i can only list up to 73 as ive listed the rest this month even tho its 45 mins into november and i havent listed yet,general_question
the shipping charges on feedback shouldnt be an option when shipping charges are seen before someone buys the item dont buy then,delivery_issue
help me pls,general_question
i deposited my state issued check today but saying funds wont be available till the 9th are you serious bofa 10 days,technical_support
we do not have power yet eversource still working i think you will have to put in cable,general_question
how do you determine if there is an outage,general_question
eversource is fixing sequin st 06111 hoping cox can restore service at 25 tomorrow poles going in tonight no tv or phone,general_question
amazon,general_question
amazon 400,general_question
is there an eta on where service will be restored ive heard a lot of conflicting info from 10pm 2nt to friday,general_question
trying 2 watch the ws on my ipad we have no power ne storm but it says i can only use my home wifi is there a way to override,technical_support
cannot send dm 25 sequin newington ct 06111,general_question
thanks charging phone in car now,positive_feedback
this is exactly how you lose customers well done ill be looking for another solution,general_question
your corporate greed is absolutely disgusting not only did you raise my bill by a few dollars you lowered the data rate,payment_issue
ridiculous that i left work early wifi installer no show cox service has always disappointed,complaint
i see u support but what we really need is a slack channel that shows newamp changed documents in a folder,general_question
amazon,general_question
thank you should i just dm you,positive_feedback
thank you,positive_feedback
is there a way to view version history of a folder only seeing options for file version history,general_question
desktop app on macos pattern seems to be overwrite file from within an app incl export as pdf etc leaves link intact however 1,technical_support
copy file with identical name and replace existing file will break the link iirc the second method also worked until fairly recently 2,general_question
theyre almost always pdf files size is a handful megs each,general_question
these files are all stored on my machines internal drive and synced via dropbox no network drives or nas involved,technical_support
finally got around to properly filing this issue as a bug thanks again for your help,technical_support
the exact same workflow used to function more reliably before though,general_question
overwriting files w identical names would retain their dropbox links now we get countless 404s from the same workflow,technical_support
thanks i chose to opt for mnp,positive_feedback
dear sir i have been struggling to convert my idea postpaid to prepaid for more than a month can you please help,payment_issue
recharged with 498 on 24th october benefits still not received customer suffering from bad service of idea,complaint
warning ac cannot be determined,general_question
my inspiron 15 5000 series laptop battery dead after only 14 months what i bought a lemon not happy,complaint
can i do a sdc from as to if the routes are the same,general_question
8 weeks old and baby cal already got his first pair of wings thanks for being so wonderful all the time,positive_feedback
yeah i can add the bonus 3k later,delivery_issue
hi paul yes you sure can thank you,positive_feedback
i just registered for alaska airlines bay to breakers,general_question
celebrating halloween today,general_question
the fine folks have halloween themed music playing while we are boarding,general_question
no need all sorted thanks,positive_feedback
i do thats where i looked to add it but couldnt figure it out,general_question
the delta sky miles platinum,general_question
how do i link my delta sky miles to my amex card,general_question
thx 4 the awesome customer service my stolen funds will b replaced amp my new card is n the mail yall r awesome,positive_feedback
will call tomorrow as insurance dept is closed,general_question
whats wrong with customer service number service down for 30mins,general_question
i have a question but dont want to ask on twitter too long holding on phone do you have customer service dm thx,general_question
ive gotten locked out of my personal account and i want to get back into it i need help,account_problem
need your help guys,general_question
help me asap please,general_question
hi please can u delete this account i am being harassed x,account_problem
whatever divvy youre about as clever as a chocolate teapot,complaint
u got shit banter thats why i didnt understand it nowt to do with me being thick as fuck,complaint
i was talking about us ya donut thats it were over another 6 years in league one,general_question
going down,general_question
wank,general_question
we go again saturday,general_question
this person has violated my personal privacy by publishing a home address she has two accounts amp,delivery_issue
what channel is the sixers game on if its blacked out on nba tv 08901,general_question
hey please start carrying daiyas spinach amp mushroom pizza in cedar rapids ia,general_question
lmao just hung up on me,general_question
i dont need anything from you all im currently impatiently waiting at a ups hub ive been here almost an hour im pissed,general_question
omg is so trash,general_question
yall dont care ive called and nobody will send the driver back three of my business packages,delivery_issue
my packages are gone three packages yo im ready to fight somebody gotta class action lawsuit these fools,delivery_issue
been on the phone with for almost an hour now bitch where is my shit,complaint
i fly a lot so better get used to me,general_question
best customer service such a relief after years of dealing with in fact booking another flight with you right now,complaint
for the win as fails maybe time for this life long unitedstar alliance member to make the switch,general_question
how is possible that has betternewer movies that,general_question
yall this ride i can not be matched with this dude again,general_question
also my company credits disappeared overnight 22,technical_support
i tried calling my driver multiple times to find him and he didnt answer and i was just charged a cancelation fee,delivery_issue
am trying to escalate a non received item that i want a refund on escalate system errors each time help please thx,refund_request
thanks however this is a link to the us uber details is there somebody who can help for australian drivers,delivery_issue
i have been requested to provide my driving record and submit applications for passenger transport licence code both of which i have obtained there are however no links nor upload options neither online or on the app available to upload these documents how do i,technical_support
and so your team member did connect with me and suggested i change city in my email subscription settings on my profile page and i sent him a screenshot of my profile page to show how i didnt have the email subscription settings button over there at all since then no replies,complaint
i have moved recently from delhi to mumbai india permanently however i keep getting smsemail about offers in delhi how can i change that to mumbai,general_question
creo ke no voy a seguir pagando amazon premium pork en cuanto a las devoluciones deja mucho k desear,general_question
si es correos y ped ke viniesen a x el pakete pero me pedian ke me kedase o toda una maana o toda una tarde en casa pero y mi trabajo,general_question
es una devolucion,general_question
me ha tocado un inepto en keiere gestionar la recogida de mi pakete de se monta su ruta y yo como penelope a esperarle,general_question
enviei meu ebook para o premio kindle s 22h de hoje porm a ferramenta kdp fala q demora 72h pra publicar vou concorrer mesmo assim certo,general_question
beleza,general_question
ei mim ajuda,general_question
please do it fast,general_question
but when will this get solved,general_question
still not got any answer,general_question
still not got any mail please solve my problem right now,technical_support
not received any email,general_question
my amazonid is email is blocked since 3months please unblock it,account_problem
done that was told i would definitely have it by 9pm yesterday amp its still not been delivered,delivery_issue
bit of a piss take really now was promised it by 9pm today,general_question
dont promise a 1 day shipping with a guaranteed 8pm delivery when you cant keep it,delivery_issue
6 month old service dog halloween,general_question
not in the mailbox not on the porch not in my house not at the neighbors this was a prime order latelost again,delivery_issue
carrier amzl us tracking tba516106123000,delivery_issue
once again the answer is well send again and your prime membership means nothing and so does 2 day shipping this happens too often,delivery_issue
my order 113 8951188 2020217 says left in mailroom but my house doesnt have a mailroom and ive been home all day,general_question
amazonmm,general_question
amazon,general_question
lol thats not my real name but basically yeah they wont just leave it at my front door tomorrows the final attempt,general_question
how do i inform your delivery drivers to just leave my package at my front door,delivery_issue
11 350,general_question
will do thank you for the help,positive_feedback
amzl us,general_question
queridos no se mamen,general_question
ive been trying to update to the newest ios for some time it never fully processes verification doesnt go through help,technical_support
i just wanted to let you know that the new update is crap and it wastes my battery more than ever before,complaint
yes,technical_support
since i updated my iphone i cant download apps now thanks,technical_support
it only happens when i close whatsapp doesnt happen with any other app i run ios1103,technical_support
like this open the multitasking screen swiping up on the whatsapp app to close it as seen in the video,technical_support
so what has become of this issue many users are still complaining about this what is the explanation what is the implication what is the solution if needed,technical_support
i get this message when i close the app when i touch it i get into the app but getting this when closing the app is annoying,complaint
how do i get rid of this notification,technical_support
wow also in landscape this is better than i think,technical_support
brand new effect on beautiful great work,technical_support
just updated it and still is turing my letter i into something different,technical_support
is my really going to ship between december 5 11 i preorder right when preordering open at 12 01,technical_support
ios 111 software update needs to be fixed,technical_support
fix my shit,complaint
fix it,technical_support
how will iphone x recognize me with face id if i am wearing my du rag,technical_support
my backup was stored to my macbook pro which battery died 2 months ago,technical_support
tried to update my phone to the new ios system and my phone died while charging amp now i lost everything thanks,technical_support
got this message few hours back then hour later asked me if my account was working i said no then the blocked me,delivery_issue
ive been wanting for you guys to call me,general_question
i need my shit now,complaint
i need the person who said i would get a call back today to fucking call,general_question
i want my package your lazy ass delivery driver left at another person apartment and they have no clue where it is,delivery_issue
i have left my key in a taxi and need to get it back,general_question
are a joke mate honestly trying to charge me 30 for a taxi to mint when 10 mins ago it was 8 sly bastards,general_question
why do i have uber navigator help charges to my account,account_problem
hi i do not understand how i am suppose to generate my bill for the rides ive got,payment_issue
my ubereats promo code isnt working for others,general_question
temporary experiencing life without internet i cant work in my office and i cant pay for things in the shop how soon can you resume service,technical_support
i can order the right size in morrisons but would prefer to use yourselves,general_question
it would be the talbot green extra south wales,general_question
was looking at the fresh whole turkey 4 per kg or the finest british free range bronze 7 per kg,general_question
preferable in store along with my pigs in blankets etc picked up the festive food brochure but no turkeys smaller than a medium,general_question
can the 3 4 people size be preordered for xmas collection,general_question
just picked up your festive food brochure wont be ordering from you again this year as you only seem to do turkeys for footy teams,general_question
can you send me a dm please,general_question
2 for 2 in bad pickup order experiences with the app no way to give feedback on orders and contact form on takes too long to fill out you probably miss thousands of complaints about pickup order system problems,complaint
hey ipads can message you know why isnt the free messaging option on flights offered for them,general_question
flight,general_question
nothing like a delay to boston on because someone didnt get the right paperwork done out of maintenance hopefully we leave soon,general_question
yet another flight delay and now i wont be getting home until midnight i want 7 hours of my life back,general_question
halo skrg kok udh gak ada pilihan bayar pakai pulsa ya untuk berlangganannya,general_question
just a shout out to it may have taken a bit but i gotta say some rather helpful employees did in fact make a difference for me today ty,positive_feedback
92 james ave tewksbury,general_question
how is it had our cable fixed yesterday and now its out again should have stayed with,positive_feedback
comcast you suck your customer service sucks you new xfinity x1 platform sucks will you ever fix my bill and deliver what you promised,complaint
isnt tmobile buying out sprint lol,general_question
i dont know i just wanted to win lol,general_question
if youre gunna give me tickets to london then yes,general_question
fake news switching to sprint bye,complaint
yeah thats not even the bad part sent me a phone but the sound doesnt work they wont send me another until i send this 1,complaint
now ill be phoneless for another day amp a half i need my phone for gps and other daily task,general_question
ive been phoneless since sat had to wait until tuesday to get a replacement phone and they send me a broken phone,general_question
done with after this year might even cancel before the x comes out highly upset and disappointed with,complaint
i can not get my free movie on vudu,general_question
done,general_question
can you help me out having some connection issues on my route tofrom work dm me please,technical_support
hey thanks for helping me get a 3 burrito bowl,positive_feedback
so to s halloween spirit and the fact that my bowl only costed me 321,general_question
wrong place at the wrong time modern day i only wear costumes for anymore,general_question
why is yout rice always undercooked i feel like im eating plastic smfh,general_question
shout out to on marshall street with 3 bowls and burritos for halloween,general_question
best thing thats happened to me all month thanks again to the awesome dude and thanks chipotle for existing,technical_support
wait forget everything my favorite part of the night was when a guy in front of us paid for our,payment_issue
shoutout to for the spooky good deal on booritos,general_question
best part about halloween has been the 3 burrito from for the last few years,technical_support
so how many retweets are we talking becky,general_question
when chipotle is youre life how many retweets do i need to get free chipotle for a year,general_question
ever since that chipotle made me sick i have not been fucking with it at al the smell of it be making me nauseous,general_question
im for halloween this year omw to to top off the costume will post pics later,delivery_issue
halloween tradition continues cheaper burrito bowls at and this year free,general_question
can i get more than one boorito with a costume i normally get 2,general_question
3 for a steak bowl lets take our relationship to the next level,general_question
3 dollar burritos is clutch,general_question
if i wear a basketball jersey would that count as a costume,general_question
is tonights halloween promo for burritos only or bowls as well,general_question
for a,general_question
happy dress up at least for the,technical_support
counted my work uniform as a costume for the 3 deal,general_question
already done,general_question
it was a happy halloween until i encountered the rudest chipotle manager in america murray ut location,technical_support
3 halloween what are you hungry,general_question
just realized chipotle charged me 21 bucks while wearing a costume,payment_issue
is killing it with motivational pep talkbig game loss commercial i thought maybe inspiration but they dont win,general_question
thanks for the companion pass ill be sure to use it wisely,positive_feedback
why do you charge 75 for a surfboard when skis and golf clubs fly for free,general_question
remove network logos from your streams its going to cause burn in on my discourages binge watching,general_question
why is part of blindspot season 2 missing,general_question
is hulu down right now 11 33 est,general_question
ipad to tv thru usb connection,technical_support
watching the world series on your app and theres no picture,technical_support
back on thanks,positive_feedback
its happening again,technical_support
keep getting playback failure trying to watch the come on yall,general_question
no you guys need to fix it san antonio 78201 you guys have dm me before aand you do nothing that fixes it,general_question
sure wont be your service,general_question
who do you think is going to win game 6 tonight,general_question
i went to the store and asked for mnp they said id have to port in postpaid as prepaid service is blocked really a bad move for forcing customers to opt for postpaid,complaint
i havent had phonevideointernet service in 2 days and hear nothing from youevery restoration time has been wrong,technical_support
yes the sd feed is so blurry at times that its hard to tell whats going on,general_question
yes it affects all tvs but it doesnt impact commercials its a slight choppiness and blurriness during the game broadcast,general_question
im following,general_question
dm,general_question
done and done,general_question
everything is appropriately updated and there is no camera my orisa na dreams are dying,technical_support
why does this keep happening ow and the ps4 are both up to date i cant risk placements with this ish,technical_support
why cant i buy games it wont let me,general_question
have had zero regrets cutting cable for vue,general_question
if im gonna cut the cable cord whats the best way to go about it,positive_feedback
how do i recover my restrictions passcode,general_question
or nah,general_question
i have a question regarding upgrading internal storage space on ps4 who should i talk to,general_question
i have a question regarding upgrading internal storage space on ps4 who should i talk to,general_question
hello i hate halloween adobe programs and bugs,complaint
what time is argos open on black friday in newcastle metrocentre and sil,general_question
i just want to b good at my mf craft but indesign is so fuckin difficult,general_question
fingers crossed but im hoping youll love this lightroom presets killer looks with just one click with s,positive_feedback
it would be great if lightroom didnt crash every time i import pictures,technical_support
adobe and their hate for permanent licenses,complaint
i love photoshop but like its silly to me to not have a one time payment,payment_issue
now my premiere pro has crashed and now i have to do the editing all over again my life,technical_support
oh shit waddap,complaint
pretty sure adobe premiere wants to kill my computer,general_question
ive had slack imessage adobe and dropbox all just stop working in the last hour if you need me dont,general_question
hi i have a problem i bought the game in the psn store and can not download it now will the download only released at 311,technical_support
why do i keep getting kicked for inactivity when im actually playing,general_question
hey im not entirely sure it sort of resolved itself i suspect it might have been either a windows or nvidia update but im not sure,technical_support
hm thats fixed it ill try selectively re enabling things to see what it was,positive_feedback
which drivers do you want me to check my gpu is running nvidia 38800 latest and ive checked the system firmware too,delivery_issue
im running windows fcu 1709 and an asus prime x370 pro motherboard let me know if you need any other info,general_question
any idea why im seeing this im also seeing inconsistent lag in chrome and other apps,technical_support
hi id like to clear a folder in my programmx86 file but everytime i get this message in german oh and i use windows 10 pro,general_question
how can i deactivate the built in administrator,general_question
finally downloaded app but hangs on just a moment then times out,technical_support
at long last app downloaded clicked install now hung on just a moment my net cnxn fine u have server problems,technical_support
windows 10 update this morning and now my second monitor looks like this already restarted and updated graphics driver,delivery_issue
i just did the latest windows 10 upgrades now youtube wont work and live streams have no sound how are these upgrades,delivery_issue
hi i cant take a screen shot as its the only place im logged in is there a way of someone telling me the password,technical_support
says my information was not sufficient and submit a new form,general_question
hi i just keep getting rejected by the form so i have given up,general_question
i cant reset my password and i cant talk to an agent as i need to log into my account please help,account_problem
thanks have sent you a dm,positive_feedback
i just now returned from holiday amp want to leave positive review for a property but app says its too late seems unfair on host,delivery_issue
this is nothing much them mentally physical harassment indian citizen i think government enjoy,general_question
this decision given by supreme court of india already submitted many documents done physical verification done,general_question
everyday getting threatening from operator but now what,general_question
ok he just sent u dm w info pls help them out and guarantee seats together poor form to do that over a 10 min change in departure,general_question
terrific thanks for taking care of that strong customer service,positive_feedback
not at airport flight is tomorrow pls fix this and guarantee them seats like they paid for,payment_issue
hey you change your departure time by 10 mins amp give my friends seats away wtf,complaint
whats the reason for the gt 2 hour delay on flight 824,general_question
clear me the luggage i think lt 7kg for cabin and how much for extra luggage may carry without extra chages,general_question
thank you,positive_feedback
child connie ke ning teo female booking number is ngp3wl,general_question
hi i want to ask if gender child wrong should i need to changes,general_question
hi please help me to change the salutation ms to mr for robos anak nyaraw booking num ff2zl thanks in advance,positive_feedback
thanks anwar,positive_feedback
thanks yana booking number tk4ywc passenger name ravishankar parthasarathy wrongly put as ravishankar parthasarathi dob 7th july 1954,positive_feedback
hi made a booking tk4ywc just now and made a typo in one of the passengers names please help,general_question
no,general_question
ive had a charge appear on my account in another state while i was sleeping what do i do to get my money back,refund_request
i tried adding the card to my paypal and it said it was declinedjust bought the card too its a prepaid,payment_issue
yo i need help with a gift card,general_question
you mean early friday morning release day is fri 1110,general_question
whats the point been here about an hour and no ride going home,general_question
literally why is this such a hassle literally no one else i have asked has had them done to them,general_question
old account thanks for keeping me away from money i appreciate taking 200 off my hands and being a huge waste of time,technical_support
even after i sent all the right documents did all that your customer service told me and even after all that i didnt get to close my,general_question
thanks for making me call 3 times telling me to make a new account then limiting the new account,account_problem
my halloween costume is a day late can you help,delivery_issue
seriously what is up with ordering things and it being open you guys shipping returned items 2nd day in a row this happens smh,delivery_issue
dont promise a 1 day shipping with a guaranteed 8pm delivery when you cant keep it,delivery_issue
many timesalways got them saying well deliver it by deadlinei hate your service now,complaint
its point less to actually fill this formsince you always give me those replies with ill personally follow up and stuff,complaint
what the hell is going on todays last day to deliver and still not shipped should i pledge that i wont ever order from u,general_question
this glitch is blowing mine please fix it,general_question
111,technical_support
111 iphone 6,technical_support
your latest ios update had made my phone slower and apps like imessage are slow to open and load whats up with this,delivery_issue
any suggestions,technical_support
is great but i wasnt aware of the strong vibration anywhere i sit my phone it vibrates off of that surface amp now this,positive_feedback
a couple of days ago its been happening on a few of my friends phones as well,technical_support
its happening in all my apps im thinking theres a problem with the keyboard,technical_support
saturday,technical_support
whats up with the letter i man pls fix im annoyed,technical_support
no it doesnt address nothing even included about battery improvement on the sw release notes from what i can see,technical_support
so i sent you a dm and didnt get a response are you actually willing to help or just trying to take it offline software upgrade was done,technical_support
i app the reply iphone 7 not finishing for an 8 or an x just fix the sw i cant go another week with the 7,technical_support
so ios 11 reduced avg battery life from 240 minutes to 96 seriously i would rather have my batter explode and get a new one,technical_support
me and are all having the same issue any fix,technical_support
per apple this is the fix im not sure who they think has the time for all this they need to release and update amp stop playing,technical_support
girl wtf dis tew much,complaint
who the hell got this kind of time,technical_support
man im having the same problem thought eye was alone was just about to accept life without ever using the word i anymore,technical_support
try this guys if you havent figured it out yet,technical_support
excuse me when yall gonna address the fact that some glitch is turning is into hieroglyphics,technical_support
the only keyboard i have is whatever my iphone came with its occurring in everything messages social media emailing ect,complaint
why does my uppercase letter i look so weird fix it please,general_question
can get me that pollo regio tho,general_question
some uber drivers dont pick up customers so that they can cancel and get the cancellation fee please look into that,delivery_issue
think ill start using more drivers canceled on me three times left me waiting for nearly an hour,delivery_issue
just signed up thru shopyourway supposed to get promo for 1st ride free and 5 back in syw points no code sent,general_question
right i understand what i dont understand is how my score went from a 5 to 482 after one trip when i didnt do anything during my ride,general_question
just saw that my rating went down and i am pissed,general_question
hi it was online the sets were lego technic mercedes benz arocs 42043 cat 719 7013 and technic heavy lift helicopter 42052 cat 663 9284,general_question
looked online constantly then check just after 3for2 was over and low amp behold they were immediately in stockappreciate you investigating,technical_support
i think its really wrongive spent a lot with youamp i feel like the prices hiked amp certain sets out of stock during until hours afterwards,general_question
locate was it hiding in the warehouse literally out of stock all promotion then find some 4 6 hours after it finishes very disappointed,complaint
can they be serious offer 3for2 on toys not only increase prices before promo but popular sets not available until hours after,general_question
has anyone else report similar argos increased their toy prices too when they started their 3for2,general_question
bought a doll 25 b4 40 during 3for2 sale,general_question
thats fine but howcome it wasnt in stock throughout amp then becomes in stock and listed online as available within hours of the promos end,general_question
howcome less than 24hrs after 3 for 2 toy sale ends you receive stock of some of the most popular lego sets coincidence,general_question
thank you for delivering mouldy peaches i am sure they will be lovely not happy,complaint
pay for baggage to go in the hold and no bags arrive because the plane hold is too small what a absolute joke,delivery_issue
a free first class upgrade on my phx to slc flight thats just what i wanted for an early birthday present thanks,positive_feedback
earns our gratitude and respect thank you apiola for representing your company well,positive_feedback
had to make a pit stop for quick plane fix but they fed us pizza while we waited thanks,positive_feedback
your airline and ticketing process is a nightmare why would you assign me two seats separate from one another when i ordered both tickets at the same time on the same account in the same order how does that make sense youre a greedy unethical company,account_problem
cheers and thanks for the upgrade to dublin unexpected and appreciated,technical_support
ill check it out thank you,positive_feedback
nevermind i just googled it,general_question
i just tried to open the link and it gives me a 404,technical_support
my kids wanted premium but your student deals are only for college uni kids wont you consider the younger kids that are addicted to spotify too,general_question
student get your fix of premium play the songs you want over and over 599mo,general_question
web player gets broken sound in chrome and does not work at all in safari nice work,general_question
can you please bring back the touch preview feature please,general_question
i need help with my account i keep getting charged for an account that is on the free subscription but was once premium,payment_issue
well seeing as it didnt work anyway i cant see this a bad thing hopefully you will get it fixed soon seeing as its been gt 6 months,complaint
does this work on roku yet,general_question
um how often do you move the restoration times i have no cable but a mile away does,general_question
heard about them but im like so not tech savvy so i feel like id be lost af lmao,general_question
screw comcastgo get yourself a jailbroken firesticktheyre dope,general_question
im over and all their insane fees any suggestions on cableinternet deals,technical_support
i am still waiting,general_question
this is what i was told and since then no one contacted me asking about my email in order to provide further details,refund_request
if your staff dont know how to do their job properly is not my problem,technical_support
are you blind you said i will get my refund so do it i have a lifetime to show people how crap is thats not a problem,complaint
give my money as you stated previously you would refund me now you going back on your word shit airline shit customer service,complaint
hi helen ive been told this already by a couple of representatives over the last days this seems like joke not happy at all,complaint
im sorry but i dont buy it you overcharged me of almost 800 on the 17th and very little assistance i wont use ba again,payment_issue
it is a joke this company is crap and these people is useless and incompetente a part from liers and thieves,complaint
still no refund your assistance comes every 12hrs amp no money since 1710 are you waiting for the problem to fix itself,refund_request
its not an individual account problem people around me are experiencing same issue im just letting u guys know lte is slowed to a crawl,technical_support
lte in college park md is messed up changing network mode to 4g as a workaround you guys got a damaged tower,general_question
same im done with them i cant even three way call on my phone and it be other glitches,general_question
i need you guys to stop ripping me off when living outside of the us,general_question
ive been through this with you guys before and you guys said you cant do anything else for me,general_question
gotta love bots,positive_feedback
now we just have to sort s crappy service in canada,complaint
happy to hear that welcome back,technical_support
its working for me at this very moment,general_question
feels like a part of my life is missing with being down,general_question
please dont do this twitter thing again you are isolating customers,general_question
what dm,general_question
i have number with unlimited service can i installment iphone x,general_question
is the deal for 17mo iphone x with eligible trade in still available,general_question
done,general_question
according to reservations when i spoke with them they said it was nothing that they could do smh,general_question
cant believe used to be my favorite airline it only takes one time to leave a bad taste in my mouth smh,complaint
done thankyou,general_question
better give me a window seat tomorrow seen as it wont let me check in online and i have a 7 hr flight and straight to work,general_question
one of several questioning loyalty to after poor treatment by gate agent tonight flight 41 ord to sfo,general_question
if bags are designed by to fit in why dont you let them on the flight,general_question
1 why am i loyal to you your gate agent greg on ord sfo flight wouldnt let over a dozen passengers take bags designed,general_question
i include them on my tweets they dont respond you need to dump they are reflecting badly on,complaint
long standing problem that aa mgmt seems unwilling to address screw your ep becoz we have no options just wait,technical_support
really bad service ron,complaint
in the meantime we cant do work by something as simple as receiving and sending emails pathetic amp where is refunding my fees,refund_request
ep on who continues to not be able to do work great is what you want to be sorry missed by a long shot,positive_feedback
last minute costume do it for the and,general_question
thanks for the 3 boorito great seeing all the other costumes in line,positive_feedback
bless,general_question
i sent you a dm a service was still paid for but not provided even though you are working to deliver as quickly as possible this is deceptive,payment_issue
3 out of 3 deliveries this week have missed their delivery date one was 2 day air and one was shipped from 10 miles away completely unacceptable,complaint
this is why i tell my boyfriend not to eat at,general_question
its the most wonderful time of the year is only 3 for dressing up in a costume,general_question
all i wanted today was a boorito from and it didnt happen maybe next halloween,technical_support
how are you going help are you going to come cook this,general_question
ever time i eat im reminded why i dont eat there,general_question
theres still an hour to dress up and get a 3 burrito from,general_question
nothings worse than having a chicken bowl thats nothing but burnt chicken smh,general_question
modern day cowgirl,general_question
the things we do for 3 booritos,general_question
hey freehold nj you are 1 more forgotten salad dressing away from me not coming back,general_question
so in case anyone wanted to know really is doing the 300 thing if you wear a costume,general_question
ready for my boorito,general_question
hi the above is not an airtel kenya numberjamo,general_question
hellokindly improve your network in vihiga county,general_question
kindly assist jamo,general_question
i dont have airtel nobr again bt u can call me on 2347036263955 plz i need to do d swap am fedup of buyin new simamp new nobr,general_question
airtel is very funi how can u be asking me to do welcome brk for seriously dat bad of your netwrk,complaint
today will be my third day in a row having i also know too much information about the company to not be paid,payment_issue
and what about payments not happening that has to be able to show earlier i cant make a 3k payment amp 15min later still says unpaid,complaint
pop ups who uses popups anymore everyones settings are to block them you have to re animate the tab which is what you guys did before,general_question
also whats up with not being able to submit feedback at the site im given a phone number to call to leave feedback are you kidding i have to call a human past midnight amp deal wwait times amp explain 5x before they get it i cant type it out its 2017,general_question
also whats up with not letting me know youre about to log me out also whats up with me having to click to get to a sign in screen the fewer clicks the better why did you make it more clicks seriously i can do nothing on the site wo sign in,technical_support
wow major issues wnew website paid cc but im still told its not paid so i ended up paying it twice amex figured this out 2 yrs ago and even your own old site used to say pmt owed 0 as soon as you paid i want to run from you,technical_support
im gonna need at least 1000 bags of honey glazed peanuts for to make up for what theyve put me through the last three days,general_question
hi when do hawaii routes start thanks,positive_feedback
of course we arent flying to vegas till thurs today was free drink day on how perfect would thatve been,general_question
my goodness that was a dark commercial now im sad for a fictional team,general_question
this new layout is the absolute worst flashy colors only further irritate me when my compiled list to watch was wiped out in favor of your new system why are you doing this to us,complaint
of course i want it minimized its five minutes behind dont call it live if twitter can spoil the result you know,general_question
its not my setup hulu just chugs at the most random moments,general_question
no sorry im not doing that the world series is on your app just keeps unilaterally stopping the stream the issue is not my modem,delivery_issue
pretty neat how live stream of the ballgame is two batters behind twitter,general_question
on live tv dvr 63 minutes at hulu online 85 via browser w no ads this is first week with dvr ads and they are no skip ads,general_question
will provide info btw entire show is present this am and commercials are gone,general_question
livetv only had half of danc w stars recorded and had commercials which shouldnt whats up,general_question
im all set thank you,positive_feedback
hi whet can i find put the date an add on was added to my account i didnt add it but want to find out who did,account_problem
are you kidding me the live stream of the series is down again cancelling tomorrow,general_question
im just shitty rn i hate with a passion,complaint
youre the worst period,complaint
im sorry but it has been 40 days and the service in puerto rico is worst thsn ever i cant even communicate with my family well,complaint
because theres never any lte,general_question
you are the worst cellphone company in puerto rico,complaint
yall really need to get this signal shit together g,complaint
just the free movie options sorry thanks for checking in,positive_feedback
thank you,positive_feedback
lol understand told you netflix options were garbage this is spectrums on demand which is too,complaint
define enjoy when talking about that series,general_question
do i need to have seen purge 1 to enjoy purge 2,general_question
peace,general_question
called your customer service was a waste of time did not help,general_question
no can you just turn the internet back on and make the sucking stop,complaint
it came back on now can you just leave it on and stop turning it off is there a switch there that you guys just fiddle with,general_question
can your internet service stop sucking for maybe 20 minutes thanks in advance,complaint
maybe my payment just wont show up this month im sure i would get a call then,payment_issue
i can assure you technician 26480 is not at my house even though he texted 15 hours ago he was otw,general_question
why is your customer service so pathetic still waiting on my appointment that was from 6 00 7 00 pm,technical_support
i cant access my account number because im paperless and cant get on the internet to access it,technical_support
i cant access it because i cant get on the internet,technical_support
is there an internet outage in 91604,technical_support
sneaky sneaky sneaky offered free showtime as loyal customer then jacked up the internet and basic tv prices fios where r u,technical_support
lines on the screen and no audio on all tvs but its just that channel,technical_support
why is it that the only channel i cant watch is usa network a girl is trying to watch smackdown,general_question
how do you get the text off the tv where they repeat everything person is saying fios,technical_support
i received excellent customer service tonight from laura please pm if you want additional info to look up my acct info,general_question
feed for the world series has been extremely choppy all game please help,general_question
is anyone else getting a choppy feed for the world series game,general_question
a refund,refund_request
my mother bought the wrong fifa that i asked for she bought fifa 17 instead of 18 on the playstation store and i cant get,general_question
hey is there a new playstation with 4k integration on the horizon,general_question
cant you only have one primary account per console,account_problem
i activated both as primary and the other account still cant play it,account_problem
still isnt letting the other account play,account_problem
north america ny more specifically both accounts were also set up in ny,account_problem
thanks,positive_feedback
i bought fortnite on the primary account now my sister wants to play it but cant play it on her account,account_problem
sonys password management is atrocious ive updated my password twice now and both times it tells me its wrong help,technical_support
deleted friend but they are still in my followers not cool solution,general_question
2 of the apparent flaw and security risk letting us know we should change our passwords asap would have been nice,technical_support
this is only 200 coupon i had a mailer which gave 300 for checking account,account_problem
my coupon was for total checking account and coupon value 300,account_problem
i did that their response was that the system wouldnt accept it,general_question
was looking to avail my coupon for 300 for opening chase account but the bank was ill staffed and my account opening postponed to tomorrow my coupon expires today plz help,payment_issue
my internet went out in the storm i got a message it was restored but its not working can you tell me if my area is still down,technical_support
hi my name is meaghan shanley and my parents and i have been out of internet since yesterday can u guys like speed this process up,technical_support
dm you 2 hours after said fix time,general_question
come on guys we spend a lot of money to have this service up and were on 2 days without poor service,complaint
why does the pictureaudio glitch every 10 seconds on everything i watch,general_question
please fix the wifi in barrington ri i am going insane and using all my data,technical_support
dear yall icontour tv thing is trash like i cant even explain how uninterested i am in watching tv now that i have it,general_question
is there any chance you folks might consider serving lakes region nh desperately miss the speed reliability and service here,general_question
yes i am im located in hawaii everytime i try to log in via laptop cell phone it just returns me back to the log in page help me,account_problem
thank u support team heads up to all ios users be sure cookies allowed are turned off thanks again,technical_support
are you guys still having log in issues via desktop and xbox dvr website,technical_support
please pass on my disappointment we used xbox select daily the cortana version lacks app functionality and cortana commands are slower,technical_support
that is frustrating adviceits not that i want to see it change i just want functionality back that ive had since day one 2013,general_question
cortana recognizes it but it doesnt work the same way specifically i cant use it in some apps such as crunchyroll home amp store work,technical_support
can you please confirm whether the xbox select voice command was removed or if this is temporary,general_question
stuck in here when trying to play a 360 game help,technical_support
what is the time line to resolve a issue if you are working on it then why your company deactivate my both the number,technical_support
what you are bear you simply deactivate my services and activated the same after repayment of bills tell me what you bear,payment_issue
what happned still waited for concrete reply,technical_support
i am sufferer even after paying bills on 6th oct while last date of payment is 20th oct,payment_issue
been given you your ppl 3 times in past 3 months pin code 411037 dm if you want exact address,general_question
what resolution you have i got a msg saying my complaint is closed how without calling me you couldnt even call me once in 6 months,general_question
let me tell u guys every time u reply with templated msg nd ask my alternate number and location and then what,delivery_issue
range went from my home suddenly take complaint send a msg its resolvedfr 6 months now first sim is idea,positive_feedback
so what do i do now if theres no network after all this,general_question
i didnt get any call with whom did you discuss shame on you guys how can you lie,complaint
i want an answer to this whom did they discuss,general_question
shameless,complaint
4 weeks an aa flight that i took 6 wks ago took 5 days ridiculous ill add this to my list of reasons im not retaining mvp status,complaint
can i please get a response i dont think ive ever had to wait close to 8 hours before i got a response in the past,general_question
how long should it take for miles to credit to my account from flights on virgin america been 35 weeks now,account_problem
i just registered for alaska airlines bay to breakers,general_question
nothing like a smooth ride home alaska airlines,general_question
i just registered for alaska airlines bay to breakers,general_question
another safe and comfortable trip with alaska thank you,positive_feedback
great delivery but a slight hiccup i ordered fried zucchini but i got ravioli instead,delivery_issue
thank you so much for solving the problem so quickly,technical_support
really wish would have a phone number i got the completely wrong order there is no way to contact the driver or you guys,delivery_issue
thanks if it helps the specific use case is a corporate directory then a separate directory for external customers,positive_feedback
hi azure ad has a limit under which its free what happens if an org has two directories each under limit but together over,technical_support
why do you close my cases,general_question
what i meant is thatusually the staff will stick one of the barcode label from the baggage tag on to the pax tix that barcode label,general_question
its as my bag had also safely touchdown at the airport but in future is such things happened what should i do in case of lost bag,technical_support
hi how to retrieve baggage tag no apparently the staff at the counter forgot to attach my baggage tag barcode at my tix,technical_support
hi i am trying to add on baggage from bkk to kul for tomorrow is there something wrong with the website,general_question
found a hair in my veg biryani on flight i5 784 today the flight attendant swapped it asap but a disgrace still,technical_support
oh so you have changed for me confused now but assume so please send updated schedule with hcm departure now on 24 nov thanks,technical_support
no departure from hcm should be on friday 24 nov,general_question
departure date and time remain same,general_question
i would like to get quote on change to booking ref ijug2d can u help,general_question
i need to change email in my booking need to add luggage to travel helpz,general_question
i am not going to call a third time sorry i doubt the agent is going to suddenly give an answer now using sapphire reserve at dinner,technical_support
im now hearing that the card was canceled by customer 1 is this fraud 2 if not who canceled and why,general_question
i have already called twice with no explanation they say i canceled someone took over acct or something missing again never,general_question
new delta biz plat card canceled with no explanation after 1 week of use never happens with chase ever,technical_support
no it really started working as soon as you tweeted me,general_question
scott you fixed it you saved the day,positive_feedback
life sucks without netflix thanks,complaint
dm sent,general_question
when you have an appointment with amp and no one shows or calls,technical_support
its tuesday centurylink promised somebody monday still no show,general_question
when you order one topping on each half but they decide to put them both on the same side smh,general_question
why dont you deliver to my neighborhood after 5pm,general_question
im usually a fan of your but the last few times ive ordered its been so gross i cant eat it could this be local problem,technical_support
done and done thanks papa,positive_feedback
when you order pizza from and they literally deliver a pizza with three slices missing out of it what in the actual hell,general_question
ah this cracks me up my sis paid 40 for guaranteed 3 day shipping too and it took 13 days to get to me is the worst,complaint
done,general_question
hoping to get a response tonight,general_question
can i get help with ticket 56182677,general_question
thank you,positive_feedback
im hitting an infinite loop just tried 3x to dispute a cancellation charge fails in the app mobile browser logged in amp out,technical_support
matter of fact 2 rides and neither driver showed up and took my money anyway and im still sitting outside my damn job smh,delivery_issue
i already emailed yall,general_question
is that a 24 hr line,general_question
thanks,positive_feedback
is that a joke amazon i cant log in to contact you because they changed my email and password,account_problem
wtf man yall let some rando change my email to my account and now i cant log in fix it,complaint
amazon kindle or,general_question
nah just answer my question please,general_question
how do i disable notifications indicated by the bell icon in upper left corner of ios kindle app,technical_support
firetvstick,general_question
thanks for such thoughtful packing must be why it takes so long to ship,positive_feedback
why to you promise false discounts with wrong mrp the device i bought showed a mrp of 7999 when its actual mrp is 7499,general_question
uff i am continuously trying to tell you that i have already replied and a 24 hr tat for receiving call was given which u have failed on,complaint
rather than wasting time here can you please check with your team amp confirm whether they have responded use basic communication skills sir,general_question
ur customer care is disconnecting my call by saying that we would not be able to give you any further i sight over this issueplease explain,technical_support
24 hrs tat was given on written mail on 29th oct to receive a call but no response since last 60 hrshence we say quality of amazon has gone,general_question
i have replied sir try and understand the gratitude of this event you are exposing yourself in bad light,complaint
i have checked all my mails and had received your last mail on 29th stating you will receive an update in next 24 hrs no revert received,technical_support
i have replied to it many and still have not received any response sending you a legal notification for closing this fraud business,complaint
nobody has called till now why are you sending fake replies,complaint
please reply with necessary resolution,general_question
amazon has lost its credibility by buying cheap products from other portals like ebay and selling over their platform really cheap,general_question
you people cheaters mentally harass innocent customers you be pulled to cyber crime cell trying to get bank details blocking cod,payment_issue
i have replied dozen of times first check then reply so silly,complaint
message from rahul from social media team upon checking your order i see that issue is being handled by executive customer relations team,technical_support
can you please update over this quickly,technical_support
please revert whether you would be able to recalculate the gesture amount revert at the earliest to settle this out of court for all mishap,complaint
please do not purchase anything from amazon ad we are filling case in consumer court for such unfair practices amazonin please respond,general_question
changed your mind about something you bought have no fear replace products with ease on amazon,general_question
its a shame that siri cant be used to turn off the timer pain to do it with messy hands send to the idea file,complaint
11,technical_support
whats up with my i being replaced with some bs in my messages makes me want to throw the whole phone away,general_question
is there a way to opt out of imessage and facetime during initial setup on an iphone,technical_support
if i type letter eye it does this i,technical_support
no keyboards installed stock only,technical_support
ios 112 beta sent feedback my friend has 111 and his does the same thing,technical_support
please fix the keyboard bug that changes letter i to other characters,technical_support
110,technical_support
why does i keep showing up as symbols,technical_support
why is my phone doing this,technical_support
what do you make of this top left corner i am a us customer and i think my phone has been hacked,technical_support
wow great work love the new features on the 7 glitching apps quitting long pauses on snapchat awesome sweet keep it up,technical_support
iphone 7 plus,technical_support
its happening to a lot of my friends,technical_support
you see i lt thats a bugplease fix,technical_support
what in the world is this a when i type iyou messing with my money cant send any emails from my phone,payment_issue
seems i have a virus ive been getting these pop ups,technical_support
here is the problem,technical_support
apple why is my is coming out as question marked boxes amp pounds fix it jeezus,technical_support
why do you keep charging my card for free apps im not happy at all,complaint
1103 i just checked the update and theres a new one didnt notify me thanks,technical_support
whats with the i i i i i i i just want to write an i eye,technical_support
yayz 111 and just 2 english and emoji,technical_support
eye cant type the letter eye without it changing to a yes i reset the keyboard,technical_support
thanks the 1103 that came out the other day,technical_support
so any plans to fix all these bugs from the software updates for the iphone 7,technical_support
disabled customers deserve better and equal access to rides as able bodied customers im tired of being left out in the cold contd,general_question
so which one is right always auto message and not answering if they dont want toare they loyal,general_question
i did but can you provide the items i asked about the document spelling out what you cant have is not able to readily found,general_question
can you guys make the list of things that stop you from becoming a driver public its suspect that it cant be found simply,delivery_issue
is there an ubereats for candy delivery,delivery_issue
hello my driver is endangering my life with his costume,delivery_issue
ordered chicken nuggets and got this seems right but hey at least youll look in to it in 24 hours,general_question
my 1st experience was not good all dishes poor pic when i opened the lid 1695,general_question
ive binned all of the packaging now,general_question
i think someone forgot the gravy,general_question
thank you for the half a tin of dog food,positive_feedback
ps she still enjoyed having her groceries delivered excellent service indeed cheers,delivery_issue
mums 1st online grocery shop wanted frozen carrots but got frozen broccoli amp cauliflower instead not even close but we did giggle,general_question
i absolutely will your twitter service is incredible,general_question
massive shout out to for all of their help today with my flight situation yall are amazing,general_question
set up family premium put wrong address canceled now cant set up new account w my email address u make me pay help,payment_issue
thanks anyways just fixed it got it working,positive_feedback
my remote suddenly doesnt work i changed the batteries with new ones and still not working,technical_support
cable has been out since monday with a promise of restored service every 8 hours you suck,complaint
creditcard,general_question
you m having issues with my service,technical_support
thanks for your crap cable platform freezing and marking me miss the last 15 minuets of the flash,complaint
reference 17103401 34 ne231px,general_question
disgusting company you should be ashamed of how you treat customers you refuse compensation when due,complaint
nice chilled birthday drink at before flying to tomorrow for work,general_question
tried to check in online flying to heathrow from manchester onto jfk but unable informed to get boarding pass with carrier,general_question
you break my heart,general_question
oi where the veggi sausage rolls at,general_question
sounds like this company needs to modernise amp reinvent itself for new dietary requirements,general_question
when i asked for gluten free they had nothing,general_question
get with the programme greggs,general_question
well said on behalf of vegans everywhere,general_question
not good is it why dont you make pies amp increase your customers,general_question
who ate all the pies not me im vegan and you dont have any vegan pies,general_question
you said wait 3 months for ios 11 to fix the bug with delayed vms and sms its still happening,technical_support
watching world series and saw this ad try fixing lte in 91744 its only been 17 mths of poor service,complaint
i used my 1 jump to get the iphone x if for some reason i do not like it what is the return,general_question
do you guys have any promos on sim cards if we add a new line i heard you had 4 sim cards if we were doing the pixel promo,general_question
players are smashing s the most ever tweets are on over 1m raised tweet amp rt with all game long,general_question
spent my day calling trying to get service activated but they dont seem to want me as a customer,general_question
thanks becky with the good job,positive_feedback
when you go to for 3 boo ritos and its skimpier than your costume,general_question
its been 300 years down to the day the sanderson sisters were on the hunt for children burritos held us over,general_question
wouldnt let me purchase a tortilla on the side wheres the nearest also these handles are trash im tired,general_question
i love you,positive_feedback
3 here we come boise idaho,general_question
wouldnt be cool that as an adult we tricked amp treated at restaurants for free food i would hit up fast,general_question
can u make the line shorter,general_question
goin 2 get a 3 burrito yeah halloween,general_question
halloween is not really halloween if i dont get,general_question
came in clutch with that 3 burrito,general_question
i wish i was getting a boorito rn pls bring a chipotle to oneonta im going through withdrawal,general_question
my friend and i were gonna get booritos but i got pulled over got a ticket and cried home without a burrito,general_question
hahaha its amazing what people will do for a 3 burrito she says standing alone in line at dressed as a whoopie cushion,general_question
beavercreek oh zink rd,general_question
why is there literally one person working and like 6 people just standing around,general_question
1100 am it was only 10 mins late,delivery_issue
wolverhampton to bham new street,general_question
thanks weve now missed our connection to london euston,technical_support
today i announce my retirement from eating ive chosen to spend more time with my family and less time with my toilet,general_question
when a top notch horror story becomes a cruel tragedy,general_question
done,general_question
aye i found a fingernail clipping in my burrito im good on yall,general_question
idk my boorito was only gonna be 3 so we good now ms becky,general_question
whats your excuse today becky still no app,technical_support
orange st in redlands ca,general_question
your guys app isnt working and now im stuck in this line yall did this on purpose im livid,technical_support
uh trying to win free booritos over here help,general_question
booritos from are life,general_question
hey how do i apply for a career with virgin trains ive checked the website and theres no application available,technical_support
yes just very inconvenient all my work stuff is in there and i have to be in tomorrow thought i could relax tonight guess not,general_question
still waiting on my contact too guess today was mix up the bags day i though it was halloween,general_question
turns out someone picked up my bag and left the airport luckily they called me but i had to drive like 30 miles away to pick it up smh,general_question
seems like every time i fly w theres an issue this time they lost my bag w no explanation,technical_support
getting sick on a plane is no fun thanks to my flight attendants amp my charades champ bf for being quick amp calm,positive_feedback
loving the halloween decorations at and the free cocktail from,technical_support
your live tv feature is nowhere to be found despite my having it on my accounthelp,account_problem
is there a way to hide the non english language content i dont speak spanish the new tv tab has a lot in there each day,general_question
alright ive been watching for like 2 days straight can you switch up the commercials a bit,general_question
while were at it on appletv how about swiping up during live tv the last few channels watched be available there,technical_support
yup appletv gracias,technical_support
when watching a live program but not caught up to the live stream how do i go to live without fast forwarding forever,general_question
will it eventually be offered in my area if it doesnt already,general_question
independence mo thank you,positive_feedback
does hulu live not get nbc or something im just trying to watch,general_question
why are the last 2 episodes of will and grace season 8 missing,general_question
thank you for the list i didnt think about using my xbox,positive_feedback
hey just upgraded to the live tv subscription but my 3rd gen apple tv wont do liveor am i wrong,technical_support
a rep screwed up my order this morning and they refuse to fix it for me guess im headed to the store,general_question
i had the phone replaced last tuesday so a week,general_question
this forum post suggests that i may need my text messaging service reprovisioned,general_question
i had my iphone replaced by apple because it was defective now i cant receive sms messages from verizon numbers no one has been able to help me out hoping you can i have reset my network settings i can send sms and receive mms from verizon numbers,technical_support
i will drive that jeep on a road trip to where ever it leads me,general_question
20 garfield street saco your answer will be sorry we will send a tech to fix it then it will take you 12 days to do it,general_question
saco maine 04072 is the worst internet provider ever,complaint
do you have any idea when service in the saco maine area will be restored 04072 thanks,positive_feedback
done,payment_issue
my friend requested a payment i paid and they were charged a fee is there anyway we can revert it,payment_issue
hey paypal gifts isnt working help please,payment_issue
thanks for quick response all leds on router were green but no internet router dhcp was fine just no outside router reset resolved,technical_support
any service disruptions in 10036 router has had no internet for past hour or so,technical_support
your wonderful service wont let me watch fox so i cant watch the world series thanks,positive_feedback
yes its happening to both,technical_support
8385 download 9499 upload on wired 6181 download 5482 upload wireless,general_question
i get 100100 mbps but what i dont understand is why everything keeps buffering like i get less than a mb,general_question
youtube twitch are the main sites i have trouble with wpuld you like me to post results of the tracerts from these two websites,general_question
i sent it in a dm its too long for a tweet,general_question
can you guys stop throttling my internet i pay for some fast ass internet i shouldnt be getting buffering issues every5secs,technical_support
fios do yall care about your loyal customers do yall care when there is cont,technical_support
this a serious matter no time for jokes kb,general_question
anybody got a extra verizon phone i can borrow mines just stopped working,general_question
hey in family manager there is a email address i do not know how do i remove them from the family members,general_question
apple tv 4k at the moment not using others,technical_support
psvue is lagging out tonight keeps freezing rewinding itself etc and no its not my internet making it really hard to watch ws game,technical_support
thanks for replying importing from a folder on my desktop and yes i see them in lr after the crash,technical_support
windows 10,general_question
hi there were happy to help can you tell us more about what youre experiencing,technical_support
please help me out im having trouble,general_question
the store never gave me an error message its still sitting there thinkingworking after 2 hours,technical_support
33 windows didnt activate clicked try again and now the store is just sitting there with the thinkingworking animation,general_question
2 long story short tried to buy a new win10 key through the store got charged but store just gave a try again button and,payment_issue
your automated phone support system really needs a just let me talk to an actual person now option,general_question
thanks do you have any other suggestion,positive_feedback
would you mind if we discuss this matter via email instead,general_question
im having trouble signing in i tried to reset my password via text to my phone but i didnt receive any text any help,account_problem
yes i am using wifi date and time are correct only this game cant be download mobile store other apps are fine,technical_support
microsoft minesweeper game from microsoft store cant be installed on phone it says error 0x803fb005,technical_support
apparently yes i did the dism scan but kept on giving me the error message of couldnt find the source files,technical_support
am in a different time zone and seems like you will come online at 4pm eat in the next 30 minutes,general_question
okay let me contact them,general_question
the resolution did not work well talk tomorrow need to go sleep now thanks,complaint
so as to log back on kindly help,general_question
here is the videoits showing my pc on screen saverbut does not respond whenever i touch any keys or mouse padi have to switch off,technical_support
i have to switch it off to sleep then back on to log onkindly help,general_question
the screen saver cannot be stopped whenever i touch the mouse or any of the keys of the keyboard as it used to before,technical_support
hi ever since i updated my windows 10 recentlythe screen saver settings have been altered,technical_support
do you still offer mod discount,general_question
dell 2350 error 93101 how can i resolve it i am in afghanistan,technical_support
hi airasia just wondering why my big points are not credit in my account yet been waiting for a week now,account_problem
ill be attending this week come by and see my presentation,general_question
same whats up with this why is blacked out in northern nj,general_question
so i cant watch the on league pass because its on nba tv and i cant watch it on nbatv because im a blackout zone but i live in north jersey,general_question
i saw this in walmart and picked it up right away i love i know she wont see this but shes inspired me so much,positive_feedback
welcome to yall,technical_support
yea its a little nintendo kirby keychain lol,general_question
i got this cute lil guy today at wal mart,general_question
yes im looking for the may 27 bayou fest in new orleans,general_question
how do i get discounted tickets from ticketmaster,general_question
wells fargo is constantly putting fraud holds on my account,account_problem
still pretty annoyed screwed up my quesadilla last night,general_question
when said your refund would be in in 24 hours and 5 days and an email later and no response or refund,refund_request
quesadilla wheres the cheese let alone the rest of the contents weak,general_question
i will always stand by taco bell but they did me dirty tonight and i am truly offended,general_question
wrong items in order stale shells nacho supreme with only cheese and beans no one answers phone nonsense,general_question
your employee was very rude in the drive thru and gave us the middle finger,general_question
at least half of this has food in it guess im not going to that location amymore,general_question
pinole california,general_question
i asked no tomatoes on anything and they left them on,general_question
glassboro nj,general_question
nothing like waiting 30 minutes for getting home and realizing your order is completely wrong,general_question
thanks for the chicken quesadilla with no chicken or cheese,positive_feedback
this wasnt even cooked yall did me dirty tonight also they forgot the chips for my nachos,general_question
dear thanks for the stale hard chalupa it was super good,positive_feedback
how do i take this survey survey code missing the time is off too purchased this minutes ago wanna give the store feedback,general_question
what do yall do when a customers order is messed up but when they try to call twice nobody answers this just happened to me,technical_support
why dont you deliver,general_question
i asked for cool ranch tacos and they gave me nacho cheese tacos,general_question
seriously taco bell the 2 of these i ordered are the sloppiest mini shredded chicken quesadilla ive ever seen in my life,general_question
seriously those so called portion things yall use for your tacos need some improvements this is unacceptable,complaint
fail 12 minutes in drive thru for this this is not 3 taco supremesthis is 6 of ridiculous rest,complaint
would have been nice to get some meat with our gordita crunches,general_question
waiting 20 minutes for quesadilla at is ridiculous,complaint
every taco in a 12 pack thanks,positive_feedback
jesus could you get my order right once,general_question
so i went to and this is what i get,general_question
9008 holly rd grand blanc mi 48439 its a recurring issue,technical_support
im so tired of giving me chicken burritos with literally a half a bite of chicken in them rude,general_question
mooresville nc our entire order was full of stale shells and hard tortillas,general_question
how in the heck am i supposed to eat this,general_question
racine wi,general_question
so decided to get a potato loaded griller at taco bell today wtf is this there was like 4 potatoes its 97 tortilla,complaint
will ever get their stuff together in oneonta doubtful smdh,general_question
its always the same things will never change i always end up lonely late at night with someone elses tacos i thought you loved me,delivery_issue
its always the same you say youll change but i still end up lonely late at night with someone elses tacos i thought you loved me,delivery_issue
ordered 3 breakfast tacos wtf would you give reg soft tacos instead its not even time to serve those yet,complaint
thanks for taking 20 mins to make my order and then giving it away i now have 4 mins to eat my lunch b4 i have 2b at work,positive_feedback
why i go to last night and got cinnamon twist with damn near no cinnamon on it,general_question
worst food and service ever,complaint
dixie highway near williams lake in waterford michigan same location i tweeted at you that shorted me on nacho cheese i paid for,payment_issue
also said location did not apologize in any way for the wait ive been given cinnamon twists at other locations for saying that long,general_question
dear get your shit together im stuck in drive thru for over 20 minutes and only 5 cars in front of me,complaint
how is this a loaded potato griller this is the second time i got one with only bits in it psi pulled off 12 the shell,general_question
what the fuck is this,general_question
30 mins at the drive thru like wtf,complaint
the store in lehigh acres florida off lee blvd near walmart,general_question
what in gods name is this i ordered 2 soft tacos w extra cheese wheres the lettuce,general_question
i won a xbox one x how do i know if im a verified winner,general_question
please train your people in jonesboro ar better being very rude to me for a problem i did not cause is unacceptable,complaint
why does never make my burrito right when i order online order fresca has chz and cream when i realize down the road,general_question
dmd you other than this my order was great was just a little shocked when i looked at it shouldve noticed right away and had it fixed,positive_feedback
is it normal to not get a full cup when your order iced coffee,general_question
im seeing some people who won their xbox after me are getting shipping info should i be worried if ive not gotten anything,delivery_issue
bozeman montana,general_question
something seems wrong here,general_question
harbor city,general_question
went to taco bell last night and they forgot my two soft tacos,general_question
when you order a cheese mini quesadilla amp get a flour tortilla,general_question
went to tonight drove all the way home amp they forgot my cheesy roll up disappointed to say the least,complaint
taco bell on alexis in toledo ohio i want free tacos,general_question
yo how yall run out of ground beef,general_question
you really couldnt have put a little more material in this quesadilla i paid 4 for a single raw tortilla,payment_issue
so disappointed with the wrong freeze and my nachos consisted of about 7 broken chips and a small thing of cheese,complaint
sorry just got my tracking number,delivery_issue
thank you my xbox one x will be delivered tommrow,delivery_issue
thanks,positive_feedback
im not able to see my tracking number who can i call or speak to to get my tracking number,delivery_issue
do you know when the winners of the xbox one x will receive their systems thanks,positive_feedback
the worlds most powerful console is almost here reserve your today play it november 7,general_question
at the store on palo verde and stearns in long beach,general_question
went through the drive through in long beach and they forgot my husbands quesarito,general_question
tastes worst than it looks,complaint
please slide into my dms to hear about my shitty ass taco bell experience never been so mad,complaint
under a couple of whole chips was a pile of crumbs dont expect a 5 star meal but cmon man dont crunch the chips,general_question
ordered a cheese quesadillas and got justbread,general_question
mossbluff louisiana,general_question
needs to step up their game where is my meat and why is nothing i ordered right,general_question
you shouldnt let little things ruin your good day but im honestly really sad taco bell gave me the wrong order,general_question
another quality job by in byram ms,general_question
looks like no tomato to me,general_question
gosh what a shitty visit definitely irritated me today,complaint
wheres the rest of my food i cant even fill my tacos wsauce either cuz they ran out of all of their packets too im hungry,general_question
2025 w thomas hammond la is horrible they mess up drive through order and hang up the phone every time we call,complaint
its pretty sad you mess up my quesadilla not once not twice but three times and now im left with not melted cheese and lettuce,general_question
webb city mo its cool ill be back tacobell is life,general_question
someon at needs to reevaluate their definition of soft taco,general_question
smashed tacos stale taco shells and nothing written on my sauce packet,general_question
yall need to staff your new chicago location right 1 hour and waiting ordered 2 48 am now 3 50 am no food,general_question
i waited in line for 30 min just to have the drive thru not give me all my food so i had to get back in line and wait another 30,general_question
this was in roseville michigan not a knock on the bell just glad you guys were there serving actual food late night,delivery_issue
how are you open serving just fries drinks and dessert why be open 24hrs then line down the road,general_question
yo where my mans steak for his quesadilla we demand a refund,refund_request
what kind of crunchwrap is that,general_question
8390 nw expressway oklahoma city ok 73162 united states,general_question
i appreciate you,technical_support
step up your game lol this is bullshit,complaint
way to go im not impressed,general_question
was a horror show tonight with fighting employees and not getting all the items i paid for not living mas,payment_issue
thanks for the great customer service jennifer you did a great job for parking go jennifer tongue pix,positive_feedback
could you pls follow me so i can dm a question i got email purporting to be from godaddy but sending address looks suspect,general_question
i had replied almost as soon as you posted about the email and sent it i want to know what action has been taken on my complaint,complaint
6 different emails about the same order and none actually resolve the issue you should be quite ashamed,complaint
have already taken multiple surveys and responded on email twitter chat and phone order cancelled no action from you guys,general_question
the last email i got was the transcript of the last chat that i requested you want me to reply to that,general_question
for the third time i have no recent e mail from your social media team,general_question
submitted for the third time for the same issue,technical_support
sorry to have to say this but you all are idiots once more email completely ignoring my query and giving template reply,complaint
can someone please call me i have responded to multiple emails and surveys now without my question being addressed this is very annoying,complaint
i have written back expecting a call urgently,general_question
asm mentioned before you all are just idiots,complaint
so far i only keep getting hollow assurances that i will not face this issue again dont need assurances need the product i ordered,technical_support
i have and i have spoken to customer care again on chat,general_question
thanks i wish the same degree of concern were shown about my complaint though,positive_feedback
may i just add that realising no action has been taken on my complaint is not much fun worst customer care ever,complaint
i have asked the customer care exec on phone to cancel the order dont want to waste any more of my time on this,general_question
i am now cancelling this order because your delivery service just sucks despite prime membership switching to for future,complaint
this has been the most frustrating and useless customer service ever,complaint
after getting a confirmation that it will be delivered post 7 pm i have got an email at 1 30 in the afternoon that i was not available,delivery_issue
unable to what they promised not gave one plus 5 offer only sale product after they dont care also not return back its hopless,general_question
yes i did reach out to amazon cs via the site amp im suppose to get my package tomorrow 2nd time in the past 2 weeks this has happened,delivery_issue
why is your amzl us shipping service not show more updates online i had another package with this not delivered,delivery_issue
not your fault its the stupid great that u responded notice they didnt theyre always giving me my neighbors mail too thanks,complaint
stop using the they are a useless government entity,complaint
o livro os arquivos secretos do homem morcego simplesmente magnfico,general_question
meu beb chegou obrigado,general_question
yes spoke w customer service still canceling my prime though since it does literally nothing apparently,technical_support
yall gotta get rid of amzl and try again,general_question
yes butvthey lied told me carrier and said they would contact and call me back the never called i hsdvto make 2 additional calls,complaint
wtf called them again and again the call was dropped after 5 seconds of talking to someone this is my 4th call for product not delivered,complaint
support is sure going down hill 6 hours later and still no call and im a prime member,delivery_issue
thanks did you receive my other tweet regarding a vat receipt,positive_feedback
hi ive purchased something via your app and its broken how can i get it replaced,technical_support
amazon,general_question
im using iphone6s it is installed with ios 1103 n battery drain problem is not resolved in itwhen they resolve this issue in wht update,technical_support
my screen is broken and id like to connect in itunes in order to save my data how can i do itunes request to unlock my device,technical_support
connect to,technical_support
sent,technical_support
cran diphone cass impossible connecter sur itunes des astuces svp,technical_support
my otg adapter doesnt work on i8plus ios 111,technical_support
why does my ios update say its going to take 5 hours,technical_support
it gets stuck sideways and it will go up to previous messages and not show me the latest until i close the app and reopen,delivery_issue
and releases the best update yet 70 new emojis fuck yes but fix my imessage first kthanks,technical_support
what is happening with my phone i wrote i got and that happened,technical_support
terror del siglo xxi aydame,technical_support
thanks fixed,technical_support
been having same issue,technical_support
my iphone is not syncing and stuck on copying diagnostic information 6s latest version ios and itunes,delivery_issue
mine was still doing it after the update,technical_support
i shouldnt have updated my phone thats whats going on,technical_support
me too girl whats going on,general_question
macos sierra is taking up over 100g of my 120g ssd why does it take up that much space and can i do anything about it,technical_support
wtf is doing with my letter i,complaint
riders shouldnt have to have legally changed their names just to be addressed correctly by their uber drivers,delivery_issue
your name change policy is discriminatory against trans individuals please let me change my name in the app,complaint
i hate when my order is canceled after an hour of waiting,complaint
again i have 1492 in my balance i am trying to place an order for 13 and it says that cannot verify payment profile,payment_issue
12 guys your uber eats customer service is garbage i ordered something by mistake tried to cancel it to no,complaint
why bother ive reported many in colchester amp your company really dgaf amp it continues want it stopped then deal with the depot,general_question
even more by another inconsiderate selfish driver in colchester,delivery_issue
landed in phl on flight 2097 this afternoon and just realized i left my kindle in seat 3a how do i findclaim it,general_question
thank you,positive_feedback
my face after 4 days of not sleeping,general_question
what an awesome start to my day upgraded me so i can hangout wih hope youre all having a wonderful day,positive_feedback
thank you,positive_feedback
but a password is requested,account_problem
hi ive just received a skymiles card from amex how can i check my skymiles account using the number on the card,account_problem
why is my tv out,general_question
and i still have no service and you cant come until thursday afternoon why am i paying you,payment_issue
whats going on with the service in chicago when will it be back up cable and internet,technical_support
when checks you in for work flights dont seem so bad,complaint
then go fix my issue erikaholeman,technical_support
auto posted and reposted responses not nice this has been a long time what are you doing to do,general_question
you have been checking things out since march 2017,general_question
check my account you will see my ongoing calls and tickets,account_problem
happy monday not another reminder of a 1 bar life with yuck,technical_support
so be on the jump program at all now,general_question
be ready for your next iphone join our iphone upgrade program for free,general_question
sent dm still no commitment to better staff training and improve web alert function sad this is one of our leading airlines might be better off with jal cx etc,general_question
comment doesnt address problematic comment made by flight attendant,technical_support
problem is when you check the website compulsively and its not updated,technical_support
flght attndnt gives me us born citizen english lesson aa said will record my complaint in system do better train your staff,complaint
she has and you called her a liar,general_question
is the biggest fucking joke how are they still in business do us all a favor and teach them how to treat customers,general_question
she says she cant wait to get her wings,general_question
we even managed to find a real lapel pin she was disappointed we couldnt get aa wings though,complaint
i was 8 when i told them id be a pilot american airlines has the prettiest planes halloween 2017,general_question
amazing picture of our countries flagship carriers jets,technical_support
hm b747 spotted during world series ad,general_question
ac un te serbice sucia same price but one baggage less bogot airport staff are rude and make a real mess,general_question
that be cool bway mom but im looking for the day shes chad kimballs leading lady,general_question
no reason she cant do both,general_question
on my way to and received great service from cynthia and diane on thank you,positive_feedback
definite wireless my xbox is wired and video constantly slows and has to cache so i think that too,technical_support
its a little higher now,general_question
it appears everything is fine now this happens a lot randomly,technical_support
im paying for 75 and they were down near 30mbps when i started this,payment_issue
starting to wonder about getting 13 my speed again,general_question
we got the 3 burritos,general_question
when you dont get the boorito discount because the cashier doesnt realize youre kim possible,general_question
i just gotta big appetite,technical_support
every time i go to i gotta get my burrito double wrapped,technical_support
sho did get me my 3 bowl as a chola thanks aly,positive_feedback
so who gots some spooky deals because your girl is trying to eat good with 14,general_question
got 2 burrito bowls with guac for 642 lol thanks for having a halloween promo every year,positive_feedback
the only redeeming quality of is 3 booritos at amp wearing scrubs in public wo feeling like a tool,general_question
how u give us the wrong stuff,general_question
heck yea,general_question
trick or treat university of central missouri,general_question
can you guys come up with a loyalty system like for every 10 burritos we get 1 free,general_question
any word from your team,general_question
lutherville md,general_question
throwback to last night when our order name was plz add salad dressing and they didnt add salad dressing,general_question
aw thanks becky xx,positive_feedback
the queso from is surprisingly not good,general_question
no but would it have made a difference if i gave my sister the money and she paid instead,payment_issue
went to chipotle to get 3 bowls and got charged regular price even though my sis was wearing a costume right next to me,payment_issue
you need signs then like the ones for lemons now they are behind the counter why is it food safe for forks but not spoons and knives,general_question
thanks for the boorito why dont your stores have knives,positive_feedback
today i saw a grown ass man paint on a mustache and walk in to and ask yall still doing the burrito costume thing,general_question
grabbin our 3 boo ritos so good,general_question
i almost died with this avocado skin in my burrito chipotle wtf,complaint
i had a 3 burrito from chipotle and now i feel sick,general_question
is your mobile ordering system down,general_question
ok will do thank you,positive_feedback
git the card thank you fyi your hand writing is amazing,positive_feedback
are they supposed to charge ppl who order a vegetarian bowl 2 to put the guac on the side,general_question
thank you,positive_feedback
unicorn a flight where everyone gets a row set up camp and will hand out candy,general_question
hey my mom just got a spam email saying someone bought tix with her paypal is this a known issue,technical_support
thank you for the link applied amp approved score,complaint
as a ca resident how do i apply for your credit card and companion pass special thank you,technical_support
california halloween flight,general_question
halloween is the best day of the year skits a deck party and hanging out with gary kelly er i mean thor d,positive_feedback
now it wont even buffer all the way i cant find out what the shows on my list are because nothing will load ill call tomorrow,general_question
love hulu just wish i could watch late at night in bed im impressed that you thought to follow up with me thank you,delivery_issue
ive still cant watch it on the back tv nothing loads and cant tell which show is which my roku is 7 months old netflix works fine,general_question
ive got a older roku 2 without the new hulu version hulu works great ill called customer service waited nearly an hr got disconnected,positive_feedback
i finally got through to customer service great young man that got everything working right for me took 37 min but great service thx,positive_feedback
really dont like the new hulu upgrades says my list is empty 90 of the time and doesnt show what is one the 90 of the time,general_question
amp can yall add cinderella with please,general_question
when is going to be up i hope that what i read about it going to hulu was true,general_question
i have tried everything once again its a fitestick no issues with or now i am locked out of 9th inningpuke,technical_support
seriously to watch the world series live and this is the bs i have been dealing with,general_question
i bought it and downloaded hulu and it says cant find your account,account_problem
not sure what is happening but ur live stream service has been horrible the past week in 07080 reboot reinstall reset,complaint
yellow stone park,general_question
if you have be sure to check your phone bill since theyre charging people for 411 phone calls who really calls 411 these days,payment_issue
could of been at game 6 of the ws but of course has not fixed my issue and i never received the text or call smh thanks alot,technical_support
dont lie for twitter,complaint
bitch u a liar,general_question
amp are complete liers they force you to keep the service and wont disconnect,complaint
new customers get 25 per line unlimited right what does a loyal cust for 20 get especially when the service has been crap,complaint
how do i un get you since clearly you dont care about my internet not working,technical_support
a dm with what i dont have questions i have issues with how the company sneaks extra fees on my account,technical_support
who do yall have for internet and cable cause im done with shady billing bullshit,complaint
your android app complains about connectivity even though other apps are fine also gets stuck on empty payments page after ride,technical_support
simple solution that i couldnt figure out on site thank you for the quick responses and assistance,positive_feedback
need to change vehicle age on my acct how can i do this,general_question
thank you lyft i heart you,positive_feedback
hey there please reach out to our partnerships team at thanks,positive_feedback
does anyone know someone at lets get in that donation list,general_question
jk we back things seem okay will continue to monitor we,general_question
same issues that happened last week with and are happening again sorry they ruined our halloween fun gnite,technical_support
schnippig ist sie auch noch wird ja immer interessanter,general_question
alexa hng die wsche auf,general_question
ok ill give it a try,general_question
funny thing is i couldnt see my friend online who i asked so yeah dont know if its a server issue or something else,technical_support
didnt work you can still see me in game if im signed out of destiny 2 they cant see me on previously they wouldnt see me,general_question
quick question guys would you know why i am suddenly appearing online when i am in offline mode in destiny 2,technical_support
when you go to cn you get nothing but one show and not a live option,general_question
exactly the same problem,technical_support
that was maldon store very helpful and friendly people on the tills say,positive_feedback
thanks to for letting us bag pack today 310 towards our boat fund well done to scouts cubs and beavers for their efforts,positive_feedback
follow me so i can dm,general_question
where is my checks is it really so complicated,general_question
what uses 2 send checkbooks mules service dogs 15 workdays later and nothing fee checked fee 4 spare 1s checked,delivery_issue
cable going out during the world series seems less than a stellar performance mark 85259 maybe wanna fix that,general_question
your rep in kansas is cluelesstold me to buy a new modem i am with out service bc of the storm 2 days ago its not the modem,general_question
ive never tweeted a complainthowever when you interfere with me watching then i wilookin at you,general_question
i see that you have experience in surviving horror movies well jokes on you i survived the emoji movie the most terrifying movie ever,general_question
knock knock,general_question
could you survive a horror movie test your survival skills with our halloween movie collection on demand,general_question
hey do u ever respond to your replies on the website the instructions said to reply and i did its been a week bad customer service,complaint
it isnt same with website went to when i try to put my address it defaults to which is in chinese,general_question
your hong kong mobile site and app sucks i dont read chinese yet there isnt an obvious place to change language,complaint
dont worry it had me do an update then crash during it and make me erase all of my saved games,technical_support
every time i click on the store it crashes and tells me to try againany idea why the new update is doing this,technical_support
dont solution nothing follow same,general_question
i have a problem with my xbox one the store dont open i need solution,technical_support
solucin porfa no puedo acceder a la tienda,general_question
my company has been trying for more than a month to resolve a technical problem with email deliverability to email accounts and no one has yet had the decency to even reply to our emails,technical_support
i cant receive calls or call anybody its agent what should i do,general_question
if you have not experienced a proper worst service ever try they never disappoint you by there screw you customer behaviour and not once every time you keep calling mailing to around 20 contacts for 20 days and yo get null in response kudos,complaint
do you guys have the option to reserve a block of sequential static ip addresses,general_question
the point of money laundering is putting the money somewhere incongruous rolexes art antiques are all better than citibank,payment_issue
yes this is usually how money laundering works youre launderingthe money,payment_issue
when i have an hour to spare ill call your tech support for everything else there is,general_question
why wont your app ever let me do a partial payment on my cc its putting me in a bad place regarding my usage fix the app,complaint
is there a minimum amount you have to pay to be able to send from one bluebird account to another,payment_issue
one time password for interac etrasfers down again the last day of the month,account_problem
thanks that was easy i applied already,complaint
hi i am relocating to canada soon as a pr and was wondering abt procedures to open a bank account before arriving,payment_issue
i figured it out i just had to read the instructions in the email with the redemption code thanks,positive_feedback
how do i redeem my rocket league key that i recieved with my nvidia graphics card purchase from newegg,general_question
the o2 priority app again wants new permissions with no explanation this time its run at startup and draw over other apps please explain,technical_support
for some reason the add photo button wasnt working in the dm so ill send it here,general_question
neither of those permissions can be disabled also permissions change when updated doesnt explain why the permissions are needed,technical_support
but why they werent before also no those particular permissions can not be disabled,general_question
i see this on both my oneplus 2 and my lg nexus 5 both are running android 601 though android permissions arent device specific,general_question
again though why they werent in the previous version and theres nothing in the whats new section that correlates to the new permissions,delivery_issue
ok following,general_question
it shouldnt take over a week to give a justification for an app permission that information should be in the app description,technical_support
any progress on this,general_question
this is on my lg nexus 5 running android 601 my oneplus 2 says the same thing the app version is 2120 as shown in the screenshot,technical_support
why does the o2 priority app want to read the contents of usb storage,technical_support
any idea when this order will arrive i have a sassy brit since grocery stopped carrying his,delivery_issue
got prime wont leave package at the door rode my bike across the city to up my package,delivery_issue
ok thank you,positive_feedback
when do you guys charge for the xbox one x i preordered it ships the 6th,general_question
its not nice to upset a kid my daughter on halloween waitin for her dress it was prime and extra paid and you guys failed her,payment_issue
you have a problem in your website d,technical_support
amazonw konozamaw,general_question
here is the email conflicting answers from others in similar situations online,general_question
email notifying me about the missed call and asking me to call 1 877 243 2913 to verify purchaseis this legit,account_problem
ordered a camera shortly after received call from 206 508 4014 i didnt answer i immediately received an email from,general_question
ohh got 112 beta 1,technical_support
currently on ios 111,technical_support
buggie spotted,technical_support
thanks,technical_support
dear team after update my iphone 6 plus its hang in the apple logo screen,technical_support
i got a crazy security bug issue with ios 111,technical_support
why do i need a sim card when im joined to the wifi im only using this phone to test websites,technical_support
tudo bom todos esto com o mesmo problema e sempre com o iphone 7 o que est acontecendo,technical_support
on 1029 my bank statement shows i was charged 23 for a trip that does not show up in the uber app and that i didnt take,technical_support
filled it out but it requires a picture of the foodi dont have a picture of last nights dinneramp cant take one of a taste issue,technical_support
had a problem with my food on uber eats tonight called the restaurant and they said they dont deal with it has to be you,technical_support
fix yo damn algorithms this cant be right,general_question
im not a member i just want your drivers to be more cognizant of whats going on around them instead they just stare at their phones 12,delivery_issue
and then lunge toward the person theyre picking up without paying attention to whats going on around them v dangerous 22,payment_issue
hey and your drivers are absolutely terrible around cyclists and pedestrians plz provide training,complaint
come on you were supposed to have delivered by 5pm and our dinner is in that delivery,delivery_issue
yes i need some helpexception for a reservation can i pm you the info,general_question
got hung up on after 49 min wait for a supervisor what gives,general_question
it was on a flight from atl to nxa arrived at 3 55 local fyi go thank them i will when i get there,delivery_issue
big thanks to your employee finding my left on plane headphones amp holding until my return,positive_feedback
we are now finally about to take off flight 2576 only 2 and a half hours later is there anything you can do to make this right,delivery_issue
an hour delay from detroit to phoenix because of a computer issue that was no closer to being resolved while we boarded is not cool,technical_support
as seen from my flight,general_question
not at the community center well be back at 11 00 am est tomorrow,general_question
ive sent it in a dm i just need our wifi to work please do something,technical_support
its been 5 days of no wifi and thousands of dollars in staff time lost ill delete post when wifi works and will tweet daily till fixed,technical_support
the dc center for the lgbt community 2000 14th street nw suite 105 washington dc 20009,general_question
sorry team our wifi is still down due to ongoing problems with disappointing but well keep you posted,technical_support
i wanna redeem my free movie on my roku so i can watch in tv not phone help,general_question
i switched to with my fully paid off verizon lg g6 and cannot get data on t mobiles network any way this can be fixed,payment_issue
yeah i know im the bloke that did it whats your point,general_question
thanks jay have a great night,positive_feedback
thanks p great support is that call to reserve a phone or to check stock levels,positive_feedback
can i buy an iphone x outright in store on friday,general_question
halfterm homework,general_question
happy halloween,technical_support
in the unlikely event you bring back the old aa service not the low grade us airways level product id consider until then,general_question
hey i just matched my exp status to mvp 75k bye,complaint
help me surprise my 93 year old grandma for her birthday this weekend all i need are my change fees waived,general_question
my husband with our 1yr baby was refused a blanket cuz it was for first class only on a red eye flight,payment_issue
i just drove 35 minutes to get for 3 in my halloween costume and they had no guacamole,general_question
but i got my bowl for 325 without a costume i love yall for it,positive_feedback
yall queso is horrible get rid of it pronto,complaint
guys is doing 3 burritos for anyone in a costume,general_question
the one on ponce de leon in atlanta ga,general_question
when you dress up to go to and they turn you away at 9 40,general_question
thank you for the 3 burritos you guys rock,positive_feedback
this isnt my meal,general_question
thats actually when it starts,general_question
sure halloweekend is over but thanks to the fun continues for 3 dig those costumes out of the laundry basket,positive_feedback
when youd rather pay the extra 5 for than wait for 30 45 mins in a line full of kids on halloween,payment_issue
accomplishments so far this year scored a 300 burrito at,general_question
have some standards i just saw a girl walk into your bathroom wrap herself in toilet paper and she was given a 3 burrito,general_question
playing,general_question
got our booritos but they charged us extra for double meat the website didnt put any stipulations on what we could get,payment_issue
your san vicente location in los angeles is so rude and would not honor the boorito special you lost a customer,general_question
3 burrito,general_question
i remember last halloween my ass was working that whole day soon as i go off i went to chipotle next day i was sick asf,general_question
thanks for the quick reply but that link goes to a dead page im getting 110mbps down so dont think its a connection issue,technical_support
thanks ill give it a shot,positive_feedback
live streaming has been unwatchable for the last few weeks on demand shows stream fine but live tv just buffers on every device,general_question
hi hulu why am i getting spanish ads during english content this seems to always happen,technical_support
can i not add another device and theres not even an option to remove one device and add another been at this for 20 mins,general_question
just another world series tweet to remind you that tv is the worst,complaint
how horrible is service so horrible that its hard to keep a good signal anywhere and this message has been sending since 9 44,complaint
thanks,payment_issue
how can i contact you by email or inbox about an issue with my account,technical_support
yes its with all websites and its in games too tried restarting router but didnt work how do i show you tracerts,technical_support
but when i do a speed test this is the ping,general_question
here you go,general_question
no just a test,general_question
sure,general_question
so what do you suggest i do,general_question
yes,general_question
its also when im playing video games,general_question
yes,general_question
i dont think im even using that,general_question
i have 100100 internet package and my upload and dl speeds are fine but my ping is 200 for some reason any help,delivery_issue
hdtv xbox fios connection ive experienced this issue for yrs it always looks like the throttling issue to me eg,technical_support
amp im watching a top show amp yall r providing less than sd quality sort it out i pay you both,payment_issue
how do you preload on ps4,general_question
yeah ive tried everything nothing,general_question
already filled out one of those,general_question
no it says another system is activated and no matter what i try or anyone ive talked to has tried i cant get it back into my account,account_problem
bought a new ps4 and cant activate it no matter why i try to do,general_question
is there sign in issues cause this is all i can get and it shows everything is up and running also i have shut down my router and powered down my ps4,technical_support
the ipad is what i was looking to purchase the ad is very misleading as to what items were included in the early access sale,general_question
im trying to make a purchase with my redcard but the discount doesnt come thru can you help me,general_question
i have a ps4 and have had it in the same spot then i moved it to a different spot then moved it back and it has low signal,general_question
your customer service is also very very unhelpful ive called over 10 times and havent had an answer what kind of business are you running,positive_feedback
i signed up for a monthly membership under the impression i would be billed monthly you guys deceitfully tied me down to a yearly contract without any warnings emails or notification in general now when i go to cancel you guys charge 60 of my yearly balance terrible,complaint
hey madison how you doin good me too how i recolor things and the right panel when i click develop keeps disappearing on me,technical_support
lightroom fucking me over but at least i tried,general_question
i tried to chat amp email support but both ask you to log in first which i cant do really really frustrating so thanks for helping,account_problem
ive had ongoing account access issues w my microsoft acc all troubleshooting ask me to log in first but i cant ideas,technical_support
that link just gives me gibberish 2a0 tqo0amp 6ecipbsm j5l amp nerlt umdgt orszwm9hlt vcdgt raphmx9y,general_question
has any other windows 10 user noticed massive data when first connecting to net,general_question
what can my dialup service provider do to stop windows 10 from flooding connection,technical_support
